-- Adminer 4.17.1 MySQL 8.0.41 dump

SET NAMES utf8;
SET time_zone = '+00:00';
SET foreign_key_checks = 0;
SET sql_mode = 'NO_AUTO_VALUE_ON_ZERO';

DROP TABLE IF EXISTS `SequelizeMeta`;
CREATE TABLE `SequelizeMeta` (
  `name` varchar(255) CHARACTER SET utf8mb3 COLLATE utf8mb3_unicode_ci NOT NULL,
  PRIMARY KEY (`name`),
  UNIQUE KEY `name` (`name`)
) ENGINE=InnoDB DEFAULT CHARSET=utf8mb3 COLLATE=utf8mb3_unicode_ci;

INSERT INTO `SequelizeMeta` (`name`) VALUES
('20241029150337-create-users.js'),
('20241029152527-create-contact-us.js'),
('20241029154219-create-roles.js'),
('20241029154704-create-user-roles.js'),
('20241030021735-create-members.js'),
('20241030022736-create-login-attempts.js'),
('20241030023700-create-categories.js'),
('20241030023708-create-products.js'),
('20241030024607-create-product-images.js'),
('20241030024813-create-product-attributes.js'),
('20241030025646-create-product-inventories.js'),
('20241105080536-create-contact-us-email-logs.js'),
('20241119083024-add-reset-token-to-users.js'),
('20241119083140-add-token-expires-at-to-users.js'),
('20241129025156-add-type-to-categories.js'),
('20241129030431-create-tags.js'),
('20241210063844-add-code-to-categories.js'),
('20241210064542-add-status-to-categories.js'),
('20241212060915-add-description-to-categories.js'),
('20241213082852-create-brands.js'),
('20241213083756-create-ips.js'),
('20241216084523-add-brand-id-to-products.js'),
('20241216085047-add-ips-id-to-products.js'),
('20241216085747-add-min-order-quantity-to-products.js'),
('20241216085800-add-max-order-quantity-to-products.js'),
('20241216091024-add-specification-to-products.js'),
('20241216091415-add-purpose-to-products.js'),
('20241216091947-add-sampling-time-to-products.js'),
('20241216092615-add-sampling-fee-to-products.js'),
('20241217035517-add-sorting-to-categories.js'),
('20241217040836-create-product-categories.js'),
('20241217050759-add-image-type-to-product-images.js'),
('20241217051248-add-image-url-to-product-images.js'),
('20241218034953-create-product-colors.js'),
('20241218061920-create-product-specifications.js'),
('20241219035657-add-template-dimensions-products.js'),
('20241220022511-create-quantity-discounts.js'),
('20241221082748-add-nav-file-name-to-product-colors.js'),
('20241221083000-add-nav-image-url-to-product-colors.js'),
('20241226044457-add-file-path-product-images.js'),
('20250107035457-create-product-quantity-ranges.js'),
('20250120165114-add-group-sort-to-categories.js'),
('20250122021000-add-last-name-to-members.js'),
('20250122022157-add-first-name-to-members.js'),
('20250122025906-create-verification-codes.js'),
('20250124042735-add-is-expired-to-verification-codes.js'),
('20250124072357-create-companies.js'),
('20250124074001-create-member-companies.js'),
('20250203050551-create-member-logos.js'),
('20250213081717-create-member-logo-colors.js'),
('20250226173542-add-review-status-to-member-logos.js'),
('20250303020959-create-company-sizes.js'),
('20250303021355-create-industries.js'),
('20250303041109-add-industry-id-to-companies.js'),
('20250303041428-add-company-size-id-to-companies.js'),
('20250303081727-add-dimension-points-to-products.js'),
('20250310015033-create-product-editable-areas.js'),
('20250310015848-create-product-area-images.js'),
('20250310023607-create-product-area-template-images.js'),
('20250311011507-add-template-dimensions-to-product-editable-areas.js'),
('20250311011723-add-dimension-points-to-product-editable-areas.js'),
('20250317093350-add-discount-price-to-quantity-discounts.js'),
('20250317152201-add-sorting-to-products.js'),
('20250318035046-create-member-designs.js'),
('20250318042859-create-member-design-logos.js'),
('20250418080910-create-orders.js'),
('20250418082251-create-order-items.js'),
('20250418082617-create-order-item-images.js');

SET NAMES utf8mb4;

DROP TABLE IF EXISTS `brands`;
CREATE TABLE `brands` (
  `id` int NOT NULL AUTO_INCREMENT,
  `name` varchar(100) CHARACTER SET utf8mb4 COLLATE utf8mb4_unicode_ci NOT NULL COMMENT '名稱',
  `description` text CHARACTER SET utf8mb4 COLLATE utf8mb4_unicode_ci COMMENT '描述',
  `created_at` datetime NOT NULL DEFAULT CURRENT_TIMESTAMP COMMENT '建立時間',
  `updated_at` datetime DEFAULT CURRENT_TIMESTAMP ON UPDATE CURRENT_TIMESTAMP COMMENT '修改時間',
  PRIMARY KEY (`id`)
) ENGINE=InnoDB DEFAULT CHARSET=utf8mb4 COLLATE=utf8mb4_unicode_ci COMMENT='品牌';


DROP TABLE IF EXISTS `categories`;
CREATE TABLE `categories` (
  `id` int NOT NULL AUTO_INCREMENT,
  `name` varchar(100) CHARACTER SET utf8mb4 COLLATE utf8mb4_unicode_ci NOT NULL COMMENT '名稱',
  `parent_id` int DEFAULT NULL COMMENT '父類別ID',
  `created_at` datetime NOT NULL DEFAULT CURRENT_TIMESTAMP COMMENT '建立時間',
  `updated_at` datetime DEFAULT CURRENT_TIMESTAMP ON UPDATE CURRENT_TIMESTAMP COMMENT '修改時間',
  `type` enum('article','product','member') CHARACTER SET utf8mb4 COLLATE utf8mb4_unicode_ci NOT NULL COMMENT '類別種類',
  `code` varchar(20) CHARACTER SET utf8mb4 COLLATE utf8mb4_unicode_ci DEFAULT NULL COMMENT '編號',
  `status` tinyint(1) NOT NULL DEFAULT '1' COMMENT '啟用狀態',
  `description` text CHARACTER SET utf8mb4 COLLATE utf8mb4_unicode_ci COMMENT '描述',
  `sorting` int NOT NULL DEFAULT '1' COMMENT '排序編號',
  `group_sort` int NOT NULL DEFAULT '1' COMMENT '群組編號',
  PRIMARY KEY (`id`),
  KEY `categories_parent_id` (`parent_id`),
  CONSTRAINT `categories_ibfk_1` FOREIGN KEY (`parent_id`) REFERENCES `categories` (`id`) ON DELETE SET NULL
) ENGINE=InnoDB DEFAULT CHARSET=utf8mb4 COLLATE=utf8mb4_unicode_ci COMMENT='類別';

INSERT INTO `categories` (`id`, `name`, `parent_id`, `created_at`, `updated_at`, `type`, `code`, `status`, `description`, `sorting`, `group_sort`) VALUES
(17,	'聯名IP',	NULL,	'2024-12-17 01:58:16',	'2025-01-17 17:27:40',	'product',	'C0001',	1,	NULL,	1,	1),
(18,	'迪士尼',	17,	'2024-12-17 01:59:46',	'2025-01-17 17:27:40',	'product',	'C0001-0001',	1,	NULL,	1,	1),
(19,	'寶可夢',	17,	'2024-12-17 02:01:08',	'2025-01-17 09:28:47',	'product',	'C0001-0005',	1,	NULL,	2,	1),
(20,	'小熊維尼',	17,	'2024-12-17 02:01:56',	'2025-01-17 09:28:51',	'product',	'C0001-0005',	1,	NULL,	3,	1),
(21,	'皮克斯',	17,	'2024-12-17 02:02:31',	'2025-01-17 09:28:57',	'product',	'C0001-0005',	1,	NULL,	4,	1),
(22,	'品牌商品',	NULL,	'2024-12-17 02:03:30',	'2025-01-17 09:28:35',	'product',	'C0004',	1,	NULL,	2,	1),
(23,	'Nike',	22,	'2024-12-17 02:06:25',	'2025-01-17 17:29:22',	'product',	'C0004-0001',	1,	NULL,	1,	1),
(24,	'adidas',	22,	'2024-12-17 02:06:56',	'2025-01-17 09:29:50',	'product',	'C0004-0004',	1,	NULL,	2,	1),
(25,	'PUMA',	22,	'2024-12-17 02:07:13',	'2025-01-17 09:29:57',	'product',	'C0004-0004',	1,	NULL,	3,	1),
(38,	'文具用品',	NULL,	'2025-01-17 09:28:08',	'2025-05-07 00:45:14',	'product',	'C0005',	1,	NULL,	4,	4),
(39,	'筆',	38,	'2025-01-17 09:28:23',	'2025-05-07 00:45:14',	'product',	'C0005-0003',	1,	NULL,	1,	4),
(40,	'筆記本',	38,	'2025-01-21 02:49:14',	'2025-05-07 00:45:14',	'product',	'C0005-0004',	1,	NULL,	2,	4),
(41,	'衛浴用品',	NULL,	'2025-01-21 17:38:50',	'2025-01-21 17:38:50',	'product',	'C0006',	1,	NULL,	1,	1),
(42,	'居家用品',	NULL,	'2025-01-22 17:29:26',	'2025-01-22 17:30:18',	'product',	'C0007',	1,	NULL,	1,	1),
(44,	'服飾配件',	NULL,	'2025-01-22 17:30:24',	'2025-05-07 00:48:58',	'product',	'C0009',	1,	NULL,	1,	1),
(45,	'雨具',	NULL,	'2025-01-22 17:30:36',	'2025-04-29 23:18:15',	'product',	'C0010',	0,	NULL,	1,	1),
(46,	'筆筒',	38,	'2025-01-23 10:33:08',	'2025-05-07 00:45:14',	'product',	'C0005-0005',	1,	NULL,	1,	4),
(49,	'旅行用品',	NULL,	'2025-05-07 00:43:38',	'2025-05-07 00:43:38',	'product',	'C0011',	1,	NULL,	1,	1),
(50,	'廚房用品',	NULL,	'2025-05-07 00:45:45',	'2025-05-07 00:45:45',	'product',	'C0012',	1,	NULL,	1,	1);

DROP TABLE IF EXISTS `companies`;
CREATE TABLE `companies` (
  `id` int NOT NULL AUTO_INCREMENT,
  `name` varchar(255) CHARACTER SET utf8mb4 COLLATE utf8mb4_unicode_ci NOT NULL COMMENT '公司名稱',
  `registration_number` varchar(50) CHARACTER SET utf8mb4 COLLATE utf8mb4_unicode_ci DEFAULT NULL COMMENT '統一編號',
  `address` varchar(255) CHARACTER SET utf8mb4 COLLATE utf8mb4_unicode_ci DEFAULT NULL COMMENT '公司地址',
  `phone` varchar(255) CHARACTER SET utf8mb4 COLLATE utf8mb4_unicode_ci DEFAULT NULL COMMENT '公司電話',
  `created_at` datetime NOT NULL DEFAULT CURRENT_TIMESTAMP COMMENT '建立時間',
  `updated_at` datetime DEFAULT CURRENT_TIMESTAMP ON UPDATE CURRENT_TIMESTAMP COMMENT '修改時間',
  `industry_id` int DEFAULT NULL COMMENT '產業別ID',
  `company_size_id` int DEFAULT NULL COMMENT '公司規模ID',
  PRIMARY KEY (`id`),
  KEY `companies_industry_id_foreign_idx` (`industry_id`),
  KEY `companies_company_size_id_foreign_idx` (`company_size_id`),
  CONSTRAINT `companies_company_size_id_foreign_idx` FOREIGN KEY (`company_size_id`) REFERENCES `company_sizes` (`id`) ON DELETE SET NULL,
  CONSTRAINT `companies_industry_id_foreign_idx` FOREIGN KEY (`industry_id`) REFERENCES `industries` (`id`) ON DELETE SET NULL
) ENGINE=InnoDB DEFAULT CHARSET=utf8mb4 COLLATE=utf8mb4_unicode_ci COMMENT='公司';

INSERT INTO `companies` (`id`, `name`, `registration_number`, `address`, `phone`, `created_at`, `updated_at`, `industry_id`, `company_size_id`) VALUES
(1,	'inslap',	'12345678',	NULL,	'0212345678',	'2025-02-03 10:10:06',	'2025-02-11 05:31:10',	NULL,	NULL),
(2,	'inslap',	NULL,	NULL,	'0212345678',	'2025-02-11 06:50:43',	'2025-02-20 16:04:44',	NULL,	NULL),
(6,	'名稱',	'53778177',	NULL,	'0978579280',	'2025-02-20 16:25:08',	'2025-02-21 17:47:23',	NULL,	NULL),
(7,	'千煦設計',	'88723190',	NULL,	'0912345678',	'2025-02-24 21:14:56',	'2025-02-24 21:14:56',	NULL,	NULL),
(8,	'fable',	'53778177',	NULL,	'0912324354',	'2025-03-11 15:04:40',	'2025-03-14 11:19:41',	NULL,	NULL),
(9,	'APPX',	NULL,	NULL,	'123123',	'2025-03-20 16:46:07',	'2025-03-20 16:46:07',	NULL,	NULL),
(10,	'appx',	NULL,	NULL,	'appx',	'2025-03-20 17:38:04',	'2025-03-20 17:38:04',	NULL,	NULL),
(11,	'111',	NULL,	NULL,	NULL,	'2025-03-24 14:14:34',	'2025-03-24 14:14:34',	NULL,	NULL),
(15,	'Fable',	NULL,	NULL,	NULL,	'2025-04-25 11:41:32',	'2025-04-25 11:41:32',	NULL,	NULL),
(16,	'Fable',	NULL,	NULL,	NULL,	'2025-04-30 09:14:20',	'2025-04-30 09:14:20',	NULL,	NULL),
(17,	'fable',	'53778177',	NULL,	'25123456',	'2025-05-02 11:25:05',	'2025-05-02 11:26:13',	NULL,	NULL),
(18,	'恩璽商貿股份有限公司',	NULL,	NULL,	'0277179125',	'2025-05-03 16:43:43',	'2025-05-03 16:43:43',	NULL,	NULL),
(19,	'Super Micro Computer. Inc,',	NULL,	NULL,	NULL,	'2025-05-05 20:33:44',	'2025-05-05 20:33:44',	NULL,	NULL),
(20,	'因子數據股份有限公司',	NULL,	NULL,	NULL,	'2025-05-05 20:38:20',	'2025-05-05 20:38:20',	NULL,	NULL),
(21,	'Ark Solar ',	NULL,	NULL,	NULL,	'2025-05-05 20:40:50',	'2025-05-05 20:40:50',	NULL,	NULL),
(22,	'星宴國際開發股份有限公司',	NULL,	NULL,	'27123339',	'2025-05-05 20:57:41',	'2025-05-05 20:57:41',	NULL,	NULL),
(23,	'Interactive Solutions Inc',	NULL,	NULL,	NULL,	'2025-05-05 21:04:47',	'2025-05-05 21:04:47',	NULL,	NULL),
(24,	'達運光電',	NULL,	NULL,	NULL,	'2025-05-05 21:30:49',	'2025-05-05 21:30:49',	NULL,	NULL),
(25,	'恩璽商貿股份有限公司',	NULL,	NULL,	NULL,	'2025-05-05 22:16:17',	'2025-05-05 22:16:17',	NULL,	NULL),
(26,	'恩璽商貿股份有限公司',	NULL,	NULL,	NULL,	'2025-05-05 22:16:18',	'2025-05-05 22:16:18',	NULL,	NULL),
(27,	'麥絲瑪拉台灣零售股份有限公司',	NULL,	NULL,	'0287263939',	'2025-05-05 22:16:31',	'2025-05-05 22:16:31',	NULL,	NULL),
(28,	'安悅建設',	NULL,	NULL,	NULL,	'2025-05-06 03:54:10',	'2025-05-06 03:54:10',	NULL,	NULL),
(29,	'旭昇科技有限公司',	NULL,	NULL,	'0928853815',	'2025-05-06 11:05:29',	'2025-05-06 11:05:29',	NULL,	NULL),
(30,	'達運光電股份有限公司',	NULL,	NULL,	NULL,	'2025-05-06 11:21:16',	'2025-05-06 11:21:16',	NULL,	NULL),
(31,	'肯特貿易有限公司',	NULL,	NULL,	'0227730819',	'2025-05-06 11:23:28',	'2025-05-06 11:23:28',	NULL,	NULL),
(32,	'Super Micro Computer, Inc.',	NULL,	NULL,	NULL,	'2025-05-06 11:25:28',	'2025-05-06 11:25:28',	NULL,	NULL),
(33,	'康和證卷',	NULL,	NULL,	'0287871888',	'2025-05-06 11:36:29',	'2025-05-06 11:36:29',	NULL,	NULL),
(34,	'金銀形象永續策略有限公司',	NULL,	NULL,	'0989364732',	'2025-05-06 11:58:26',	'2025-05-06 11:58:26',	NULL,	NULL),
(35,	'830lab',	NULL,	NULL,	NULL,	'2025-05-06 12:07:48',	'2025-05-06 12:07:48',	NULL,	NULL),
(36,	'Fabridge',	NULL,	NULL,	NULL,	'2025-05-06 12:09:30',	'2025-05-06 12:09:30',	NULL,	NULL),
(37,	'侏羅紀股份有限公司',	NULL,	NULL,	'03-2228300',	'2025-05-06 12:16:35',	'2025-05-06 12:16:35',	NULL,	NULL),
(38,	'實踐大學',	NULL,	NULL,	'0972708667',	'2025-05-06 13:15:36',	'2025-05-06 13:15:36',	NULL,	NULL),
(39,	'敦陽科技股份有限公司',	NULL,	NULL,	'0978013020',	'2025-05-06 15:09:15',	'2025-05-06 15:09:15',	NULL,	NULL),
(40,	'ACI communications ',	NULL,	NULL,	NULL,	'2025-05-06 15:39:50',	'2025-05-06 15:39:50',	NULL,	NULL),
(41,	'蒔雨雲山有限公司',	NULL,	NULL,	NULL,	'2025-05-06 15:58:03',	'2025-05-06 15:58:03',	NULL,	NULL),
(42,	'台北金融大樓股份有限公司',	NULL,	NULL,	'0281018741',	'2025-05-08 10:36:46',	'2025-05-08 10:36:46',	NULL,	NULL),
(43,	'好動動畫有限公司',	NULL,	NULL,	NULL,	'2025-05-08 12:34:13',	'2025-05-08 12:34:13',	NULL,	NULL),
(44,	'馥之美診所',	NULL,	NULL,	NULL,	'2025-05-08 16:23:26',	'2025-05-08 16:23:26',	NULL,	NULL),
(45,	'肯薆創意飾品工作室',	NULL,	NULL,	'0933909055',	'2025-05-09 06:44:10',	'2025-05-09 06:44:10',	NULL,	NULL),
(46,	'宏恩印刷事業有限公司',	NULL,	NULL,	'8221-2679',	'2025-05-09 07:32:10',	'2025-05-09 07:32:10',	NULL,	NULL),
(47,	'每事有限公司',	NULL,	NULL,	NULL,	'2025-05-09 10:17:01',	'2025-05-09 10:17:01',	NULL,	NULL),
(48,	'宏升有限公司',	NULL,	NULL,	'0916176641',	'2025-05-09 10:29:02',	'2025-05-09 10:29:02',	NULL,	NULL),
(49,	'星汎淨水科技有限公司',	NULL,	NULL,	'2297-1789',	'2025-05-09 11:02:39',	'2025-05-09 11:02:39',	NULL,	NULL),
(50,	'富邦金控創投',	NULL,	NULL,	'0266069088',	'2025-05-09 14:56:02',	'2025-05-09 14:56:02',	NULL,	NULL),
(51,	'加雲聯網股份有限公司',	NULL,	NULL,	'0980456763',	'2025-05-12 11:02:02',	'2025-05-12 11:02:02',	NULL,	NULL),
(52,	'我們的藝術文化有限公司',	NULL,	NULL,	'0933893189',	'2025-05-13 10:47:07',	'2025-05-13 10:47:07',	NULL,	NULL),
(53,	'真鐵設計股份有限公司',	NULL,	NULL,	'27951089',	'2025-05-13 15:59:16',	'2025-05-13 15:59:16',	NULL,	NULL),
(54,	'SMS GROUP',	NULL,	NULL,	'0226595666',	'2025-05-13 16:06:36',	'2025-05-13 16:06:36',	NULL,	NULL),
(55,	'國家運動訓練中心 ',	NULL,	NULL,	'07-5861079',	'2025-05-14 13:25:37',	'2025-05-14 13:25:37',	NULL,	NULL);

DROP TABLE IF EXISTS `company_sizes`;
CREATE TABLE `company_sizes` (
  `id` int NOT NULL AUTO_INCREMENT,
  `name` varchar(50) CHARACTER SET utf8mb4 COLLATE utf8mb4_unicode_ci NOT NULL COMMENT '名稱',
  `created_at` datetime NOT NULL DEFAULT CURRENT_TIMESTAMP COMMENT '建立時間',
  `updated_at` datetime DEFAULT CURRENT_TIMESTAMP ON UPDATE CURRENT_TIMESTAMP COMMENT '修改時間',
  PRIMARY KEY (`id`)
) ENGINE=InnoDB DEFAULT CHARSET=utf8mb4 COLLATE=utf8mb4_unicode_ci COMMENT='公司規模';


DROP TABLE IF EXISTS `contact_us`;
CREATE TABLE `contact_us` (
  `id` int NOT NULL AUTO_INCREMENT,
  `user_id` int DEFAULT NULL COMMENT '使用者ID',
  `name` varchar(100) CHARACTER SET utf8mb4 COLLATE utf8mb4_unicode_ci NOT NULL COMMENT '用戶姓名',
  `email` varchar(255) CHARACTER SET utf8mb4 COLLATE utf8mb4_unicode_ci DEFAULT NULL COMMENT '用戶的電子郵件',
  `phone` varchar(20) CHARACTER SET utf8mb4 COLLATE utf8mb4_unicode_ci DEFAULT NULL COMMENT '用戶的聯絡電話',
  `request_type` enum('subscribe','join','contact','become_partner') CHARACTER SET utf8mb4 COLLATE utf8mb4_unicode_ci NOT NULL DEFAULT 'contact' COMMENT '用戶需求類型(subscribe: 訂閱我們; join: 加入我們; contact: 聯絡我們; become_partner: 成為廠商)',
  `subject` varchar(255) CHARACTER SET utf8mb4 COLLATE utf8mb4_unicode_ci DEFAULT NULL COMMENT '訊息主題',
  `message` text CHARACTER SET utf8mb4 COLLATE utf8mb4_unicode_ci COMMENT '訊息內容',
  `status` enum('pending','in_progress','resolved','closed') CHARACTER SET utf8mb4 COLLATE utf8mb4_unicode_ci NOT NULL DEFAULT 'pending' COMMENT '處理狀態(pending: 待處理; in_progress: 聯繫中; resolved: 已完成; closed: 結束)',
  `resolved_at` datetime DEFAULT NULL COMMENT '完成時間',
  `response` text CHARACTER SET utf8mb4 COLLATE utf8mb4_unicode_ci COMMENT '回覆內容',
  `created_at` datetime NOT NULL DEFAULT CURRENT_TIMESTAMP COMMENT '建立時間',
  `updated_at` datetime DEFAULT NULL COMMENT '修改時間',
  `handled_by` int DEFAULT NULL COMMENT '處理該訊息的使用者ID',
  PRIMARY KEY (`id`),
  KEY `contact_us_user_id` (`user_id`),
  KEY `contact_us_handled_by` (`handled_by`),
  CONSTRAINT `contact_us_ibfk_1` FOREIGN KEY (`user_id`) REFERENCES `users` (`id`) ON DELETE CASCADE,
  CONSTRAINT `contact_us_ibfk_2` FOREIGN KEY (`handled_by`) REFERENCES `users` (`id`) ON DELETE SET NULL
) ENGINE=InnoDB DEFAULT CHARSET=utf8mb4 COLLATE=utf8mb4_unicode_ci COMMENT='聯絡我們';

INSERT INTO `contact_us` (`id`, `user_id`, `name`, `email`, `phone`, `request_type`, `subject`, `message`, `status`, `resolved_at`, `response`, `created_at`, `updated_at`, `handled_by`) VALUES
(8,	NULL,	'John Doe',	'john.doe@example.com',	'0912345678',	'subscribe',	NULL,	'訊息內容...',	'pending',	'2024-01-01 01:00:00',	'回覆內容...',	'2024-11-22 08:15:43',	'2024-11-22 08:15:43',	NULL),
(9,	NULL,	'test',	'john.doe@example.com',	'0912345678',	'contact',	NULL,	'test',	'pending',	NULL,	NULL,	'2024-11-22 08:33:58',	'2024-11-22 08:33:58',	NULL),
(10,	NULL,	'test',	'john.doe@example.com',	'0912345678',	'contact',	NULL,	'test',	'pending',	NULL,	NULL,	'2024-11-22 09:00:15',	'2024-11-22 09:00:15',	NULL),
(11,	NULL,	'vivant',	'yahoo@gmail.com',	'091234567',	'contact',	NULL,	'tt',	'pending',	NULL,	NULL,	'2024-11-22 09:56:12',	'2024-11-22 09:56:12',	NULL),
(12,	NULL,	'tt',	'yahoo@gmail.com',	'091234444',	'become_partner',	NULL,	'd',	'pending',	NULL,	NULL,	'2024-11-22 09:57:37',	'2024-11-22 09:57:37',	NULL),
(13,	NULL,	'f',	'ddd0@gmail.com',	'0912345678',	'join',	NULL,	'dd',	'resolved',	'2024-11-25 04:00:00',	NULL,	'2024-11-22 09:58:17',	'2024-11-25 04:00:08',	NULL),
(14,	NULL,	'John Doe',	'john.doe@example.com',	'0912345678',	'subscribe',	NULL,	'訊息內容...',	'pending',	'2024-01-01 01:00:00',	'回覆內容...',	'2024-11-25 03:08:56',	'2024-11-25 03:08:56',	NULL),
(15,	NULL,	'John Doe',	'game683001@example.com',	NULL,	'subscribe',	NULL,	NULL,	'pending',	NULL,	NULL,	'2024-11-25 04:06:13',	'2024-11-25 04:06:13',	NULL),
(16,	NULL,	'John Doe',	'game683001@gmail.com',	NULL,	'subscribe',	NULL,	NULL,	'pending',	NULL,	NULL,	'2024-11-25 04:06:45',	'2024-11-25 04:06:45',	NULL),
(17,	NULL,	'vivant',	'admin@test.com',	NULL,	'subscribe',	NULL,	NULL,	'pending',	NULL,	NULL,	'2024-11-25 05:24:29',	'2024-11-25 05:24:29',	NULL),
(18,	NULL,	'sa',	'acs@dsad.com',	'0988222333',	'join',	NULL,	'sadasd',	'pending',	NULL,	NULL,	'2024-11-25 05:42:05',	'2024-11-25 05:42:05',	NULL),
(19,	NULL,	'John Doe',	'game683001@gmail.com',	NULL,	'subscribe',	NULL,	NULL,	'pending',	NULL,	NULL,	'2024-11-25 08:41:02',	'2024-11-25 08:41:02',	NULL),
(20,	NULL,	'vdvdv',	'okvvok@csd.com.tw',	NULL,	'subscribe',	NULL,	NULL,	'pending',	NULL,	NULL,	'2024-11-25 08:57:22',	'2024-11-25 08:57:22',	NULL),
(21,	NULL,	'vivant',	'hello@admin.com',	NULL,	'subscribe',	NULL,	NULL,	'pending',	NULL,	NULL,	'2024-11-25 09:06:34',	'2024-11-25 09:06:34',	NULL),
(22,	NULL,	'vivant',	'hello@admin.com',	NULL,	'subscribe',	NULL,	NULL,	'pending',	NULL,	NULL,	'2024-11-25 09:06:34',	'2024-11-25 09:06:34',	NULL),
(23,	NULL,	'test1',	'admtein@test.com',	NULL,	'contact',	NULL,	'dfef',	'pending',	NULL,	NULL,	'2024-11-25 09:12:59',	'2024-11-25 09:12:59',	NULL),
(24,	NULL,	'dfgsda',	'0@gmail.com',	NULL,	'join',	NULL,	'k',	'pending',	NULL,	NULL,	'2024-11-25 09:13:56',	'2024-11-25 09:13:56',	NULL),
(25,	NULL,	'test2',	'admin@test.com',	'0912345678',	'become_partner',	NULL,	'成為廠商',	'pending',	NULL,	NULL,	'2024-11-25 09:14:48',	'2024-11-25 09:14:48',	NULL),
(26,	NULL,	'vivant',	'hello@admin.com',	NULL,	'subscribe',	NULL,	NULL,	'pending',	NULL,	NULL,	'2024-11-25 09:16:27',	'2024-11-25 09:16:27',	NULL),
(27,	NULL,	'vivant',	'hello@admin.com',	NULL,	'subscribe',	NULL,	NULL,	'pending',	NULL,	NULL,	'2024-11-25 09:16:27',	'2024-11-25 09:16:27',	NULL),
(28,	NULL,	'vivant',	'test@test.com',	NULL,	'subscribe',	NULL,	NULL,	'pending',	NULL,	NULL,	'2024-11-25 09:16:54',	'2024-11-25 09:16:54',	NULL),
(29,	NULL,	'vivant',	'test@test.com',	NULL,	'subscribe',	NULL,	NULL,	'pending',	NULL,	NULL,	'2024-11-25 09:16:54',	'2024-11-25 09:16:54',	NULL),
(30,	NULL,	'vivant',	'hello@admin.com',	NULL,	'subscribe',	NULL,	NULL,	'pending',	NULL,	NULL,	'2024-11-25 09:19:05',	'2024-11-25 09:19:05',	NULL),
(31,	NULL,	'vivant',	'hello@admin.com',	NULL,	'subscribe',	NULL,	NULL,	'pending',	NULL,	NULL,	'2024-11-25 09:19:05',	'2024-11-25 09:19:05',	NULL),
(32,	NULL,	'Tina',	'hello@admin.com',	NULL,	'subscribe',	NULL,	NULL,	'pending',	NULL,	NULL,	'2024-11-25 09:21:55',	'2024-11-25 09:21:55',	NULL),
(33,	NULL,	'Kiki',	'kiki.chen@fable.com.tw',	NULL,	'subscribe',	NULL,	NULL,	'pending',	NULL,	NULL,	'2024-11-25 09:28:47',	'2024-11-25 09:28:47',	NULL),
(34,	NULL,	'kiki chen',	'kiki.chen@fable.com.tw',	'0973456789',	'contact',	NULL,	'testing',	'resolved',	'2024-11-25 09:43:00',	'11/25 已電聯，無需 follow up',	'2024-11-25 09:29:06',	'2024-11-25 09:43:33',	NULL),
(35,	NULL,	'kikitest',	'kiki.chen@fable.com.tw',	'0912345678',	'join',	NULL,	'Hi，想了解更多產品資訊',	'pending',	NULL,	NULL,	'2024-11-25 09:37:58',	'2024-11-25 09:37:58',	NULL),
(36,	NULL,	'陳',	'kiki.chen@fable.com.tw',	'0947586345',	'become_partner',	NULL,	'Hi 想與貴公司合作',	'pending',	NULL,	NULL,	'2024-11-25 09:38:45',	'2024-11-25 09:38:45',	NULL),
(37,	NULL,	'John Doe',	'game683001@gmail.com',	NULL,	'subscribe',	NULL,	NULL,	'pending',	NULL,	NULL,	'2024-11-25 09:55:05',	'2024-11-25 09:55:05',	NULL),
(38,	NULL,	'John Doe',	'game683001@gmail.com',	'0912345678',	'subscribe',	NULL,	'訊息內容...',	'pending',	'2024-01-01 01:00:00',	'回覆內容...',	'2024-11-25 10:28:09',	'2024-11-25 10:28:09',	NULL),
(39,	NULL,	'John Doe',	'game683001@gmail.com',	'0912345678',	'join',	NULL,	'訊息內容...',	'pending',	'2024-01-01 01:00:00',	'回覆內容...',	'2024-11-25 10:28:35',	'2024-11-25 10:28:35',	NULL),
(40,	NULL,	'Newt',	'game683001@gmail.com',	'0912345678',	'join',	NULL,	'想暸解',	'pending',	NULL,	NULL,	'2024-11-25 10:31:39',	'2024-11-25 10:31:39',	NULL),
(41,	NULL,	'陳',	'kiki.chen@fable.com.tw',	'0912344567',	'join',	NULL,	'想加入貴公司',	'closed',	NULL,	NULL,	'2024-11-25 10:44:48',	'2025-05-02 11:12:41',	NULL),
(42,	NULL,	'陳祐琦',	'kiki.chen@fable.com.tw',	'0947567847',	'become_partner',	NULL,	'Let\'s partner up!',	'pending',	NULL,	NULL,	'2024-11-25 10:45:21',	'2024-11-25 10:45:21',	NULL),
(43,	NULL,	'Kikitesting',	'kiki.chen@fable.com.tw',	'0934546746',	'contact',	NULL,	'請問還有賣X商品嗎',	'resolved',	'2025-05-02 11:12:00',	NULL,	'2024-11-25 10:45:55',	'2025-05-02 11:12:31',	NULL),
(44,	NULL,	'vivant2',	'0@gmail.com',	'022112211',	'contact',	NULL,	'test',	'pending',	NULL,	NULL,	'2024-11-27 03:55:58',	'2024-11-27 03:55:58',	NULL),
(45,	NULL,	'倪嘉昇',	'jasonni@ncitrading.com.tw',	NULL,	'subscribe',	NULL,	NULL,	'pending',	NULL,	NULL,	'2024-11-28 16:06:02',	'2024-11-28 16:06:02',	NULL),
(46,	NULL,	'Kiki',	'kiki.chen@fable.com.tw',	NULL,	'subscribe',	NULL,	NULL,	'pending',	NULL,	NULL,	'2024-12-05 09:25:22',	'2024-12-05 09:25:22',	NULL),
(47,	NULL,	'Test ',	'kiki.chen@fable.com.tw',	NULL,	'subscribe',	NULL,	NULL,	'pending',	NULL,	NULL,	'2024-12-06 07:21:36',	'2024-12-06 07:21:36',	NULL),
(48,	NULL,	'Testtttt',	'kiki.chen@fable.com.tw',	NULL,	'join',	NULL,	'Hello',	'pending',	NULL,	NULL,	'2024-12-06 07:22:10',	'2024-12-06 07:22:10',	NULL),
(49,	NULL,	'John Doe',	'game683001@gmail.com',	'0912345678',	'join',	NULL,	'訊息內容...',	'pending',	'2024-01-01 01:00:00',	'回覆內容...',	'2024-12-08 16:19:58',	'2024-12-08 16:19:58',	NULL),
(50,	NULL,	'葉育廷',	'game683001@gmail.com',	NULL,	'subscribe',	NULL,	NULL,	'pending',	NULL,	NULL,	'2024-12-09 07:16:47',	'2024-12-09 07:16:47',	NULL),
(51,	NULL,	'葉育廷',	'game683001@gmail.com',	NULL,	'subscribe',	NULL,	NULL,	'resolved',	'2024-12-10 04:23:00',	NULL,	'2024-12-09 07:26:53',	'2024-12-10 04:23:24',	NULL),
(52,	NULL,	'Newt',	'game683001@gmail.com',	NULL,	'contact',	NULL,	'想請問...',	'pending',	NULL,	NULL,	'2024-12-12 05:44:36',	'2024-12-12 05:44:36',	NULL),
(53,	NULL,	'Wang',	'a0919516691@gmail.com',	NULL,	'subscribe',	NULL,	NULL,	'pending',	NULL,	NULL,	'2024-12-13 03:01:09',	'2024-12-13 03:01:09',	NULL),
(54,	NULL,	'test',	'1@gmail.com',	'0912345678',	'contact',	NULL,	'test',	'pending',	NULL,	NULL,	'2024-12-18 03:45:15',	'2024-12-18 03:45:15',	NULL),
(55,	NULL,	'Develop Account',	'super-admin@test.com',	NULL,	'subscribe',	NULL,	NULL,	'pending',	NULL,	NULL,	'2025-02-19 10:40:53',	'2025-02-19 10:40:53',	NULL),
(56,	NULL,	'test',	'test@gmail.com',	'0919686734',	'become_partner',	NULL,	'test',	'pending',	NULL,	NULL,	'2025-02-19 10:41:27',	'2025-02-19 10:41:27',	NULL),
(57,	NULL,	'test1',	'test@test.com',	NULL,	'join',	NULL,	'test',	'pending',	NULL,	NULL,	'2025-02-19 10:41:45',	'2025-02-19 10:41:45',	NULL),
(58,	NULL,	'fff',	'tofranklu@gmail.com',	NULL,	'subscribe',	NULL,	NULL,	'pending',	NULL,	NULL,	'2025-03-20 16:56:33',	'2025-03-20 16:56:33',	NULL),
(59,	NULL,	'Jason testing',	'jason9252002@hotmail.com',	NULL,	'subscribe',	NULL,	NULL,	'pending',	NULL,	NULL,	'2025-04-28 16:02:42',	'2025-04-28 16:02:42',	NULL),
(60,	NULL,	'楊博晴',	'bochingyang@ncitrading.com.tw',	NULL,	'subscribe',	NULL,	NULL,	'pending',	NULL,	NULL,	'2025-05-05 18:09:34',	'2025-05-05 18:09:34',	NULL),
(61,	NULL,	'楊杰勳',	'djmad8888@gmail.com',	NULL,	'subscribe',	NULL,	NULL,	'pending',	NULL,	NULL,	'2025-05-05 19:30:40',	'2025-05-05 19:30:40',	NULL),
(62,	NULL,	'Dawn lin',	'dawnlin826.77@gmail.com',	NULL,	'subscribe',	NULL,	NULL,	'pending',	NULL,	NULL,	'2025-05-05 20:51:31',	'2025-05-05 20:51:31',	NULL),
(63,	NULL,	'林富鈞',	'za77452006@gmail.com',	'0916115505',	'join',	NULL,	'禮贈品',	'pending',	NULL,	NULL,	'2025-05-05 21:23:37',	'2025-05-05 21:23:37',	NULL),
(64,	NULL,	'史逸中',	'ichungshih@gmail.com',	NULL,	'subscribe',	NULL,	NULL,	'pending',	NULL,	NULL,	'2025-05-05 21:36:34',	'2025-05-05 21:36:34',	NULL),
(65,	NULL,	'Ivy Chiu',	'ivylychiu@mmtw.tw',	NULL,	'subscribe',	NULL,	NULL,	'pending',	NULL,	NULL,	'2025-05-05 22:14:38',	'2025-05-05 22:14:38',	NULL),
(66,	NULL,	'Jarvis',	'ts04023976@gmail.com',	NULL,	'subscribe',	NULL,	NULL,	'pending',	NULL,	NULL,	'2025-05-06 21:14:35',	'2025-05-06 21:14:35',	NULL),
(67,	NULL,	'黃雅農',	'iden574590@gmail.com',	NULL,	'subscribe',	NULL,	NULL,	'pending',	NULL,	NULL,	'2025-05-09 10:26:55',	'2025-05-09 10:26:55',	NULL),
(68,	NULL,	'孫夢霞',	'pigndog888.gs@gmail.com',	NULL,	'subscribe',	NULL,	NULL,	'pending',	NULL,	NULL,	'2025-05-10 20:19:14',	'2025-05-10 20:19:14',	NULL);

DROP TABLE IF EXISTS `contact_us_email_logs`;
CREATE TABLE `contact_us_email_logs` (
  `id` int NOT NULL AUTO_INCREMENT,
  `contact_us_id` int NOT NULL COMMENT '聯絡我們ID',
  `status` enum('success','failure') NOT NULL COMMENT '寄送狀態',
  `send_message` json NOT NULL COMMENT '寄送訊息',
  `error_message` text COMMENT '錯誤訊息（失敗時紀錄）',
  `created_at` datetime NOT NULL DEFAULT CURRENT_TIMESTAMP COMMENT '建立時間',
  PRIMARY KEY (`id`),
  KEY `contact_us_id` (`contact_us_id`),
  CONSTRAINT `contact_us_email_logs_ibfk_1` FOREIGN KEY (`contact_us_id`) REFERENCES `contact_us` (`id`) ON DELETE CASCADE
) ENGINE=InnoDB DEFAULT CHARSET=utf8mb4 COLLATE=utf8mb4_0900_ai_ci;

INSERT INTO `contact_us_email_logs` (`id`, `contact_us_id`, `status`, `send_message`, `error_message`, `created_at`) VALUES
(7,	8,	'success',	'\"{\\\"to\\\":\\\"john.doe@example.com\\\",\\\"customer\\\":\\\"John Doe\\\"}\"',	NULL,	'2024-11-22 08:15:45'),
(8,	14,	'success',	'\"{\\\"to\\\":\\\"john.doe@example.com\\\",\\\"customer\\\":\\\"John Doe\\\"}\"',	NULL,	'2024-11-25 03:08:59'),
(9,	15,	'success',	'\"{\\\"to\\\":\\\"game683001@example.com\\\",\\\"customer\\\":\\\"John Doe\\\"}\"',	NULL,	'2024-11-25 04:06:15'),
(10,	16,	'success',	'\"{\\\"to\\\":\\\"game683001@gmail.com\\\",\\\"customer\\\":\\\"John Doe\\\"}\"',	NULL,	'2024-11-25 04:06:47'),
(11,	17,	'success',	'\"{\\\"to\\\":\\\"admin@test.com\\\",\\\"customer\\\":\\\"vivant\\\"}\"',	NULL,	'2024-11-25 05:24:32'),
(12,	19,	'success',	'\"{\\\"to\\\":\\\"game683001@gmail.com\\\",\\\"customer\\\":\\\"John Doe\\\"}\"',	NULL,	'2024-11-25 08:41:06'),
(13,	20,	'success',	'\"{\\\"to\\\":\\\"okvvok@csd.com.tw\\\",\\\"customer\\\":\\\"vdvdv\\\"}\"',	NULL,	'2024-11-25 08:57:24'),
(14,	22,	'success',	'\"{\\\"to\\\":\\\"hello@admin.com\\\",\\\"customer\\\":\\\"vivant\\\"}\"',	NULL,	'2024-11-25 09:06:36'),
(15,	21,	'success',	'\"{\\\"to\\\":\\\"hello@admin.com\\\",\\\"customer\\\":\\\"vivant\\\"}\"',	NULL,	'2024-11-25 09:06:36'),
(16,	27,	'success',	'\"{\\\"to\\\":\\\"hello@admin.com\\\",\\\"customer\\\":\\\"vivant\\\"}\"',	NULL,	'2024-11-25 09:16:29'),
(17,	26,	'success',	'\"{\\\"to\\\":\\\"hello@admin.com\\\",\\\"customer\\\":\\\"vivant\\\"}\"',	NULL,	'2024-11-25 09:16:29'),
(18,	28,	'success',	'\"{\\\"to\\\":\\\"test@test.com\\\",\\\"customer\\\":\\\"vivant\\\"}\"',	NULL,	'2024-11-25 09:16:57'),
(19,	29,	'success',	'\"{\\\"to\\\":\\\"test@test.com\\\",\\\"customer\\\":\\\"vivant\\\"}\"',	NULL,	'2024-11-25 09:16:57'),
(20,	30,	'success',	'\"{\\\"to\\\":\\\"hello@admin.com\\\",\\\"customer\\\":\\\"vivant\\\"}\"',	NULL,	'2024-11-25 09:19:08'),
(21,	31,	'success',	'\"{\\\"to\\\":\\\"hello@admin.com\\\",\\\"customer\\\":\\\"vivant\\\"}\"',	NULL,	'2024-11-25 09:19:08'),
(22,	32,	'success',	'\"{\\\"to\\\":\\\"hello@admin.com\\\",\\\"customer\\\":\\\"Tina\\\"}\"',	NULL,	'2024-11-25 09:21:58'),
(23,	33,	'success',	'\"{\\\"to\\\":\\\"kiki.chen@fable.com.tw\\\",\\\"customer\\\":\\\"Kiki\\\"}\"',	NULL,	'2024-11-25 09:28:49'),
(24,	37,	'success',	'\"{\\\"to\\\":\\\"game683001@gmail.com\\\",\\\"customer\\\":\\\"John Doe\\\"}\"',	NULL,	'2024-11-25 09:55:08'),
(25,	37,	'success',	'\"{\\\"to\\\":\\\"info@inkslap.com\\\",\\\"requestTypeName\\\":\\\"訂閱我們\\\",\\\"createdAt\\\":\\\"2024-11-25 17:55:05\\\",\\\"message\\\":\\\"\\\"}\"',	NULL,	'2024-11-25 09:55:11'),
(26,	38,	'success',	'\"{\\\"to\\\":\\\"game683001@gmail.com\\\",\\\"customer\\\":\\\"John Doe\\\"}\"',	NULL,	'2024-11-25 10:28:12'),
(27,	38,	'success',	'\"{\\\"to\\\":\\\"info@inkslap.com\\\",\\\"requestTypeName\\\":\\\"訂閱我們\\\",\\\"createdAt\\\":\\\"2024-11-25 18:28:09\\\",\\\"message\\\":\\\"訊息內容...\\\"}\"',	NULL,	'2024-11-25 10:28:12'),
(28,	39,	'success',	'\"{\\\"to\\\":\\\"game683001@gmail.com\\\",\\\"customer\\\":\\\"John Doe\\\"}\"',	NULL,	'2024-11-25 10:28:38'),
(29,	39,	'success',	'\"{\\\"to\\\":\\\"info@inkslap.com\\\",\\\"requestTypeName\\\":\\\"加入我們\\\",\\\"createdAt\\\":\\\"2024-11-25 18:28:35\\\",\\\"message\\\":\\\"訊息內容...\\\"}\"',	NULL,	'2024-11-25 10:28:38'),
(30,	40,	'success',	'\"{\\\"to\\\":\\\"info@inkslap.com\\\",\\\"requestTypeName\\\":\\\"加入我們\\\",\\\"createdAt\\\":\\\"2024-11-25 18:31:39\\\",\\\"message\\\":\\\"想暸解\\\"}\"',	NULL,	'2024-11-25 10:31:42'),
(31,	40,	'success',	'\"{\\\"to\\\":\\\"game683001@gmail.com\\\",\\\"customer\\\":\\\"Newt\\\"}\"',	NULL,	'2024-11-25 10:31:42'),
(32,	41,	'success',	'\"{\\\"to\\\":\\\"info@inkslap.com\\\",\\\"requestTypeName\\\":\\\"加入我們\\\",\\\"createdAt\\\":\\\"2024-11-25 18:44:48\\\",\\\"message\\\":\\\"想加入貴公司\\\"}\"',	NULL,	'2024-11-25 10:44:50'),
(33,	41,	'success',	'\"{\\\"to\\\":\\\"kiki.chen@fable.com.tw\\\",\\\"customer\\\":\\\"陳\\\"}\"',	NULL,	'2024-11-25 10:44:51'),
(34,	42,	'success',	'\"{\\\"to\\\":\\\"kiki.chen@fable.com.tw\\\",\\\"customer\\\":\\\"陳祐琦\\\"}\"',	NULL,	'2024-11-25 10:45:23'),
(35,	42,	'success',	'\"{\\\"to\\\":\\\"info@inkslap.com\\\",\\\"requestTypeName\\\":\\\"成為廠商\\\",\\\"createdAt\\\":\\\"2024-11-25 18:45:21\\\",\\\"message\\\":\\\"Let\'s partner up!\\\"}\"',	NULL,	'2024-11-25 10:45:24'),
(36,	43,	'success',	'\"{\\\"to\\\":\\\"info@inkslap.com\\\",\\\"requestTypeName\\\":\\\"聯絡我們\\\",\\\"createdAt\\\":\\\"2024-11-25 18:45:55\\\",\\\"message\\\":\\\"請問還有賣X商品嗎\\\"}\"',	NULL,	'2024-11-25 10:45:57'),
(37,	43,	'success',	'\"{\\\"to\\\":\\\"kiki.chen@fable.com.tw\\\",\\\"customer\\\":\\\"Kikitesting\\\"}\"',	NULL,	'2024-11-25 10:45:57'),
(38,	44,	'success',	'\"{\\\"to\\\":\\\"info@inkslap.com\\\",\\\"requestTypeName\\\":\\\"聯絡我們\\\",\\\"createdAt\\\":\\\"2024-11-27 11:55:58\\\",\\\"message\\\":\\\"test\\\"}\"',	NULL,	'2024-11-27 03:56:02'),
(39,	44,	'success',	'\"{\\\"to\\\":\\\"0@gmail.com\\\",\\\"customer\\\":\\\"vivant2\\\"}\"',	NULL,	'2024-11-27 03:56:02'),
(40,	45,	'success',	'\"{\\\"to\\\":\\\"jasonni@ncitrading.com.tw\\\",\\\"customer\\\":\\\"倪嘉昇\\\"}\"',	NULL,	'2024-11-28 16:06:05'),
(41,	45,	'success',	'\"{\\\"to\\\":\\\"info@inkslap.com\\\",\\\"requestTypeName\\\":\\\"訂閱我們\\\",\\\"createdAt\\\":\\\"2024-11-29 00:06:02\\\",\\\"message\\\":\\\"\\\"}\"',	NULL,	'2024-11-28 16:06:05'),
(42,	46,	'success',	'\"{\\\"to\\\":\\\"kiki.chen@fable.com.tw\\\",\\\"customer\\\":\\\"Kiki\\\"}\"',	NULL,	'2024-12-05 09:25:25'),
(43,	46,	'success',	'\"{\\\"to\\\":\\\"info@inkslap.com\\\",\\\"requestTypeName\\\":\\\"訂閱我們\\\",\\\"createdAt\\\":\\\"2024-12-05 17:25:22\\\",\\\"message\\\":\\\"\\\"}\"',	NULL,	'2024-12-05 09:25:25'),
(44,	47,	'success',	'\"{\\\"to\\\":\\\"kiki.chen@fable.com.tw\\\",\\\"customer\\\":\\\"Test \\\"}\"',	NULL,	'2024-12-06 07:21:38'),
(45,	47,	'success',	'\"{\\\"to\\\":\\\"info@inkslap.com\\\",\\\"requestTypeName\\\":\\\"訂閱我們\\\",\\\"createdAt\\\":\\\"2024-12-06 15:21:36\\\",\\\"message\\\":\\\"\\\"}\"',	NULL,	'2024-12-06 07:21:38'),
(46,	48,	'success',	'\"{\\\"to\\\":\\\"kiki.chen@fable.com.tw\\\",\\\"customer\\\":\\\"Testtttt\\\"}\"',	NULL,	'2024-12-06 07:22:12'),
(47,	48,	'success',	'\"{\\\"to\\\":\\\"info@inkslap.com\\\",\\\"requestTypeName\\\":\\\"加入我們\\\",\\\"createdAt\\\":\\\"2024-12-06 15:22:10\\\",\\\"message\\\":\\\"Hello\\\"}\"',	NULL,	'2024-12-06 07:22:13'),
(48,	49,	'success',	'\"{\\\"to\\\":\\\"game683001@gmail.com\\\",\\\"customer\\\":\\\"John Doe\\\"}\"',	NULL,	'2024-12-08 16:20:02'),
(49,	49,	'success',	'\"{\\\"to\\\":\\\"info@inkslap.com\\\",\\\"requestTypeName\\\":\\\"加入我們\\\",\\\"createdAt\\\":\\\"2024-12-09 00:19:58\\\",\\\"message\\\":\\\"訊息內容...\\\"}\"',	NULL,	'2024-12-08 16:20:03'),
(50,	50,	'success',	'\"{\\\"to\\\":\\\"info@inkslap.com\\\",\\\"requestTypeName\\\":\\\"訂閱我們\\\",\\\"createdAt\\\":\\\"2024-12-09 15:16:47\\\",\\\"message\\\":\\\"\\\"}\"',	NULL,	'2024-12-09 07:16:50'),
(51,	50,	'success',	'\"{\\\"to\\\":\\\"game683001@gmail.com\\\",\\\"customer\\\":\\\"葉育廷\\\"}\"',	NULL,	'2024-12-09 07:16:51'),
(52,	51,	'success',	'\"{\\\"to\\\":\\\"info@inkslap.com\\\",\\\"requestTypeName\\\":\\\"訂閱我們\\\",\\\"createdAt\\\":\\\"2024-12-09 15:26:53\\\",\\\"message\\\":\\\"\\\"}\"',	NULL,	'2024-12-09 07:26:55'),
(53,	51,	'success',	'\"{\\\"to\\\":\\\"game683001@gmail.com\\\",\\\"requestType\\\":\\\"subscribe\\\",\\\"customer\\\":\\\"葉育廷\\\"}\"',	NULL,	'2024-12-09 07:26:56'),
(54,	52,	'success',	'\"{\\\"to\\\":\\\"info@inkslap.com\\\",\\\"requestTypeName\\\":\\\"聯絡我們\\\",\\\"createdAt\\\":\\\"2024-12-12 13:44:36\\\",\\\"message\\\":\\\"想請問...\\\"}\"',	NULL,	'2024-12-12 05:44:39'),
(55,	52,	'success',	'\"{\\\"to\\\":\\\"game683001@gmail.com\\\",\\\"requestType\\\":\\\"contact\\\",\\\"customer\\\":\\\"Newt\\\"}\"',	NULL,	'2024-12-12 05:44:40'),
(56,	53,	'success',	'\"{\\\"to\\\":\\\"info@inkslap.com\\\",\\\"requestTypeName\\\":\\\"訂閱我們\\\",\\\"createdAt\\\":\\\"2024-12-13 11:01:09\\\",\\\"message\\\":\\\"\\\"}\"',	NULL,	'2024-12-13 03:01:12'),
(57,	53,	'success',	'\"{\\\"to\\\":\\\"a0919516691@gmail.com\\\",\\\"requestType\\\":\\\"subscribe\\\",\\\"customer\\\":\\\"Wang\\\"}\"',	NULL,	'2024-12-13 03:01:13'),
(58,	54,	'success',	'\"{\\\"to\\\":\\\"1@gmail.com\\\",\\\"requestType\\\":\\\"contact\\\",\\\"customer\\\":\\\"test\\\"}\"',	NULL,	'2024-12-18 03:45:18'),
(59,	54,	'success',	'\"{\\\"to\\\":\\\"info@inkslap.com\\\",\\\"requestTypeName\\\":\\\"聯絡我們\\\",\\\"createdAt\\\":\\\"2024-12-18 11:45:15\\\",\\\"message\\\":\\\"test\\\"}\"',	NULL,	'2024-12-18 03:45:18'),
(60,	55,	'success',	'\"{\\\"to\\\":\\\"info@inkslap.com\\\",\\\"requestTypeName\\\":\\\"訂閱我們\\\",\\\"createdAt\\\":\\\"2025-02-19 10:40:53\\\",\\\"message\\\":\\\"\\\"}\"',	NULL,	'2025-02-19 10:40:56'),
(61,	55,	'success',	'\"{\\\"to\\\":\\\"super-admin@test.com\\\",\\\"requestType\\\":\\\"subscribe\\\",\\\"customer\\\":\\\"Develop Account\\\"}\"',	NULL,	'2025-02-19 10:40:57'),
(62,	56,	'success',	'\"{\\\"to\\\":\\\"info@inkslap.com\\\",\\\"requestTypeName\\\":\\\"成為廠商\\\",\\\"createdAt\\\":\\\"2025-02-19 10:41:27\\\",\\\"message\\\":\\\"test\\\"}\"',	NULL,	'2025-02-19 10:41:30'),
(63,	56,	'success',	'\"{\\\"to\\\":\\\"test@gmail.com\\\",\\\"requestType\\\":\\\"become_partner\\\",\\\"customer\\\":\\\"test\\\"}\"',	NULL,	'2025-02-19 10:41:31'),
(64,	57,	'success',	'\"{\\\"to\\\":\\\"info@inkslap.com\\\",\\\"requestTypeName\\\":\\\"加入我們\\\",\\\"createdAt\\\":\\\"2025-02-19 10:41:45\\\",\\\"message\\\":\\\"test\\\"}\"',	NULL,	'2025-02-19 10:41:47'),
(65,	57,	'success',	'\"{\\\"to\\\":\\\"test@test.com\\\",\\\"requestType\\\":\\\"join\\\",\\\"customer\\\":\\\"test1\\\"}\"',	NULL,	'2025-02-19 10:41:48'),
(66,	58,	'success',	'\"{\\\"to\\\":\\\"tofranklu@gmail.com\\\",\\\"requestType\\\":\\\"subscribe\\\",\\\"customer\\\":\\\"fff\\\"}\"',	NULL,	'2025-03-20 16:56:35'),
(67,	58,	'success',	'\"{\\\"to\\\":\\\"info@inkslap.com\\\",\\\"requestTypeName\\\":\\\"訂閱我們\\\",\\\"createdAt\\\":\\\"2025-03-20 16:56:33\\\",\\\"message\\\":\\\"\\\"}\"',	NULL,	'2025-03-20 16:56:36'),
(68,	59,	'success',	'\"{\\\"to\\\":\\\"info@inkslap.com\\\",\\\"requestTypeName\\\":\\\"訂閱我們\\\",\\\"createdAt\\\":\\\"2025-04-28 16:02:42\\\",\\\"message\\\":\\\"\\\"}\"',	NULL,	'2025-04-28 16:02:45'),
(69,	59,	'success',	'\"{\\\"to\\\":\\\"jason9252002@hotmail.com\\\",\\\"requestType\\\":\\\"subscribe\\\",\\\"customer\\\":\\\"Jason testing\\\"}\"',	NULL,	'2025-04-28 16:02:46'),
(70,	60,	'success',	'\"{\\\"to\\\":\\\"bochingyang@ncitrading.com.tw\\\",\\\"requestType\\\":\\\"subscribe\\\",\\\"customer\\\":\\\"楊博晴\\\"}\"',	NULL,	'2025-05-05 18:09:36'),
(71,	60,	'success',	'\"{\\\"to\\\":\\\"info@inkslap.com\\\",\\\"requestTypeName\\\":\\\"訂閱我們\\\",\\\"createdAt\\\":\\\"2025-05-05 18:09:34\\\",\\\"message\\\":\\\"\\\"}\"',	NULL,	'2025-05-05 18:09:37'),
(72,	61,	'success',	'\"{\\\"to\\\":\\\"info@inkslap.com\\\",\\\"requestTypeName\\\":\\\"訂閱我們\\\",\\\"createdAt\\\":\\\"2025-05-05 19:30:40\\\",\\\"message\\\":\\\"\\\"}\"',	NULL,	'2025-05-05 19:30:43'),
(73,	61,	'success',	'\"{\\\"to\\\":\\\"djmad8888@gmail.com\\\",\\\"requestType\\\":\\\"subscribe\\\",\\\"customer\\\":\\\"楊杰勳\\\"}\"',	NULL,	'2025-05-05 19:30:44'),
(74,	62,	'success',	'\"{\\\"to\\\":\\\"dawnlin826.77@gmail.com\\\",\\\"requestType\\\":\\\"subscribe\\\",\\\"customer\\\":\\\"Dawn lin\\\"}\"',	NULL,	'2025-05-05 20:51:34'),
(75,	62,	'success',	'\"{\\\"to\\\":\\\"info@inkslap.com\\\",\\\"requestTypeName\\\":\\\"訂閱我們\\\",\\\"createdAt\\\":\\\"2025-05-05 20:51:31\\\",\\\"message\\\":\\\"\\\"}\"',	NULL,	'2025-05-05 20:51:34'),
(76,	63,	'success',	'\"{\\\"to\\\":\\\"info@inkslap.com\\\",\\\"requestTypeName\\\":\\\"加入我們\\\",\\\"createdAt\\\":\\\"2025-05-05 21:23:37\\\",\\\"message\\\":\\\"禮贈品\\\"}\"',	NULL,	'2025-05-05 21:23:39'),
(77,	63,	'success',	'\"{\\\"to\\\":\\\"za77452006@gmail.com\\\",\\\"requestType\\\":\\\"join\\\",\\\"customer\\\":\\\"林富鈞\\\"}\"',	NULL,	'2025-05-05 21:23:40'),
(78,	64,	'success',	'\"{\\\"to\\\":\\\"info@inkslap.com\\\",\\\"requestTypeName\\\":\\\"訂閱我們\\\",\\\"createdAt\\\":\\\"2025-05-05 21:36:34\\\",\\\"message\\\":\\\"\\\"}\"',	NULL,	'2025-05-05 21:36:36'),
(79,	64,	'success',	'\"{\\\"to\\\":\\\"ichungshih@gmail.com\\\",\\\"requestType\\\":\\\"subscribe\\\",\\\"customer\\\":\\\"史逸中\\\"}\"',	NULL,	'2025-05-05 21:36:37'),
(80,	65,	'success',	'\"{\\\"to\\\":\\\"ivylychiu@mmtw.tw\\\",\\\"requestType\\\":\\\"subscribe\\\",\\\"customer\\\":\\\"Ivy Chiu\\\"}\"',	NULL,	'2025-05-05 22:14:40'),
(81,	65,	'success',	'\"{\\\"to\\\":\\\"info@inkslap.com\\\",\\\"requestTypeName\\\":\\\"訂閱我們\\\",\\\"createdAt\\\":\\\"2025-05-05 22:14:38\\\",\\\"message\\\":\\\"\\\"}\"',	NULL,	'2025-05-05 22:14:41'),
(82,	66,	'success',	'\"{\\\"to\\\":\\\"info@inkslap.com\\\",\\\"requestTypeName\\\":\\\"訂閱我們\\\",\\\"createdAt\\\":\\\"2025-05-06 21:14:35\\\",\\\"message\\\":\\\"\\\"}\"',	NULL,	'2025-05-06 21:14:38'),
(83,	66,	'success',	'\"{\\\"to\\\":\\\"ts04023976@gmail.com\\\",\\\"requestType\\\":\\\"subscribe\\\",\\\"customer\\\":\\\"Jarvis\\\"}\"',	NULL,	'2025-05-06 21:14:38'),
(84,	67,	'success',	'\"{\\\"to\\\":\\\"iden574590@gmail.com\\\",\\\"requestType\\\":\\\"subscribe\\\",\\\"customer\\\":\\\"黃雅農\\\"}\"',	NULL,	'2025-05-09 10:26:58'),
(85,	67,	'success',	'\"{\\\"to\\\":\\\"info@inkslap.com\\\",\\\"requestTypeName\\\":\\\"訂閱我們\\\",\\\"createdAt\\\":\\\"2025-05-09 10:26:55\\\",\\\"message\\\":\\\"\\\"}\"',	NULL,	'2025-05-09 10:26:59'),
(86,	68,	'success',	'\"{\\\"to\\\":\\\"info@inkslap.com\\\",\\\"requestTypeName\\\":\\\"訂閱我們\\\",\\\"createdAt\\\":\\\"2025-05-10 20:19:14\\\",\\\"message\\\":\\\"\\\"}\"',	NULL,	'2025-05-10 20:19:17'),
(87,	68,	'success',	'\"{\\\"to\\\":\\\"pigndog888.gs@gmail.com\\\",\\\"requestType\\\":\\\"subscribe\\\",\\\"customer\\\":\\\"孫夢霞\\\"}\"',	NULL,	'2025-05-10 20:19:18');

DROP TABLE IF EXISTS `industries`;
CREATE TABLE `industries` (
  `id` int NOT NULL AUTO_INCREMENT,
  `name` varchar(50) CHARACTER SET utf8mb4 COLLATE utf8mb4_unicode_ci NOT NULL COMMENT '名稱',
  `created_at` datetime NOT NULL DEFAULT CURRENT_TIMESTAMP COMMENT '建立時間',
  `updated_at` datetime DEFAULT CURRENT_TIMESTAMP ON UPDATE CURRENT_TIMESTAMP COMMENT '修改時間',
  PRIMARY KEY (`id`)
) ENGINE=InnoDB DEFAULT CHARSET=utf8mb4 COLLATE=utf8mb4_unicode_ci COMMENT='產業別';


DROP TABLE IF EXISTS `ips`;
CREATE TABLE `ips` (
  `id` int NOT NULL AUTO_INCREMENT,
  `name` varchar(100) CHARACTER SET utf8mb4 COLLATE utf8mb4_unicode_ci NOT NULL COMMENT '名稱',
  `description` text CHARACTER SET utf8mb4 COLLATE utf8mb4_unicode_ci COMMENT '描述',
  `created_at` datetime NOT NULL DEFAULT CURRENT_TIMESTAMP COMMENT '建立時間',
  `updated_at` datetime DEFAULT CURRENT_TIMESTAMP ON UPDATE CURRENT_TIMESTAMP COMMENT '修改時間',
  PRIMARY KEY (`id`)
) ENGINE=InnoDB DEFAULT CHARSET=utf8mb4 COLLATE=utf8mb4_unicode_ci COMMENT='聯名IP';


DROP TABLE IF EXISTS `login_attempts`;
CREATE TABLE `login_attempts` (
  `id` int NOT NULL AUTO_INCREMENT,
  `user_id` int DEFAULT NULL COMMENT '使用者ID',
  `ip_address` varchar(45) CHARACTER SET utf8mb4 COLLATE utf8mb4_unicode_ci DEFAULT NULL COMMENT 'IP位置',
  `status` enum('success','failure') CHARACTER SET utf8mb4 COLLATE utf8mb4_unicode_ci NOT NULL COMMENT '狀態',
  `created_at` datetime NOT NULL DEFAULT CURRENT_TIMESTAMP COMMENT '建立時間',
  `updated_at` datetime DEFAULT CURRENT_TIMESTAMP ON UPDATE CURRENT_TIMESTAMP COMMENT '修改時間',
  PRIMARY KEY (`id`),
  KEY `login_attempts_user_id` (`user_id`),
  CONSTRAINT `login_attempts_ibfk_1` FOREIGN KEY (`user_id`) REFERENCES `users` (`id`) ON DELETE CASCADE
) ENGINE=InnoDB DEFAULT CHARSET=utf8mb4 COLLATE=utf8mb4_unicode_ci COMMENT='登入紀錄';

INSERT INTO `login_attempts` (`id`, `user_id`, `ip_address`, `status`, `created_at`, `updated_at`) VALUES
(1,	NULL,	'61.61.157.144',	'success',	'2024-11-14 11:16:44',	'2024-11-14 11:16:44'),
(2,	NULL,	'49.216.235.86',	'success',	'2024-11-14 12:21:00',	'2024-11-14 12:21:00'),
(3,	NULL,	'118.168.207.14',	'success',	'2024-11-14 15:25:04',	'2024-11-14 15:25:04'),
(4,	NULL,	'61.61.157.144',	'success',	'2024-11-15 01:38:13',	'2024-11-15 01:38:13'),
(5,	NULL,	'49.218.94.97',	'success',	'2024-11-22 06:44:52',	'2024-11-22 06:44:52'),
(6,	NULL,	'61.61.157.144',	'failure',	'2024-11-25 03:53:02',	'2024-11-25 03:53:02'),
(7,	NULL,	'61.61.157.144',	'success',	'2024-11-25 03:53:57',	'2024-11-25 03:53:57'),
(8,	NULL,	'61.61.157.144',	'success',	'2024-11-25 03:54:14',	'2024-11-25 03:54:14'),
(9,	NULL,	'61.61.157.144',	'success',	'2024-11-25 03:57:50',	'2024-11-25 03:57:50'),
(10,	NULL,	'61.61.157.144',	'failure',	'2024-11-25 03:59:46',	'2024-11-25 03:59:46'),
(11,	NULL,	'61.61.157.144',	'success',	'2024-11-25 03:59:52',	'2024-11-25 03:59:52'),
(12,	NULL,	'106.105.100.145',	'success',	'2024-11-25 04:03:25',	'2024-11-25 04:03:25'),
(13,	NULL,	'61.61.157.144',	'success',	'2024-11-25 04:09:47',	'2024-11-25 04:09:47'),
(14,	NULL,	'61.61.157.144',	'success',	'2024-12-02 14:30:58',	'2024-12-02 14:30:58'),
(15,	NULL,	'172.18.0.1',	'success',	'2024-12-02 14:50:23',	'2024-12-02 14:50:23'),
(16,	NULL,	'172.18.0.1',	'success',	'2024-12-03 06:26:14',	'2024-12-03 06:26:14'),
(17,	NULL,	'172.18.0.1',	'success',	'2024-12-04 01:50:36',	'2024-12-04 01:50:36'),
(18,	NULL,	'172.18.0.1',	'success',	'2024-12-10 04:14:26',	'2024-12-10 04:14:26'),
(19,	NULL,	'172.18.0.1',	'success',	'2024-12-10 04:22:49',	'2024-12-10 04:22:49'),
(20,	NULL,	'172.18.0.1',	'failure',	'2024-12-10 04:27:05',	'2024-12-10 04:27:05'),
(21,	NULL,	'172.18.0.1',	'success',	'2024-12-10 04:27:10',	'2024-12-10 04:27:10'),
(22,	NULL,	'172.18.0.1',	'success',	'2024-12-12 05:44:49',	'2024-12-12 05:44:49'),
(23,	NULL,	'172.18.0.1',	'success',	'2024-12-20 06:56:36',	'2024-12-20 06:56:36'),
(26,	3,	'172.18.0.1',	'success',	'2025-02-03 13:12:48',	'2025-02-03 13:12:48'),
(27,	1,	'172.18.0.1',	'success',	'2025-02-03 13:14:03',	'2025-02-03 13:14:03'),
(28,	3,	'172.18.0.1',	'success',	'2025-02-03 14:34:36',	'2025-02-03 14:34:36'),
(29,	NULL,	'172.18.0.1',	'failure',	'2025-02-11 04:42:31',	'2025-02-11 04:42:31'),
(30,	NULL,	'172.18.0.1',	'failure',	'2025-02-11 04:43:28',	'2025-02-11 04:43:28'),
(32,	NULL,	'172.18.0.1',	'failure',	'2025-02-11 05:35:59',	'2025-02-11 05:35:59'),
(36,	1,	'172.18.0.1',	'success',	'2025-02-11 06:05:14',	'2025-02-11 06:05:14'),
(45,	NULL,	'172.18.0.1',	'failure',	'2025-02-11 08:07:39',	'2025-02-11 08:07:39'),
(46,	1,	'172.18.0.1',	'success',	'2025-02-11 16:22:02',	'2025-02-11 16:22:02'),
(48,	NULL,	'172.18.0.1',	'failure',	'2025-02-11 16:28:04',	'2025-02-11 16:28:04'),
(67,	NULL,	'172.18.0.1',	'failure',	'2025-02-12 18:00:40',	'2025-02-12 18:00:40'),
(80,	NULL,	'172.18.0.1',	'failure',	'2025-02-12 18:22:08',	'2025-02-12 18:22:08'),
(83,	3,	'172.18.0.1',	'success',	'2025-02-12 20:57:02',	'2025-02-12 20:57:02'),
(122,	NULL,	'172.18.0.1',	'failure',	'2025-02-17 12:09:30',	'2025-02-17 12:09:30'),
(149,	NULL,	'172.18.0.1',	'failure',	'2025-02-19 12:46:44',	'2025-02-19 12:46:44'),
(153,	NULL,	'172.18.0.1',	'failure',	'2025-02-19 13:41:31',	'2025-02-19 13:41:31'),
(241,	1,	'172.18.0.1',	'success',	'2025-02-27 09:19:37',	'2025-02-27 09:19:37'),
(242,	3,	'172.18.0.1',	'failure',	'2025-03-04 15:17:44',	'2025-03-04 15:17:44'),
(243,	3,	'172.18.0.1',	'success',	'2025-03-04 15:17:54',	'2025-03-04 15:17:54'),
(245,	3,	'172.18.0.1',	'success',	'2025-03-06 00:34:03',	'2025-03-06 00:34:03'),
(250,	NULL,	'172.18.0.1',	'failure',	'2025-03-06 15:09:59',	'2025-03-06 15:09:59'),
(264,	1,	'172.18.0.1',	'success',	'2025-03-11 15:15:55',	'2025-03-11 15:15:55'),
(266,	3,	'172.18.0.1',	'success',	'2025-03-13 12:05:29',	'2025-03-13 12:05:29'),
(273,	3,	'172.18.0.1',	'success',	'2025-03-18 00:13:57',	'2025-03-18 00:13:57'),
(277,	3,	'172.18.0.1',	'success',	'2025-03-18 12:11:40',	'2025-03-18 12:11:40'),
(278,	3,	'172.18.0.1',	'success',	'2025-03-18 12:12:11',	'2025-03-18 12:12:11'),
(299,	1,	'172.18.0.1',	'success',	'2025-03-19 16:00:11',	'2025-03-19 16:00:11'),
(301,	1,	'172.18.0.1',	'success',	'2025-03-19 16:56:44',	'2025-03-19 16:56:44'),
(309,	3,	'172.18.0.1',	'success',	'2025-03-20 14:22:17',	'2025-03-20 14:22:17'),
(311,	3,	'172.18.0.1',	'success',	'2025-03-20 16:11:34',	'2025-03-20 16:11:34'),
(318,	3,	'172.18.0.1',	'success',	'2025-03-20 17:59:18',	'2025-03-20 17:59:18'),
(328,	1,	'172.18.0.1',	'failure',	'2025-03-21 11:48:55',	'2025-03-21 11:48:55'),
(329,	1,	'172.18.0.1',	'success',	'2025-03-21 11:48:57',	'2025-03-21 11:48:57'),
(335,	3,	'172.18.0.1',	'success',	'2025-03-21 12:56:36',	'2025-03-21 12:56:36'),
(374,	NULL,	'172.18.0.1',	'failure',	'2025-03-24 18:27:09',	'2025-03-24 18:27:09'),
(388,	1,	'172.18.0.1',	'failure',	'2025-03-25 16:39:47',	'2025-03-25 16:39:47'),
(389,	1,	'172.18.0.1',	'failure',	'2025-03-25 16:39:50',	'2025-03-25 16:39:50'),
(390,	1,	'172.18.0.1',	'failure',	'2025-03-25 16:39:54',	'2025-03-25 16:39:54'),
(391,	1,	'172.18.0.1',	'failure',	'2025-03-25 16:40:01',	'2025-03-25 16:40:01'),
(392,	1,	'172.18.0.1',	'success',	'2025-03-25 16:40:05',	'2025-03-25 16:40:05'),
(397,	3,	'172.18.0.1',	'success',	'2025-03-26 13:11:59',	'2025-03-26 13:11:59'),
(398,	1,	'172.18.0.1',	'failure',	'2025-03-26 14:19:24',	'2025-03-26 14:19:24'),
(399,	1,	'172.18.0.1',	'success',	'2025-03-26 14:19:27',	'2025-03-26 14:19:27'),
(401,	3,	'172.18.0.1',	'success',	'2025-03-26 15:58:54',	'2025-03-26 15:58:54'),
(405,	3,	'172.18.0.1',	'success',	'2025-03-29 10:01:14',	'2025-03-29 10:01:14'),
(409,	3,	'172.18.0.1',	'success',	'2025-04-01 14:04:37',	'2025-04-01 14:04:37'),
(410,	3,	'172.18.0.1',	'success',	'2025-04-01 14:34:17',	'2025-04-01 14:34:17'),
(413,	3,	'172.18.0.1',	'success',	'2025-04-02 16:01:23',	'2025-04-02 16:01:23'),
(416,	1,	'172.18.0.1',	'success',	'2025-04-03 23:16:37',	'2025-04-03 23:16:37'),
(417,	3,	'172.18.0.1',	'success',	'2025-04-08 05:37:24',	'2025-04-08 05:37:24'),
(421,	1,	'172.18.0.1',	'failure',	'2025-04-11 15:12:48',	'2025-04-11 15:12:48'),
(422,	1,	'172.18.0.1',	'success',	'2025-04-11 15:12:51',	'2025-04-11 15:12:51'),
(425,	3,	'172.18.0.1',	'success',	'2025-04-15 14:55:11',	'2025-04-15 14:55:11'),
(426,	3,	'172.18.0.1',	'success',	'2025-04-15 14:55:21',	'2025-04-15 14:55:21'),
(437,	1,	'172.18.0.1',	'failure',	'2025-04-18 18:25:40',	'2025-04-18 18:25:40'),
(438,	1,	'172.18.0.1',	'success',	'2025-04-18 18:25:44',	'2025-04-18 18:25:44'),
(439,	1,	'172.18.0.1',	'success',	'2025-04-21 02:34:21',	'2025-04-21 02:34:21'),
(442,	3,	'172.18.0.1',	'success',	'2025-04-22 11:32:38',	'2025-04-22 11:32:38'),
(444,	3,	'172.18.0.1',	'success',	'2025-04-22 15:06:36',	'2025-04-22 15:06:36'),
(445,	3,	'172.18.0.1',	'success',	'2025-04-22 22:40:11',	'2025-04-22 22:40:11'),
(446,	3,	'172.18.0.1',	'success',	'2025-04-23 00:30:43',	'2025-04-23 00:30:43'),
(448,	1,	'172.18.0.1',	'success',	'2025-04-23 15:33:29',	'2025-04-23 15:33:29'),
(450,	3,	'172.18.0.1',	'success',	'2025-04-24 17:25:07',	'2025-04-24 17:25:07'),
(451,	3,	'172.18.0.1',	'success',	'2025-04-24 22:06:57',	'2025-04-24 22:06:57'),
(453,	3,	'172.18.0.1',	'success',	'2025-04-25 11:01:16',	'2025-04-25 11:01:16'),
(454,	3,	'172.18.0.1',	'success',	'2025-04-25 11:39:37',	'2025-04-25 11:39:37'),
(455,	41,	'172.18.0.1',	'failure',	'2025-04-25 11:42:10',	'2025-04-25 11:42:10'),
(456,	41,	'172.18.0.1',	'success',	'2025-04-25 11:42:16',	'2025-04-25 11:42:16'),
(457,	3,	'172.18.0.1',	'success',	'2025-04-25 12:12:06',	'2025-04-25 12:12:06'),
(458,	3,	'172.18.0.1',	'success',	'2025-04-26 14:09:55',	'2025-04-26 14:09:55'),
(459,	3,	'172.18.0.1',	'success',	'2025-04-28 10:52:48',	'2025-04-28 10:52:48'),
(460,	3,	'172.18.0.1',	'success',	'2025-04-29 10:21:21',	'2025-04-29 10:21:21'),
(461,	3,	'172.18.0.1',	'success',	'2025-04-29 16:28:45',	'2025-04-29 16:28:45'),
(462,	1,	'172.18.0.1',	'success',	'2025-04-29 16:33:25',	'2025-04-29 16:33:25'),
(463,	NULL,	'172.18.0.1',	'failure',	'2025-04-29 17:20:54',	'2025-04-29 17:20:54'),
(464,	43,	'172.18.0.1',	'success',	'2025-04-29 17:21:01',	'2025-04-29 17:21:01'),
(465,	43,	'172.18.0.1',	'success',	'2025-04-29 18:12:35',	'2025-04-29 18:12:35'),
(466,	43,	'172.18.0.1',	'failure',	'2025-04-29 19:09:38',	'2025-04-29 19:09:38'),
(467,	43,	'172.18.0.1',	'failure',	'2025-04-29 19:09:42',	'2025-04-29 19:09:42'),
(468,	43,	'172.18.0.1',	'success',	'2025-04-29 19:09:43',	'2025-04-29 19:09:43'),
(469,	43,	'172.18.0.1',	'success',	'2025-04-30 08:25:11',	'2025-04-30 08:25:11'),
(470,	NULL,	'172.18.0.1',	'failure',	'2025-04-30 09:12:32',	'2025-04-30 09:12:32'),
(471,	44,	'172.18.0.1',	'success',	'2025-04-30 09:14:29',	'2025-04-30 09:14:29'),
(472,	3,	'172.18.0.1',	'success',	'2025-04-30 09:22:28',	'2025-04-30 09:22:28'),
(473,	43,	'172.18.0.1',	'success',	'2025-04-30 09:47:13',	'2025-04-30 09:47:13'),
(474,	44,	'172.18.0.1',	'success',	'2025-04-30 12:22:01',	'2025-04-30 12:22:01'),
(475,	NULL,	'172.18.0.1',	'failure',	'2025-04-30 14:03:24',	'2025-04-30 14:03:24'),
(476,	NULL,	'172.18.0.1',	'failure',	'2025-04-30 14:03:42',	'2025-04-30 14:03:42'),
(477,	NULL,	'172.18.0.1',	'failure',	'2025-04-30 14:04:03',	'2025-04-30 14:04:03'),
(478,	43,	'172.18.0.1',	'success',	'2025-04-30 15:31:35',	'2025-04-30 15:31:35'),
(479,	3,	'172.18.0.1',	'success',	'2025-04-30 16:32:31',	'2025-04-30 16:32:31'),
(480,	3,	'172.18.0.1',	'success',	'2025-04-30 17:30:35',	'2025-04-30 17:30:35'),
(481,	3,	'172.18.0.1',	'success',	'2025-04-30 23:30:16',	'2025-04-30 23:30:16'),
(482,	3,	'172.18.0.1',	'success',	'2025-05-02 10:32:12',	'2025-05-02 10:32:12'),
(483,	3,	'172.18.0.1',	'success',	'2025-05-02 10:59:37',	'2025-05-02 10:59:37'),
(484,	45,	'172.18.0.1',	'success',	'2025-05-02 11:00:51',	'2025-05-02 11:00:51'),
(485,	45,	'172.18.0.1',	'success',	'2025-05-02 11:01:05',	'2025-05-02 11:01:05'),
(486,	46,	'172.18.0.1',	'success',	'2025-05-02 11:25:59',	'2025-05-02 11:25:59'),
(487,	45,	'172.18.0.1',	'success',	'2025-05-02 13:28:32',	'2025-05-02 13:28:32'),
(488,	46,	'172.18.0.1',	'success',	'2025-05-02 13:48:23',	'2025-05-02 13:48:23'),
(489,	45,	'172.18.0.1',	'success',	'2025-05-02 14:07:53',	'2025-05-02 14:07:53'),
(490,	47,	'172.18.0.1',	'success',	'2025-05-03 16:43:58',	'2025-05-03 16:43:58'),
(491,	43,	'172.18.0.1',	'success',	'2025-05-03 16:46:48',	'2025-05-03 16:46:48'),
(492,	44,	'172.18.0.1',	'success',	'2025-05-05 16:03:59',	'2025-05-05 16:03:59'),
(493,	3,	'172.18.0.1',	'success',	'2025-05-05 18:12:52',	'2025-05-05 18:12:52'),
(494,	52,	'172.18.0.1',	'success',	'2025-05-05 19:18:44',	'2025-05-05 19:18:44'),
(495,	58,	'172.18.0.1',	'success',	'2025-05-05 20:58:20',	'2025-05-05 20:58:20'),
(496,	64,	'172.18.0.1',	'success',	'2025-05-05 21:46:34',	'2025-05-05 21:46:34'),
(497,	43,	'172.18.0.1',	'success',	'2025-05-05 22:20:40',	'2025-05-05 22:20:40'),
(498,	68,	'172.18.0.1',	'success',	'2025-05-05 22:24:58',	'2025-05-05 22:24:58'),
(499,	70,	'172.18.0.1',	'success',	'2025-05-05 22:39:47',	'2025-05-05 22:39:47'),
(500,	72,	'172.18.0.1',	'success',	'2025-05-05 23:40:19',	'2025-05-05 23:40:19'),
(501,	43,	'172.18.0.1',	'success',	'2025-05-06 00:18:47',	'2025-05-06 00:18:47'),
(502,	43,	'172.18.0.1',	'success',	'2025-05-06 09:27:14',	'2025-05-06 09:27:14'),
(503,	43,	'172.18.0.1',	'success',	'2025-05-06 10:38:45',	'2025-05-06 10:38:45'),
(504,	78,	'172.18.0.1',	'success',	'2025-05-06 11:21:57',	'2025-05-06 11:21:57'),
(505,	NULL,	'172.18.0.1',	'failure',	'2025-05-06 11:59:11',	'2025-05-06 11:59:11'),
(506,	82,	'172.18.0.1',	'success',	'2025-05-06 11:59:35',	'2025-05-06 11:59:35'),
(507,	43,	'172.18.0.1',	'success',	'2025-05-06 12:09:11',	'2025-05-06 12:09:11'),
(508,	84,	'172.18.0.1',	'success',	'2025-05-06 12:10:09',	'2025-05-06 12:10:09'),
(509,	83,	'172.18.0.1',	'success',	'2025-05-06 12:10:17',	'2025-05-06 12:10:17'),
(510,	85,	'172.18.0.1',	'success',	'2025-05-06 12:16:55',	'2025-05-06 12:16:55'),
(511,	44,	'172.18.0.1',	'success',	'2025-05-06 16:13:36',	'2025-05-06 16:13:36'),
(512,	3,	'172.18.0.1',	'success',	'2025-05-06 17:04:06',	'2025-05-06 17:04:06'),
(513,	91,	'172.18.0.1',	'success',	'2025-05-06 17:54:24',	'2025-05-06 17:54:24'),
(514,	92,	'172.18.0.1',	'success',	'2025-05-06 18:41:56',	'2025-05-06 18:41:56'),
(515,	72,	'172.18.0.1',	'failure',	'2025-05-06 18:49:38',	'2025-05-06 18:49:38'),
(516,	43,	'172.18.0.1',	'success',	'2025-05-06 23:33:22',	'2025-05-06 23:33:22'),
(517,	91,	'172.18.0.1',	'success',	'2025-05-07 00:27:12',	'2025-05-07 00:27:12'),
(518,	1,	'172.18.0.1',	'success',	'2025-05-07 11:58:51',	'2025-05-07 11:58:51'),
(519,	43,	'172.18.0.1',	'success',	'2025-05-07 12:33:10',	'2025-05-07 12:33:10'),
(520,	1,	'172.18.0.1',	'success',	'2025-05-07 12:43:36',	'2025-05-07 12:43:36'),
(521,	1,	'172.18.0.1',	'success',	'2025-05-07 13:05:52',	'2025-05-07 13:05:52'),
(522,	92,	'172.18.0.1',	'success',	'2025-05-07 14:01:31',	'2025-05-07 14:01:31'),
(523,	92,	'172.18.0.1',	'success',	'2025-05-07 14:20:44',	'2025-05-07 14:20:44'),
(524,	92,	'172.18.0.1',	'success',	'2025-05-07 15:04:32',	'2025-05-07 15:04:32'),
(525,	3,	'172.18.0.1',	'success',	'2025-05-07 15:04:40',	'2025-05-07 15:04:40'),
(526,	93,	'172.18.0.1',	'success',	'2025-05-07 15:09:42',	'2025-05-07 15:09:42'),
(527,	92,	'172.18.0.1',	'success',	'2025-05-07 16:07:42',	'2025-05-07 16:07:42'),
(531,	92,	'172.18.0.1',	'success',	'2025-05-07 17:27:29',	'2025-05-07 17:27:29'),
(533,	3,	'172.18.0.1',	'success',	'2025-05-07 18:31:48',	'2025-05-07 18:31:48'),
(534,	91,	'172.18.0.1',	'success',	'2025-05-07 22:30:55',	'2025-05-07 22:30:55'),
(535,	92,	'172.18.0.1',	'success',	'2025-05-08 10:07:49',	'2025-05-08 10:07:49'),
(536,	96,	'172.18.0.1',	'success',	'2025-05-08 10:41:11',	'2025-05-08 10:41:11'),
(537,	92,	'172.18.0.1',	'success',	'2025-05-08 10:50:28',	'2025-05-08 10:50:28'),
(538,	43,	'172.18.0.1',	'success',	'2025-05-08 11:46:36',	'2025-05-08 11:46:36'),
(539,	97,	'172.18.0.1',	'success',	'2025-05-08 12:35:13',	'2025-05-08 12:35:13'),
(540,	92,	'172.18.0.1',	'success',	'2025-05-08 12:35:57',	'2025-05-08 12:35:57'),
(541,	NULL,	'172.18.0.1',	'failure',	'2025-05-08 12:44:09',	'2025-05-08 12:44:09'),
(542,	NULL,	'172.18.0.1',	'failure',	'2025-05-08 12:44:24',	'2025-05-08 12:44:24'),
(543,	NULL,	'172.18.0.1',	'failure',	'2025-05-08 12:44:30',	'2025-05-08 12:44:30'),
(544,	NULL,	'172.18.0.1',	'failure',	'2025-05-08 12:45:39',	'2025-05-08 12:45:39'),
(545,	NULL,	'172.18.0.1',	'failure',	'2025-05-08 12:45:53',	'2025-05-08 12:45:53'),
(546,	NULL,	'172.18.0.1',	'failure',	'2025-05-08 12:46:21',	'2025-05-08 12:46:21'),
(547,	NULL,	'172.18.0.1',	'failure',	'2025-05-08 12:46:22',	'2025-05-08 12:46:22'),
(548,	NULL,	'172.18.0.1',	'failure',	'2025-05-08 12:50:06',	'2025-05-08 12:50:06'),
(549,	NULL,	'172.18.0.1',	'failure',	'2025-05-08 12:50:09',	'2025-05-08 12:50:09'),
(550,	92,	'172.18.0.1',	'failure',	'2025-05-08 13:53:49',	'2025-05-08 13:53:49'),
(551,	92,	'172.18.0.1',	'failure',	'2025-05-08 13:53:52',	'2025-05-08 13:53:52'),
(552,	92,	'172.18.0.1',	'failure',	'2025-05-08 13:54:00',	'2025-05-08 13:54:00'),
(553,	92,	'172.18.0.1',	'failure',	'2025-05-08 14:14:30',	'2025-05-08 14:14:30'),
(554,	92,	'172.18.0.1',	'failure',	'2025-05-08 14:33:01',	'2025-05-08 14:33:01'),
(555,	92,	'172.18.0.1',	'failure',	'2025-05-08 14:33:07',	'2025-05-08 14:33:07'),
(556,	92,	'172.18.0.1',	'failure',	'2025-05-08 14:33:32',	'2025-05-08 14:33:32'),
(557,	92,	'172.18.0.1',	'failure',	'2025-05-08 14:33:35',	'2025-05-08 14:33:35'),
(558,	3,	'172.18.0.1',	'success',	'2025-05-08 14:43:38',	'2025-05-08 14:43:38'),
(559,	98,	'172.18.0.1',	'success',	'2025-05-08 15:22:29',	'2025-05-08 15:22:29'),
(560,	92,	'172.18.0.1',	'failure',	'2025-05-08 16:07:22',	'2025-05-08 16:07:22'),
(561,	91,	'172.18.0.1',	'success',	'2025-05-08 23:55:06',	'2025-05-08 23:55:06'),
(562,	3,	'172.18.0.1',	'success',	'2025-05-09 08:17:40',	'2025-05-09 08:17:40'),
(563,	103,	'172.18.0.1',	'success',	'2025-05-09 10:30:49',	'2025-05-09 10:30:49'),
(564,	91,	'172.18.0.1',	'success',	'2025-05-09 10:43:43',	'2025-05-09 10:43:43'),
(565,	43,	'172.18.0.1',	'success',	'2025-05-09 10:52:45',	'2025-05-09 10:52:45'),
(566,	105,	'172.18.0.1',	'success',	'2025-05-09 14:56:23',	'2025-05-09 14:56:23'),
(567,	43,	'172.18.0.1',	'success',	'2025-05-09 14:59:10',	'2025-05-09 14:59:10'),
(568,	43,	'172.18.0.1',	'success',	'2025-05-09 17:18:43',	'2025-05-09 17:18:43'),
(569,	41,	'172.18.0.1',	'success',	'2025-05-10 15:57:11',	'2025-05-10 15:57:11'),
(570,	NULL,	'172.18.0.1',	'failure',	'2025-05-10 16:00:04',	'2025-05-10 16:00:04'),
(571,	106,	'172.18.0.1',	'failure',	'2025-05-10 16:00:19',	'2025-05-10 16:00:19'),
(572,	41,	'172.18.0.1',	'success',	'2025-05-10 16:01:36',	'2025-05-10 16:01:36'),
(573,	3,	'172.18.0.1',	'success',	'2025-05-10 16:02:53',	'2025-05-10 16:02:53'),
(574,	106,	'172.18.0.1',	'failure',	'2025-05-10 16:03:45',	'2025-05-10 16:03:45'),
(575,	106,	'172.18.0.1',	'failure',	'2025-05-10 16:14:18',	'2025-05-10 16:14:18'),
(576,	106,	'172.18.0.1',	'success',	'2025-05-10 16:15:05',	'2025-05-10 16:15:05'),
(577,	106,	'172.18.0.1',	'success',	'2025-05-10 16:17:19',	'2025-05-10 16:17:19'),
(578,	44,	'172.18.0.1',	'success',	'2025-05-10 16:33:22',	'2025-05-10 16:33:22'),
(579,	3,	'172.18.0.1',	'success',	'2025-05-10 16:36:40',	'2025-05-10 16:36:40'),
(580,	43,	'172.18.0.1',	'success',	'2025-05-11 10:20:06',	'2025-05-11 10:20:06'),
(581,	92,	'172.18.0.1',	'failure',	'2025-05-12 10:29:15',	'2025-05-12 10:29:15'),
(582,	92,	'172.18.0.1',	'success',	'2025-05-12 10:29:19',	'2025-05-12 10:29:19'),
(583,	108,	'172.18.0.1',	'success',	'2025-05-12 11:02:15',	'2025-05-12 11:02:15'),
(584,	43,	'172.18.0.1',	'success',	'2025-05-12 12:04:00',	'2025-05-12 12:04:00'),
(585,	47,	'172.18.0.1',	'success',	'2025-05-12 16:16:29',	'2025-05-12 16:16:29'),
(586,	3,	'172.18.0.1',	'success',	'2025-05-12 17:23:15',	'2025-05-12 17:23:15'),
(587,	109,	'172.18.0.1',	'success',	'2025-05-12 17:39:47',	'2025-05-12 17:39:47'),
(588,	109,	'172.18.0.1',	'success',	'2025-05-12 17:58:12',	'2025-05-12 17:58:12'),
(589,	3,	'172.18.0.1',	'success',	'2025-05-12 18:02:45',	'2025-05-12 18:02:45'),
(590,	109,	'172.18.0.1',	'success',	'2025-05-12 18:15:10',	'2025-05-12 18:15:10'),
(591,	109,	'172.18.0.1',	'failure',	'2025-05-12 18:48:08',	'2025-05-12 18:48:08'),
(592,	109,	'172.18.0.1',	'success',	'2025-05-12 18:48:15',	'2025-05-12 18:48:15'),
(593,	3,	'172.18.0.1',	'success',	'2025-05-13 10:23:05',	'2025-05-13 10:23:05'),
(594,	98,	'172.18.0.1',	'success',	'2025-05-13 12:53:20',	'2025-05-13 12:53:20'),
(595,	112,	'172.18.0.1',	'success',	'2025-05-13 16:06:55',	'2025-05-13 16:06:55'),
(596,	43,	'172.18.0.1',	'success',	'2025-05-13 16:16:29',	'2025-05-13 16:16:29'),
(597,	109,	'172.18.0.1',	'success',	'2025-05-13 18:12:48',	'2025-05-13 18:12:48'),
(598,	NULL,	'172.18.0.1',	'failure',	'2025-05-14 15:57:32',	'2025-05-14 15:57:32'),
(599,	NULL,	'172.18.0.1',	'failure',	'2025-05-14 15:57:37',	'2025-05-14 15:57:37'),
(600,	109,	'172.18.0.1',	'success',	'2025-05-14 16:38:06',	'2025-05-14 16:38:06'),
(601,	109,	'172.18.0.1',	'success',	'2025-05-14 16:38:55',	'2025-05-14 16:38:55'),
(602,	109,	'172.18.0.1',	'success',	'2025-05-14 17:08:38',	'2025-05-14 17:08:38'),
(603,	109,	'172.18.0.1',	'success',	'2025-05-14 17:53:02',	'2025-05-14 17:53:02'),
(604,	109,	'172.18.0.1',	'success',	'2025-05-14 18:15:05',	'2025-05-14 18:15:05'),
(605,	NULL,	'172.18.0.1',	'failure',	'2025-05-15 11:16:03',	'2025-05-15 11:16:03'),
(606,	109,	'172.18.0.1',	'success',	'2025-05-15 12:06:39',	'2025-05-15 12:06:39'),
(608,	109,	'172.18.0.1',	'success',	'2025-05-15 12:26:50',	'2025-05-15 12:26:50');

DROP TABLE IF EXISTS `member_companies`;
CREATE TABLE `member_companies` (
  `id` int NOT NULL AUTO_INCREMENT,
  `member_id` int NOT NULL COMMENT '會員ID',
  `company_id` int NOT NULL COMMENT '公司ID',
  `department` varchar(255) CHARACTER SET utf8mb4 COLLATE utf8mb4_unicode_ci DEFAULT NULL COMMENT '部門',
  `title` varchar(255) CHARACTER SET utf8mb4 COLLATE utf8mb4_unicode_ci DEFAULT NULL COMMENT '職稱',
  `created_at` datetime NOT NULL DEFAULT CURRENT_TIMESTAMP COMMENT '建立時間',
  `updated_at` datetime DEFAULT CURRENT_TIMESTAMP ON UPDATE CURRENT_TIMESTAMP COMMENT '修改時間',
  PRIMARY KEY (`id`),
  KEY `member_companies_member_id` (`member_id`),
  KEY `member_companies_company_id` (`company_id`),
  CONSTRAINT `member_companies_ibfk_1` FOREIGN KEY (`member_id`) REFERENCES `members` (`id`) ON DELETE CASCADE,
  CONSTRAINT `member_companies_ibfk_2` FOREIGN KEY (`company_id`) REFERENCES `companies` (`id`) ON DELETE CASCADE
) ENGINE=InnoDB DEFAULT CHARSET=utf8mb4 COLLATE=utf8mb4_unicode_ci COMMENT='會員公司';

INSERT INTO `member_companies` (`id`, `member_id`, `company_id`, `department`, `title`, `created_at`, `updated_at`) VALUES
(15,	37,	15,	NULL,	NULL,	'2025-04-25 11:41:32',	'2025-04-25 11:41:32'),
(16,	38,	16,	NULL,	NULL,	'2025-04-30 09:14:20',	'2025-04-30 09:14:20'),
(17,	39,	17,	'交付部',	'PM',	'2025-05-02 11:25:05',	'2025-05-02 11:26:13'),
(18,	40,	18,	NULL,	NULL,	'2025-05-03 16:43:43',	'2025-05-03 16:43:43'),
(19,	48,	19,	NULL,	NULL,	'2025-05-05 20:33:44',	'2025-05-05 20:33:44'),
(20,	49,	20,	'市場研究部',	'負責人',	'2025-05-05 20:38:20',	'2025-05-05 20:38:20'),
(21,	50,	21,	'Secretariat & Oversea business ',	NULL,	'2025-05-05 20:40:50',	'2025-05-05 20:40:50'),
(22,	51,	22,	'財務',	'財務長',	'2025-05-05 20:57:41',	'2025-05-05 20:57:41'),
(23,	53,	23,	'總經辦',	'CEO ASSISTANT',	'2025-05-05 21:04:47',	'2025-05-05 21:04:47'),
(24,	55,	24,	NULL,	NULL,	'2025-05-05 21:30:49',	'2025-05-05 21:30:49'),
(25,	58,	25,	NULL,	NULL,	'2025-05-05 22:16:17',	'2025-05-05 22:16:17'),
(26,	59,	26,	NULL,	NULL,	'2025-05-05 22:16:19',	'2025-05-05 22:16:19'),
(27,	60,	27,	'行銷公關部',	'行銷公關主任',	'2025-05-05 22:16:31',	'2025-05-05 22:16:31'),
(28,	69,	28,	NULL,	NULL,	'2025-05-06 03:54:10',	'2025-05-06 03:54:10'),
(29,	70,	29,	NULL,	'總經理',	'2025-05-06 11:05:29',	'2025-05-06 11:05:29'),
(30,	71,	30,	NULL,	NULL,	'2025-05-06 11:21:16',	'2025-05-06 11:21:16'),
(31,	72,	31,	'業務部門',	'業務',	'2025-05-06 11:23:28',	'2025-05-06 11:23:28'),
(32,	73,	32,	'Sales',	'Account Manager',	'2025-05-06 11:25:28',	'2025-05-06 11:25:28'),
(33,	74,	33,	'經濟業務部',	'營業員',	'2025-05-06 11:36:29',	'2025-05-06 11:36:29'),
(34,	75,	34,	NULL,	NULL,	'2025-05-06 11:58:26',	'2025-05-06 11:58:26'),
(35,	76,	35,	'Branding ',	'CBO',	'2025-05-06 12:07:48',	'2025-05-06 12:07:48'),
(36,	77,	36,	'日清製粉Welna專案部門',	'專案經理',	'2025-05-06 12:09:30',	'2025-05-06 12:09:30'),
(37,	78,	37,	'拍賣部',	'主管',	'2025-05-06 12:16:35',	'2025-05-06 12:16:35'),
(38,	80,	38,	'實踐大學',	'專任講師',	'2025-05-06 13:15:36',	'2025-05-06 13:15:36'),
(39,	81,	39,	'BU1',	'業務',	'2025-05-06 15:09:15',	'2025-05-06 15:09:15'),
(40,	82,	40,	NULL,	NULL,	'2025-05-06 15:39:50',	'2025-05-06 15:39:50'),
(41,	83,	41,	NULL,	NULL,	'2025-05-06 15:58:03',	'2025-05-06 15:58:03'),
(42,	87,	42,	'商場招商部',	'商品開發',	'2025-05-08 10:36:46',	'2025-05-08 10:36:46'),
(43,	88,	43,	'管理',	'CEO',	'2025-05-08 12:34:13',	'2025-05-08 12:34:13'),
(44,	90,	44,	NULL,	'執行長',	'2025-05-08 16:23:26',	'2025-05-08 16:23:26'),
(45,	91,	45,	'設計',	'主理人',	'2025-05-09 06:44:10',	'2025-05-09 06:44:10'),
(46,	92,	46,	'業務部',	'經理',	'2025-05-09 07:32:10',	'2025-05-09 07:32:10'),
(47,	93,	47,	NULL,	NULL,	'2025-05-09 10:17:01',	'2025-05-09 10:17:01'),
(48,	94,	48,	NULL,	NULL,	'2025-05-09 10:29:02',	'2025-05-09 10:29:02'),
(49,	95,	49,	'業務',	'總經理',	'2025-05-09 11:02:39',	'2025-05-09 11:02:39'),
(50,	96,	50,	'投資部',	'專案經理',	'2025-05-09 14:56:02',	'2025-05-09 14:56:02'),
(51,	98,	51,	'智慧發展處',	'全端工程師',	'2025-05-12 11:02:02',	'2025-05-12 11:02:02'),
(52,	100,	52,	NULL,	'負責人',	'2025-05-13 10:47:07',	'2025-05-13 10:47:07'),
(53,	101,	53,	'營運',	'總監',	'2025-05-13 15:59:16',	'2025-05-13 15:59:16'),
(54,	102,	54,	'專案',	'資深專案執行',	'2025-05-13 16:06:36',	'2025-05-13 16:06:36'),
(55,	103,	55,	'教育輔導處',	'採購專員',	'2025-05-14 13:25:37',	'2025-05-14 13:25:37');

DROP TABLE IF EXISTS `member_design_logos`;
CREATE TABLE `member_design_logos` (
  `id` int NOT NULL AUTO_INCREMENT,
  `member_design_id` int DEFAULT NULL COMMENT '會員設計ID',
  `area_image_id` int DEFAULT NULL COMMENT '編輯區域圖片ID',
  `file_name` varchar(255) COLLATE utf8mb4_unicode_ci NOT NULL COMMENT '檔案名稱',
  `image_url` varchar(500) COLLATE utf8mb4_unicode_ci DEFAULT NULL COMMENT '圖片URL',
  `design_dimensions` json DEFAULT NULL COMMENT 'Logo圖片位置數據 {h: 高度, w: 寬度, x: X 座標, y: Y 座標, angle: 角度}',
  `created_at` datetime NOT NULL DEFAULT CURRENT_TIMESTAMP COMMENT '建立時間',
  `updated_at` datetime DEFAULT CURRENT_TIMESTAMP ON UPDATE CURRENT_TIMESTAMP COMMENT '修改時間',
  PRIMARY KEY (`id`),
  KEY `member_design_id` (`member_design_id`),
  KEY `area_image_id` (`area_image_id`),
  CONSTRAINT `member_design_logos_ibfk_1` FOREIGN KEY (`member_design_id`) REFERENCES `member_designs` (`id`) ON DELETE CASCADE,
  CONSTRAINT `member_design_logos_ibfk_2` FOREIGN KEY (`area_image_id`) REFERENCES `product_area_images` (`id`) ON DELETE CASCADE
) ENGINE=InnoDB DEFAULT CHARSET=utf8mb4 COLLATE=utf8mb4_unicode_ci COMMENT='會員設計Logo圖';


DROP TABLE IF EXISTS `member_designs`;
CREATE TABLE `member_designs` (
  `id` int NOT NULL AUTO_INCREMENT,
  `member_id` int DEFAULT NULL COMMENT '會員ID',
  `product_id` int DEFAULT NULL COMMENT '商品ID',
  `design_name` varchar(255) COLLATE utf8mb4_unicode_ci NOT NULL COMMENT '設計名稱',
  `is_pinned` tinyint(1) NOT NULL DEFAULT '0' COMMENT '是否置頂',
  `created_at` datetime NOT NULL DEFAULT CURRENT_TIMESTAMP COMMENT '建立時間',
  `updated_at` datetime DEFAULT CURRENT_TIMESTAMP ON UPDATE CURRENT_TIMESTAMP COMMENT '修改時間',
  PRIMARY KEY (`id`),
  KEY `member_id` (`member_id`),
  KEY `product_id` (`product_id`),
  CONSTRAINT `member_designs_ibfk_1` FOREIGN KEY (`member_id`) REFERENCES `members` (`id`) ON DELETE CASCADE,
  CONSTRAINT `member_designs_ibfk_2` FOREIGN KEY (`product_id`) REFERENCES `products` (`id`) ON DELETE CASCADE
) ENGINE=InnoDB DEFAULT CHARSET=utf8mb4 COLLATE=utf8mb4_unicode_ci COMMENT='會員設計';


DROP TABLE IF EXISTS `member_logo_colors`;
CREATE TABLE `member_logo_colors` (
  `id` int NOT NULL AUTO_INCREMENT,
  `member_logo_id` int NOT NULL COMMENT '會員Logo圖庫ID',
  `sorting` int NOT NULL DEFAULT '1' COMMENT '排序',
  `color_hex` varchar(7) CHARACTER SET utf8mb4 COLLATE utf8mb4_unicode_ci DEFAULT NULL COMMENT 'HEX 色碼',
  `color_cmyk` json DEFAULT NULL COMMENT 'CMYK 色碼 {"c":0, "m":100, "y":100, "k":0}',
  `created_at` datetime NOT NULL DEFAULT CURRENT_TIMESTAMP COMMENT '建立時間',
  `updated_at` datetime DEFAULT CURRENT_TIMESTAMP ON UPDATE CURRENT_TIMESTAMP COMMENT '修改時間',
  PRIMARY KEY (`id`),
  KEY `member_logo_colors_member_logo_id` (`member_logo_id`),
  CONSTRAINT `member_logo_colors_ibfk_1` FOREIGN KEY (`member_logo_id`) REFERENCES `member_logos` (`id`) ON DELETE CASCADE
) ENGINE=InnoDB DEFAULT CHARSET=utf8mb4 COLLATE=utf8mb4_unicode_ci COMMENT='會員Logo圖庫';

INSERT INTO `member_logo_colors` (`id`, `member_logo_id`, `sorting`, `color_hex`, `color_cmyk`, `created_at`, `updated_at`) VALUES
(199,	57,	1,	NULL,	'{\"c\": 90, \"k\": 51, \"m\": 64, \"y\": 0}',	'2025-04-25 11:54:07',	'2025-04-25 11:54:07'),
(200,	57,	2,	NULL,	'{\"c\": 0, \"k\": 8, \"m\": 2, \"y\": 0}',	'2025-04-25 11:54:07',	'2025-04-25 11:54:07'),
(201,	57,	3,	NULL,	'{\"c\": 30, \"k\": 26, \"m\": 17, \"y\": 0}',	'2025-04-25 11:54:07',	'2025-04-25 11:54:07'),
(202,	57,	4,	NULL,	'{\"c\": 30, \"k\": 26, \"m\": 21, \"y\": 0}',	'2025-04-25 11:54:07',	'2025-04-25 11:54:07'),
(203,	57,	5,	NULL,	'{\"c\": 0, \"k\": 64, \"m\": 52, \"y\": 9}',	'2025-04-25 11:54:07',	'2025-04-25 11:54:07'),
(209,	58,	1,	NULL,	'{\"c\": 0, \"k\": 2, \"m\": 0, \"y\": 0}',	'2025-04-25 12:07:10',	'2025-04-25 12:07:10'),
(210,	58,	2,	NULL,	'{\"c\": 76, \"k\": 63, \"m\": 76, \"y\": 0}',	'2025-04-25 12:07:10',	'2025-04-25 12:07:10'),
(211,	58,	3,	NULL,	'{\"c\": 0, \"k\": 29, \"m\": 83, \"y\": 87}',	'2025-04-25 12:07:10',	'2025-04-25 12:07:10'),
(212,	58,	4,	NULL,	'{\"c\": 24, \"k\": 36, \"m\": 24, \"y\": 0}',	'2025-04-25 12:07:10',	'2025-04-25 12:07:10'),
(213,	58,	5,	NULL,	'{\"c\": 0, \"k\": 14, \"m\": 36, \"y\": 36}',	'2025-04-25 12:07:10',	'2025-04-25 12:07:10'),
(214,	59,	1,	NULL,	'{\"c\": 0, \"k\": 2, \"m\": 0, \"y\": 0}',	'2025-04-30 09:14:51',	'2025-04-30 09:14:51'),
(215,	59,	2,	NULL,	'{\"c\": 76, \"k\": 63, \"m\": 76, \"y\": 0}',	'2025-04-30 09:14:51',	'2025-04-30 09:14:51'),
(216,	59,	3,	NULL,	'{\"c\": 0, \"k\": 29, \"m\": 83, \"y\": 87}',	'2025-04-30 09:14:51',	'2025-04-30 09:14:51'),
(217,	59,	4,	NULL,	'{\"c\": 24, \"k\": 36, \"m\": 24, \"y\": 0}',	'2025-04-30 09:14:51',	'2025-04-30 09:14:51'),
(218,	59,	5,	NULL,	'{\"c\": 0, \"k\": 14, \"m\": 36, \"y\": 36}',	'2025-04-30 09:14:51',	'2025-04-30 09:14:51'),
(219,	60,	1,	NULL,	'{\"c\": 97, \"k\": 28, \"m\": 39, \"y\": 0}',	'2025-05-02 11:29:30',	'2025-05-02 11:29:30'),
(220,	60,	2,	NULL,	'{\"c\": 96, \"k\": 54, \"m\": 55, \"y\": 0}',	'2025-05-02 11:29:30',	'2025-05-02 11:29:30'),
(221,	60,	3,	NULL,	'{\"c\": 93, \"k\": 61, \"m\": 53, \"y\": 0}',	'2025-05-02 11:29:30',	'2025-05-02 11:29:30'),
(222,	60,	4,	NULL,	'{\"c\": 93, \"k\": 47, \"m\": 40, \"y\": 0}',	'2025-05-02 11:29:30',	'2025-05-02 11:29:30'),
(223,	60,	5,	NULL,	'{\"c\": 97, \"k\": 42, \"m\": 44, \"y\": 0}',	'2025-05-02 11:29:30',	'2025-05-02 11:29:30'),
(224,	61,	1,	NULL,	'{\"c\": 0, \"k\": 3, \"m\": 16, \"y\": 78}',	'2025-05-02 11:30:04',	'2025-05-02 11:30:04'),
(225,	61,	2,	NULL,	'{\"c\": 85, \"k\": 80, \"m\": 88, \"y\": 0}',	'2025-05-02 11:30:04',	'2025-05-02 11:30:04'),
(226,	61,	3,	NULL,	'{\"c\": 0, \"k\": 48, \"m\": 18, \"y\": 55}',	'2025-05-02 11:30:04',	'2025-05-02 11:30:04'),
(227,	61,	4,	NULL,	'{\"c\": 0, \"k\": 45, \"m\": 34, \"y\": 57}',	'2025-05-02 11:30:04',	'2025-05-02 11:30:04'),
(228,	61,	5,	NULL,	'{\"c\": 30, \"k\": 48, \"m\": 36, \"y\": 0}',	'2025-05-02 11:30:04',	'2025-05-02 11:30:04'),
(229,	62,	1,	NULL,	'{\"c\": 0, \"k\": 14, \"m\": 87, \"y\": 76}',	'2025-05-02 11:31:27',	'2025-05-02 11:31:27'),
(230,	62,	2,	NULL,	'{\"c\": 0, \"k\": 12, \"m\": 87, \"y\": 77}',	'2025-05-02 11:31:27',	'2025-05-02 11:31:27'),
(231,	62,	3,	NULL,	'{\"c\": 0, \"k\": 12, \"m\": 87, \"y\": 77}',	'2025-05-02 11:31:27',	'2025-05-02 11:31:27'),
(232,	62,	4,	NULL,	'{\"c\": 0, \"k\": 12, \"m\": 87, \"y\": 77}',	'2025-05-02 11:31:27',	'2025-05-02 11:31:27'),
(233,	62,	5,	NULL,	'{\"c\": 0, \"k\": 12, \"m\": 87, \"y\": 77}',	'2025-05-02 11:31:27',	'2025-05-02 11:31:27'),
(234,	63,	1,	NULL,	'{\"c\": 0, \"k\": 33, \"m\": 0, \"y\": 0}',	'2025-05-02 11:32:04',	'2025-05-02 11:32:04'),
(235,	64,	1,	NULL,	'{\"c\": 98, \"k\": 14, \"m\": 29, \"y\": 0}',	'2025-05-03 16:44:50',	'2025-05-03 16:44:50'),
(236,	64,	2,	NULL,	'{\"c\": 0, \"k\": 1, \"m\": 32, \"y\": 89}',	'2025-05-03 16:44:50',	'2025-05-03 16:44:50'),
(237,	65,	1,	NULL,	'{\"c\": 0, \"k\": 9, \"m\": 46, \"y\": 95}',	'2025-05-06 12:10:31',	'2025-05-06 12:10:31'),
(238,	65,	2,	NULL,	'{\"c\": 0, \"k\": 2, \"m\": 0, \"y\": 0}',	'2025-05-06 12:10:31',	'2025-05-06 12:10:31'),
(239,	65,	3,	NULL,	'{\"c\": 0, \"k\": 7, \"m\": 15, \"y\": 36}',	'2025-05-06 12:10:31',	'2025-05-06 12:10:31'),
(240,	65,	4,	NULL,	'{\"c\": 0, \"k\": 4, \"m\": 7, \"y\": 20}',	'2025-05-06 12:10:31',	'2025-05-06 12:10:31'),
(241,	65,	5,	NULL,	'{\"c\": 0, \"k\": 11, \"m\": 21, \"y\": 42}',	'2025-05-06 12:10:31',	'2025-05-06 12:10:31'),
(242,	66,	1,	NULL,	'{\"c\": 0, \"k\": 2, \"m\": 0, \"y\": 0}',	'2025-05-06 12:12:01',	'2025-05-06 12:12:01'),
(243,	66,	2,	NULL,	'{\"c\": 5, \"k\": 47, \"m\": 1, \"y\": 0}',	'2025-05-06 12:12:01',	'2025-05-06 12:12:01'),
(244,	66,	3,	NULL,	'{\"c\": 2, \"k\": 20, \"m\": 0, \"y\": 0}',	'2025-05-06 12:12:01',	'2025-05-06 12:12:01'),
(245,	66,	4,	NULL,	'{\"c\": 2, \"k\": 26, \"m\": 0, \"y\": 0}',	'2025-05-06 12:12:01',	'2025-05-06 12:12:01'),
(246,	66,	5,	NULL,	'{\"c\": 0, \"k\": 29, \"m\": 0, \"y\": 0}',	'2025-05-06 12:12:01',	'2025-05-06 12:12:01'),
(247,	67,	1,	NULL,	'{\"c\": 78, \"k\": 64, \"m\": 78, \"y\": 0}',	'2025-05-07 15:13:34',	'2025-05-07 15:13:34'),
(248,	67,	2,	NULL,	'{\"c\": 0, \"k\": 30, \"m\": 85, \"y\": 89}',	'2025-05-07 15:13:34',	'2025-05-07 15:13:34'),
(254,	69,	1,	NULL,	'{\"c\": 0, \"k\": 100, \"m\": 0, \"y\": 0}',	'2025-05-08 10:42:16',	'2025-05-08 10:42:16'),
(255,	70,	1,	NULL,	'{\"c\": 81, \"k\": 26, \"m\": 30, \"y\": 0}',	'2025-05-09 14:57:00',	'2025-05-09 14:57:00'),
(256,	70,	2,	NULL,	'{\"c\": 81, \"k\": 42, \"m\": 0, \"y\": 0}',	'2025-05-09 14:57:00',	'2025-05-09 14:57:00'),
(257,	70,	3,	NULL,	'{\"c\": 0, \"k\": 95, \"m\": 67, \"y\": 67}',	'2025-05-09 14:57:00',	'2025-05-09 14:57:00'),
(273,	73,	1,	NULL,	'{\"c\": 94, \"k\": 33, \"m\": 38, \"y\": 0}',	'2025-05-12 17:51:02',	'2025-05-12 17:51:02'),
(274,	73,	2,	NULL,	'{\"c\": 98, \"k\": 36, \"m\": 49, \"y\": 0}',	'2025-05-12 17:51:02',	'2025-05-12 17:51:02'),
(275,	73,	3,	NULL,	'{\"c\": 88, \"k\": 33, \"m\": 41, \"y\": 0}',	'2025-05-12 17:51:02',	'2025-05-12 17:51:02'),
(276,	73,	4,	NULL,	'{\"c\": 84, \"k\": 32, \"m\": 38, \"y\": 0}',	'2025-05-12 17:51:02',	'2025-05-12 17:51:02'),
(277,	73,	5,	NULL,	'{\"c\": 93, \"k\": 31, \"m\": 34, \"y\": 0}',	'2025-05-12 17:51:02',	'2025-05-12 17:51:02'),
(278,	71,	1,	NULL,	'{\"c\": 0, \"k\": 78, \"m\": 32, \"y\": 48}',	'2025-05-13 12:54:04',	'2025-05-13 12:54:04'),
(279,	71,	2,	NULL,	'{\"c\": 0, \"k\": 24, \"m\": 27, \"y\": 40}',	'2025-05-13 12:54:04',	'2025-05-13 12:54:04'),
(280,	71,	3,	NULL,	'{\"c\": 0, \"k\": 42, \"m\": 30, \"y\": 44}',	'2025-05-13 12:54:04',	'2025-05-13 12:54:04'),
(281,	71,	4,	NULL,	'{\"c\": 1, \"k\": 36, \"m\": 0, \"y\": 0}',	'2025-05-13 12:54:04',	'2025-05-13 12:54:04'),
(282,	71,	5,	NULL,	'{\"c\": 5, \"k\": 42, \"m\": 3, \"y\": 0}',	'2025-05-13 12:54:04',	'2025-05-13 12:54:04');

DROP TABLE IF EXISTS `member_logos`;
CREATE TABLE `member_logos` (
  `id` int NOT NULL AUTO_INCREMENT,
  `member_id` int NOT NULL COMMENT '會員ID',
  `sorting` int NOT NULL DEFAULT '1' COMMENT '排序',
  `name` varchar(255) CHARACTER SET utf8mb4 COLLATE utf8mb4_unicode_ci NOT NULL COMMENT '名稱',
  `file_name` varchar(255) CHARACTER SET utf8mb4 COLLATE utf8mb4_unicode_ci DEFAULT NULL COMMENT '檔案名稱',
  `image_url` varchar(500) CHARACTER SET utf8mb4 COLLATE utf8mb4_unicode_ci DEFAULT NULL COMMENT '圖片儲存路徑',
  `file_path` varchar(255) CHARACTER SET utf8mb4 COLLATE utf8mb4_unicode_ci DEFAULT NULL COMMENT '檔案位置',
  `is_primary` tinyint(1) DEFAULT '0' COMMENT '是否為主要圖片',
  `description` text CHARACTER SET utf8mb4 COLLATE utf8mb4_unicode_ci COMMENT '描述',
  `created_at` datetime NOT NULL DEFAULT CURRENT_TIMESTAMP COMMENT '建立時間',
  `updated_at` datetime DEFAULT CURRENT_TIMESTAMP ON UPDATE CURRENT_TIMESTAMP COMMENT '修改時間',
  `review_status` enum('pending','approved','rejected') CHARACTER SET utf8mb4 COLLATE utf8mb4_unicode_ci NOT NULL DEFAULT 'pending' COMMENT '審核狀態',
  PRIMARY KEY (`id`),
  KEY `member_logos_member_id` (`member_id`),
  CONSTRAINT `member_logos_ibfk_1` FOREIGN KEY (`member_id`) REFERENCES `members` (`id`) ON DELETE CASCADE
) ENGINE=InnoDB DEFAULT CHARSET=utf8mb4 COLLATE=utf8mb4_unicode_ci COMMENT='會員Logo圖庫';

INSERT INTO `member_logos` (`id`, `member_id`, `sorting`, `name`, `file_name`, `image_url`, `file_path`, `is_primary`, `description`, `created_at`, `updated_at`, `review_status`) VALUES
(57,	37,	1,	'L1',	'1745553247327-512146303.png',	NULL,	NULL,	0,	'',	'2025-04-25 11:54:07',	'2025-04-25 11:54:07',	'pending'),
(58,	37,	1,	'L-2',	'1745553387479-582521995.png',	NULL,	NULL,	0,	'',	'2025-04-25 11:56:27',	'2025-04-25 11:56:27',	'pending'),
(59,	38,	1,	'L-1',	'1745975691812-703883218.png',	NULL,	NULL,	0,	'',	'2025-04-30 09:14:51',	'2025-04-30 09:14:51',	'pending'),
(60,	39,	1,	'fable logo',	'1746156570768-266130187.png',	NULL,	NULL,	0,	'彩色',	'2025-05-02 11:29:30',	'2025-05-02 11:29:30',	'pending'),
(61,	39,	1,	'miro logo',	'1746156604429-266107253.png',	NULL,	NULL,	0,	'彩色-橫式',	'2025-05-02 11:30:04',	'2025-05-02 11:30:04',	'pending'),
(62,	39,	1,	'Honeywell logo',	'1746156687145-31291844.png',	NULL,	NULL,	0,	'彩色-橫式-英文',	'2025-05-02 11:31:27',	'2025-05-02 11:31:27',	'pending'),
(63,	39,	1,	'Hairmosa logo',	'1746156724852-443147684.png',	NULL,	NULL,	0,	'單色（灰色版）',	'2025-05-02 11:32:04',	'2025-05-02 11:32:04',	'pending'),
(64,	40,	1,	'Inkslap Logo',	'1746261890282-816096546.png',	NULL,	NULL,	0,	'',	'2025-05-03 16:44:50',	'2025-05-03 16:44:50',	'pending'),
(65,	77,	1,	'Fabridge 公司商標',	'1746504631891-290781384.png',	NULL,	NULL,	0,	'',	'2025-05-06 12:10:31',	'2025-05-06 12:10:31',	'pending'),
(66,	76,	1,	'Soul',	'1746504721499-213798070.png',	NULL,	NULL,	0,	'',	'2025-05-06 12:12:01',	'2025-05-06 12:12:01',	'pending'),
(67,	84,	1,	'恩璽',	'1746602014073-994012196.png',	NULL,	NULL,	0,	'',	'2025-05-07 15:13:34',	'2025-05-07 15:13:34',	'pending'),
(69,	87,	1,	'Logo A',	'1746672136668-227501428.png',	NULL,	NULL,	0,	'',	'2025-05-08 10:42:16',	'2025-05-08 10:42:16',	'pending'),
(70,	96,	1,	'富邦金控創投 Logo',	'1746773820029-719835273.png',	NULL,	NULL,	0,	'',	'2025-05-09 14:57:00',	'2025-05-09 14:57:00',	'pending'),
(71,	89,	1,	'杯子杯子杯子杯子杯子杯子杯子杯子杯子杯子杯子杯子杯子杯子杯子杯子杯子杯子',	'1747041113807-976267313.png',	NULL,	NULL,	0,	'',	'2025-05-12 16:47:03',	'2025-05-13 12:54:04',	'pending'),
(72,	99,	1,	'truck',	'1747043421695-366232101.png',	NULL,	NULL,	0,	'',	'2025-05-12 17:50:21',	'2025-05-12 17:50:21',	'pending'),
(73,	99,	1,	'truck2',	'1747043462932-27157963.png',	NULL,	NULL,	0,	'',	'2025-05-12 17:51:02',	'2025-05-12 17:51:02',	'pending');

DROP TABLE IF EXISTS `members`;
CREATE TABLE `members` (
  `id` int NOT NULL AUTO_INCREMENT,
  `code` varchar(20) CHARACTER SET utf8mb4 COLLATE utf8mb4_unicode_ci NOT NULL COMMENT '編號',
  `user_id` int NOT NULL COMMENT '使用者ID',
  `name` varchar(100) CHARACTER SET utf8mb4 COLLATE utf8mb4_unicode_ci DEFAULT NULL COMMENT '名稱',
  `gender` enum('male','female','other') CHARACTER SET utf8mb4 COLLATE utf8mb4_unicode_ci NOT NULL DEFAULT 'male' COMMENT '性別',
  `dob` date DEFAULT NULL COMMENT '生日',
  `phone` varchar(20) CHARACTER SET utf8mb4 COLLATE utf8mb4_unicode_ci DEFAULT NULL COMMENT '電話',
  `mobile` varchar(20) CHARACTER SET utf8mb4 COLLATE utf8mb4_unicode_ci DEFAULT NULL COMMENT '手機',
  `address` text CHARACTER SET utf8mb4 COLLATE utf8mb4_unicode_ci COMMENT '地址',
  `avatar` varchar(255) CHARACTER SET utf8mb4 COLLATE utf8mb4_unicode_ci DEFAULT NULL COMMENT '大頭貼',
  `created_at` datetime NOT NULL DEFAULT CURRENT_TIMESTAMP COMMENT '建立時間',
  `updated_at` datetime NOT NULL DEFAULT CURRENT_TIMESTAMP ON UPDATE CURRENT_TIMESTAMP COMMENT '修改時間',
  `last_name` varchar(100) CHARACTER SET utf8mb4 COLLATE utf8mb4_unicode_ci DEFAULT NULL COMMENT '姓',
  `first_name` varchar(100) CHARACTER SET utf8mb4 COLLATE utf8mb4_unicode_ci DEFAULT NULL COMMENT '名',
  PRIMARY KEY (`id`),
  KEY `members_user_id` (`user_id`),
  CONSTRAINT `members_ibfk_1` FOREIGN KEY (`user_id`) REFERENCES `users` (`id`) ON DELETE CASCADE
) ENGINE=InnoDB DEFAULT CHARSET=utf8mb4 COLLATE=utf8mb4_unicode_ci COMMENT='會員';

INSERT INTO `members` (`id`, `code`, `user_id`, `name`, `gender`, `dob`, `phone`, `mobile`, `address`, `avatar`, `created_at`, `updated_at`, `last_name`, `first_name`) VALUES
(37,	'U20250027',	41,	'FRankieLulu',	'male',	NULL,	NULL,	'0912345678',	NULL,	NULL,	'2025-04-25 11:41:32',	'2025-04-25 11:41:32',	'FRankie',	'Lulu'),
(38,	'U20250002',	44,	'FRankielul',	'male',	NULL,	NULL,	'0922123123',	NULL,	NULL,	'2025-04-30 09:14:20',	'2025-04-30 09:14:20',	'FRankie',	'lul'),
(39,	'U20250003',	46,	'陳Kiki',	'male',	NULL,	NULL,	'0978579280',	NULL,	NULL,	'2025-05-02 11:25:05',	'2025-05-02 11:25:05',	'陳',	'Kiki'),
(40,	'U20250004',	47,	'倪嘉昇',	'male',	NULL,	NULL,	'0979089999',	NULL,	NULL,	'2025-05-03 16:43:43',	'2025-05-03 16:43:43',	'倪',	'嘉昇'),
(41,	'U20250005',	48,	'ShihHao-Ting',	'male',	NULL,	NULL,	'096611711',	NULL,	NULL,	'2025-05-05 17:49:46',	'2025-05-05 17:49:46',	'Shih',	'Hao-Ting'),
(42,	'U20250006',	49,	'SungHank',	'male',	NULL,	NULL,	'0976785158',	NULL,	NULL,	'2025-05-05 19:02:27',	'2025-05-05 19:02:27',	'Sung',	'Hank'),
(43,	'U20250007',	50,	'王婷媗',	'male',	NULL,	NULL,	'0978627275',	NULL,	NULL,	'2025-05-05 19:11:14',	'2025-05-05 19:11:14',	'王',	'婷媗'),
(44,	'U20250008',	51,	'陳奕安',	'male',	NULL,	NULL,	'0963770507',	NULL,	NULL,	'2025-05-05 19:12:14',	'2025-05-05 19:12:14',	'陳',	'奕安'),
(45,	'U20250009',	52,	'葉乃瑩',	'male',	NULL,	NULL,	'0983451211',	NULL,	NULL,	'2025-05-05 19:17:19',	'2025-05-05 19:17:19',	'葉',	'乃瑩'),
(46,	'U20250010',	53,	'AllenChen',	'male',	NULL,	NULL,	'0973535675',	NULL,	NULL,	'2025-05-05 19:29:13',	'2025-05-05 19:29:13',	'Allen',	'Chen'),
(47,	'U20250011',	54,	'孫業華',	'male',	NULL,	NULL,	'0908341910',	NULL,	NULL,	'2025-05-05 19:51:21',	'2025-05-05 19:51:21',	'孫',	'業華'),
(48,	'U20250012',	55,	'HwangKen',	'male',	NULL,	NULL,	'0928126281',	NULL,	NULL,	'2025-05-05 20:33:44',	'2025-05-05 20:33:44',	'Hwang',	'Ken'),
(49,	'U20250013',	56,	'張秉盛',	'male',	NULL,	NULL,	'0978322980',	NULL,	NULL,	'2025-05-05 20:38:20',	'2025-05-05 20:38:20',	'張',	'秉盛'),
(50,	'U20250014',	57,	'LeeKyle ',	'male',	NULL,	NULL,	'0976158420',	NULL,	NULL,	'2025-05-05 20:40:50',	'2025-05-05 20:40:50',	'Lee',	'Kyle '),
(51,	'U20250015',	58,	'LinDawn',	'male',	NULL,	NULL,	'0909322368',	NULL,	NULL,	'2025-05-05 20:57:41',	'2025-05-05 20:57:41',	'Lin',	'Dawn'),
(52,	'U20250016',	59,	'潘泙淳',	'male',	NULL,	NULL,	'0931083089',	NULL,	NULL,	'2025-05-05 21:03:18',	'2025-05-05 21:03:18',	'潘',	'泙淳'),
(53,	'U20250017',	60,	'HsuHazer',	'male',	NULL,	NULL,	'0911813649',	NULL,	NULL,	'2025-05-05 21:04:47',	'2025-05-05 21:04:47',	'Hsu',	'Hazer'),
(54,	'U20250018',	61,	'賴光偉',	'male',	NULL,	NULL,	'0980456763',	NULL,	NULL,	'2025-05-05 21:17:59',	'2025-05-05 21:17:59',	'賴',	'光偉'),
(55,	'U20250019',	62,	'戴家欣',	'male',	NULL,	NULL,	'0918970409',	NULL,	NULL,	'2025-05-05 21:30:49',	'2025-05-05 21:30:49',	'戴',	'家欣'),
(56,	'U20250020',	63,	'史逸中',	'male',	NULL,	NULL,	'0919272992',	NULL,	NULL,	'2025-05-05 21:33:50',	'2025-05-05 21:33:50',	'史',	'逸中'),
(57,	'U20250021',	64,	'鄔是選',	'male',	NULL,	NULL,	'0919223631',	NULL,	NULL,	'2025-05-05 21:46:16',	'2025-05-05 21:46:16',	'鄔',	'是選'),
(58,	'U20250022',	65,	'李昱',	'male',	NULL,	NULL,	'0988068838',	NULL,	NULL,	'2025-05-05 22:16:17',	'2025-05-05 22:16:17',	'李',	'昱'),
(59,	'U20250023',	66,	'李昱',	'male',	NULL,	NULL,	'0988068838',	NULL,	NULL,	'2025-05-05 22:16:18',	'2025-05-05 22:16:18',	'李',	'昱'),
(60,	'U20250024',	67,	'邱俐瑜',	'male',	NULL,	NULL,	'0929689797',	NULL,	NULL,	'2025-05-05 22:16:31',	'2025-05-05 22:16:31',	'邱',	'俐瑜'),
(61,	'U20250025',	68,	'梁偉恩',	'male',	NULL,	NULL,	'0988520630',	NULL,	NULL,	'2025-05-05 22:24:44',	'2025-05-05 22:24:44',	'梁',	'偉恩'),
(62,	'U20250026',	69,	'陳頤慧',	'male',	NULL,	NULL,	'0917088323',	NULL,	NULL,	'2025-05-05 22:33:27',	'2025-05-05 22:33:27',	'陳',	'頤慧'),
(63,	'U20250027',	70,	'王俊心',	'male',	NULL,	NULL,	'0938412234',	NULL,	NULL,	'2025-05-05 22:39:26',	'2025-05-05 22:39:26',	'王',	'俊心'),
(64,	'U20250028',	71,	'劉杰鳴',	'male',	NULL,	NULL,	'0905125873',	NULL,	NULL,	'2025-05-05 23:06:54',	'2025-05-05 23:06:54',	'劉',	'杰鳴'),
(65,	'U20250029',	72,	'楊博晴',	'male',	NULL,	NULL,	'0972575481',	NULL,	NULL,	'2025-05-05 23:39:49',	'2025-05-05 23:39:49',	'楊',	'博晴'),
(66,	'U20250030',	73,	'吳語婕',	'male',	NULL,	NULL,	'4256474626',	NULL,	NULL,	'2025-05-06 00:15:34',	'2025-05-06 00:15:34',	'吳',	'語婕'),
(67,	'U20250031',	74,	'Yang Charlie',	'male',	NULL,	NULL,	'0926951891',	NULL,	NULL,	'2025-05-06 00:46:16',	'2025-05-06 00:46:16',	'Yang ',	'Charlie'),
(68,	'U20250032',	75,	'carinaPing',	'male',	NULL,	NULL,	'4252793411',	NULL,	NULL,	'2025-05-06 02:39:15',	'2025-05-06 02:39:15',	'carina',	'Ping'),
(69,	'U20250033',	76,	'曹炘彤',	'male',	NULL,	NULL,	'0931066012',	NULL,	NULL,	'2025-05-06 03:54:10',	'2025-05-06 03:54:10',	'曹',	'炘彤'),
(70,	'U20250034',	77,	'張景紳',	'male',	NULL,	NULL,	'0928853815',	NULL,	NULL,	'2025-05-06 11:05:29',	'2025-05-06 11:05:29',	'張',	'景紳'),
(71,	'U20250035',	78,	'潘泙淳',	'male',	NULL,	NULL,	'0931083089',	NULL,	NULL,	'2025-05-06 11:21:16',	'2025-05-06 11:21:16',	'潘',	'泙淳'),
(72,	'U20250036',	79,	'楊川葦',	'male',	NULL,	NULL,	'0926951891',	NULL,	NULL,	'2025-05-06 11:23:28',	'2025-05-06 11:23:28',	'楊',	'川葦'),
(73,	'U20250037',	80,	'HwangKen',	'male',	NULL,	NULL,	'0928126291',	NULL,	NULL,	'2025-05-06 11:25:28',	'2025-05-06 11:25:28',	'Hwang',	'Ken'),
(74,	'U20250038',	81,	'葉乃瑩',	'male',	NULL,	NULL,	'0983451211',	NULL,	NULL,	'2025-05-06 11:36:29',	'2025-05-06 11:36:29',	'葉',	'乃瑩'),
(75,	'U20250039',	82,	'陳柔蒨',	'male',	NULL,	NULL,	'0989364732',	NULL,	NULL,	'2025-05-06 11:58:26',	'2025-05-06 11:58:26',	'陳',	'柔蒨'),
(76,	'U20250040',	83,	'sochisun',	'male',	NULL,	NULL,	'8526117261',	NULL,	NULL,	'2025-05-06 12:07:48',	'2025-05-06 12:07:48',	'so',	'chisun'),
(77,	'U20250041',	84,	'吳念寰',	'male',	NULL,	NULL,	'0975653928',	NULL,	NULL,	'2025-05-06 12:09:30',	'2025-05-06 12:09:30',	'吳',	'念寰'),
(78,	'U20250042',	85,	'LiangWini',	'male',	NULL,	NULL,	'0988520630',	NULL,	NULL,	'2025-05-06 12:16:35',	'2025-05-06 12:16:35',	'Liang',	'Wini'),
(79,	'U20250043',	86,	'王翠韓',	'male',	NULL,	NULL,	'0938412234',	NULL,	NULL,	'2025-05-06 12:56:24',	'2025-05-06 12:56:24',	'王',	'翠韓'),
(80,	'U20250044',	87,	'高捷',	'male',	NULL,	NULL,	'0972708667',	NULL,	NULL,	'2025-05-06 13:15:36',	'2025-05-06 13:15:36',	'高',	'捷'),
(81,	'U20250045',	88,	'陳怡安',	'male',	NULL,	NULL,	'0978013020',	NULL,	NULL,	'2025-05-06 15:09:15',	'2025-05-06 15:09:15',	'陳',	'怡安'),
(82,	'U20250046',	89,	'AaronTai',	'male',	NULL,	NULL,	'0918970409',	NULL,	NULL,	'2025-05-06 15:39:50',	'2025-05-06 15:39:50',	'Aaron',	'Tai'),
(83,	'U20250047',	90,	'劉杰鳴',	'male',	NULL,	NULL,	'0905125873',	NULL,	NULL,	'2025-05-06 15:58:03',	'2025-05-06 15:58:03',	'劉',	'杰鳴'),
(84,	'U20250048',	93,	'YuKelly',	'male',	NULL,	NULL,	'0911860429',	NULL,	NULL,	'2025-05-07 15:05:03',	'2025-05-07 15:05:03',	'Yu',	'Kelly'),
(87,	'U20250049',	96,	'簡妙芩',	'male',	NULL,	NULL,	'0910510372',	NULL,	NULL,	'2025-05-08 10:36:46',	'2025-05-08 10:36:46',	'簡',	'妙芩'),
(88,	'U20250050',	97,	'吳達光',	'male',	NULL,	NULL,	'0983826662',	NULL,	NULL,	'2025-05-08 12:34:13',	'2025-05-08 12:34:13',	'吳',	'達光'),
(89,	'U20250051',	98,	'LinCC',	'male',	NULL,	NULL,	'0911111111',	NULL,	NULL,	'2025-05-08 15:20:33',	'2025-05-08 15:20:33',	'Lin',	'CC'),
(90,	'U20250052',	99,	'顏沛婕',	'male',	NULL,	NULL,	'0913520561',	NULL,	NULL,	'2025-05-08 16:23:26',	'2025-05-08 16:23:26',	'顏',	'沛婕'),
(91,	'U20250053',	100,	'謝寶珍',	'male',	NULL,	NULL,	'0933909055',	NULL,	NULL,	'2025-05-09 06:44:10',	'2025-05-09 06:44:10',	'謝',	'寶珍'),
(92,	'U20250054',	101,	'呂信霆',	'male',	NULL,	NULL,	'0975202933',	NULL,	NULL,	'2025-05-09 07:32:10',	'2025-05-09 07:32:10',	'呂',	'信霆'),
(93,	'U20250055',	102,	'林政翰',	'male',	NULL,	NULL,	'0906486706',	NULL,	NULL,	'2025-05-09 10:17:01',	'2025-05-09 10:17:01',	'林',	'政翰'),
(94,	'U20250056',	103,	'黃雅農',	'male',	NULL,	NULL,	'0916176641',	NULL,	NULL,	'2025-05-09 10:29:02',	'2025-05-09 10:29:02',	'黃',	'雅農'),
(95,	'U20250057',	104,	'林祐霆',	'male',	NULL,	NULL,	'0987710680',	NULL,	NULL,	'2025-05-09 11:02:39',	'2025-05-09 11:02:39',	'林',	'祐霆'),
(96,	'U20250058',	105,	'陳威帆',	'male',	NULL,	NULL,	'0956010505',	NULL,	NULL,	'2025-05-09 14:56:02',	'2025-05-09 14:56:02',	'陳',	'威帆'),
(97,	'U20250059',	106,	'JohnDoe',	'male',	NULL,	NULL,	'0912345678',	NULL,	NULL,	'2025-05-10 15:53:35',	'2025-05-10 15:53:35',	'John',	'Doe'),
(98,	'U20250060',	108,	'賴光偉',	'male',	NULL,	NULL,	'0980456763',	NULL,	NULL,	'2025-05-12 11:02:02',	'2025-05-12 11:02:02',	'賴',	'光偉'),
(99,	'U20250061',	109,	'ＬLynne',	'male',	NULL,	NULL,	'0900000000',	NULL,	NULL,	'2025-05-12 17:39:34',	'2025-05-12 17:39:34',	'Ｌ',	'Lynne'),
(100,	'U20250062',	110,	'許世瑋',	'male',	NULL,	NULL,	'0933893189',	NULL,	NULL,	'2025-05-13 10:47:07',	'2025-05-13 10:47:07',	'許',	'世瑋'),
(101,	'U20250063',	111,	'劉鴻輝',	'male',	NULL,	NULL,	'0983351898',	NULL,	NULL,	'2025-05-13 15:59:16',	'2025-05-13 15:59:16',	'劉',	'鴻輝'),
(102,	'U20250064',	112,	'劉品嘉',	'male',	NULL,	NULL,	'0928772521',	NULL,	NULL,	'2025-05-13 16:06:36',	'2025-05-13 16:06:36',	'劉',	'品嘉'),
(103,	'U20250065',	113,	'舒章綸',	'male',	NULL,	NULL,	'0975670615',	NULL,	NULL,	'2025-05-14 13:25:37',	'2025-05-14 13:25:37',	'舒',	'章綸');

DROP TABLE IF EXISTS `order_item_images`;
CREATE TABLE `order_item_images` (
  `id` int NOT NULL AUTO_INCREMENT,
  `order_item_id` int DEFAULT NULL COMMENT '訂單明細ID',
  `sorting` int NOT NULL DEFAULT '1' COMMENT '排序編號',
  `file_name` varchar(255) COLLATE utf8mb4_unicode_ci NOT NULL COMMENT '檔案名稱',
  `image_url` varchar(500) COLLATE utf8mb4_unicode_ci DEFAULT NULL COMMENT '圖片URL',
  `created_at` datetime NOT NULL DEFAULT CURRENT_TIMESTAMP COMMENT '建立時間',
  `updated_at` datetime DEFAULT CURRENT_TIMESTAMP ON UPDATE CURRENT_TIMESTAMP COMMENT '修改時間',
  PRIMARY KEY (`id`),
  KEY `order_item_id` (`order_item_id`),
  CONSTRAINT `order_item_images_ibfk_1` FOREIGN KEY (`order_item_id`) REFERENCES `order_items` (`id`) ON DELETE CASCADE
) ENGINE=InnoDB DEFAULT CHARSET=utf8mb4 COLLATE=utf8mb4_unicode_ci COMMENT='訂單明細圖片';

INSERT INTO `order_item_images` (`id`, `order_item_id`, `sorting`, `file_name`, `image_url`, `created_at`, `updated_at`) VALUES
(1,	1,	1,	'1745169462769-424778136.png',	NULL,	'2025-04-21 01:17:42',	'2025-04-21 01:17:42'),
(2,	1,	2,	'1745169462780-536442415.png',	NULL,	'2025-04-21 01:17:42',	'2025-04-21 01:17:42'),
(3,	4,	1,	'1745174024523-395459474.png',	NULL,	'2025-04-21 02:33:44',	'2025-04-21 02:33:44'),
(4,	4,	2,	'1745174024532-808829086.png',	NULL,	'2025-04-21 02:33:44',	'2025-04-21 02:33:44'),
(5,	6,	1,	'1745289063721-127207006.jpg',	NULL,	'2025-04-22 10:31:03',	'2025-04-22 10:31:03'),
(6,	7,	1,	'1745290500716-231900610.jpg',	NULL,	'2025-04-22 10:55:00',	'2025-04-22 10:55:00'),
(7,	21,	1,	'1745396356761-851901425.png',	NULL,	'2025-04-23 16:19:16',	'2025-04-23 16:19:16'),
(8,	21,	2,	'1745396356771-488640852.png',	NULL,	'2025-04-23 16:19:16',	'2025-04-23 16:19:16'),
(9,	25,	1,	'1745401641659-582269637.jpg',	NULL,	'2025-04-23 17:47:21',	'2025-04-23 17:47:21'),
(10,	26,	1,	'1745402222254-529983570.jpg',	NULL,	'2025-04-23 17:57:02',	'2025-04-23 17:57:02'),
(11,	34,	1,	'1745460714782-240451345.png',	NULL,	'2025-04-24 10:11:54',	'2025-04-24 10:11:54'),
(12,	35,	1,	'1745460956207-765694671',	NULL,	'2025-04-24 10:15:56',	'2025-04-24 10:15:56'),
(13,	36,	1,	'1745460960436-552997143.png',	NULL,	'2025-04-24 10:16:00',	'2025-04-24 10:16:00'),
(14,	36,	2,	'1745460960444-982563221.png',	NULL,	'2025-04-24 10:16:00',	'2025-04-24 10:16:00'),
(15,	37,	1,	'1745464120859-624858495.png',	NULL,	'2025-04-24 11:08:40',	'2025-04-24 11:08:40'),
(16,	37,	2,	'1745464120870-963386303.png',	NULL,	'2025-04-24 11:08:40',	'2025-04-24 11:08:40'),
(17,	38,	1,	'1745477473235-719186273.png',	NULL,	'2025-04-24 14:51:13',	'2025-04-24 14:51:13'),
(18,	38,	2,	'1745477473249-310366170.png',	NULL,	'2025-04-24 14:51:13',	'2025-04-24 14:51:13'),
(19,	39,	1,	'1745484135359-130910067.png',	NULL,	'2025-04-24 16:42:15',	'2025-04-24 16:42:15'),
(20,	39,	2,	'1745484135364-894205983.png',	NULL,	'2025-04-24 16:42:15',	'2025-04-24 16:42:15'),
(21,	40,	1,	'1745484263565-282653729.png',	NULL,	'2025-04-24 16:44:23',	'2025-04-24 16:44:23'),
(22,	40,	2,	'1745484263573-161193283.png',	NULL,	'2025-04-24 16:44:23',	'2025-04-24 16:44:23'),
(23,	41,	1,	'1745486740400-285235130.png',	NULL,	'2025-04-24 17:25:40',	'2025-04-24 17:25:40'),
(24,	42,	1,	'1745500072423-542434252.png',	NULL,	'2025-04-24 21:07:52',	'2025-04-24 21:07:52'),
(25,	42,	2,	'1745500072428-891652789.png',	NULL,	'2025-04-24 21:07:52',	'2025-04-24 21:07:52'),
(26,	43,	1,	'1745500158546-968628533.png',	NULL,	'2025-04-24 21:09:18',	'2025-04-24 21:09:18'),
(27,	43,	2,	'1745500158556-943385967.png',	NULL,	'2025-04-24 21:09:18',	'2025-04-24 21:09:18'),
(28,	44,	1,	'1745506446326-169316811.png',	NULL,	'2025-04-24 22:54:06',	'2025-04-24 22:54:06'),
(29,	44,	2,	'1745506446334-160022964.png',	NULL,	'2025-04-24 22:54:06',	'2025-04-24 22:54:06'),
(30,	45,	1,	'1745510375878-85801263.png',	NULL,	'2025-04-24 23:59:35',	'2025-04-24 23:59:35'),
(31,	45,	2,	'1745510375887-540715583.png',	NULL,	'2025-04-24 23:59:35',	'2025-04-24 23:59:35'),
(32,	46,	1,	'1745546319547-554977403.png',	NULL,	'2025-04-25 09:58:39',	'2025-04-25 09:58:39'),
(33,	46,	2,	'1745546319578-162040475.png',	NULL,	'2025-04-25 09:58:39',	'2025-04-25 09:58:39'),
(34,	47,	1,	'1745552286740-494786640.png',	NULL,	'2025-04-25 11:38:06',	'2025-04-25 11:38:06'),
(35,	48,	1,	'1745554142742-487171015.png',	NULL,	'2025-04-25 12:09:02',	'2025-04-25 12:09:02'),
(36,	49,	1,	'1745921849762-85021994.png',	NULL,	'2025-04-29 18:17:29',	'2025-04-29 18:17:29'),
(37,	50,	1,	'1745922340416-115985596.png',	NULL,	'2025-04-29 18:25:40',	'2025-04-29 18:25:40'),
(38,	51,	1,	'1745925332483-751370558.png',	NULL,	'2025-04-29 19:15:32',	'2025-04-29 19:15:32'),
(39,	52,	1,	'1745948029739-702930938.png',	NULL,	'2025-04-30 01:33:49',	'2025-04-30 01:33:49'),
(40,	52,	2,	'1745948029744-458351452.png',	NULL,	'2025-04-30 01:33:49',	'2025-04-30 01:33:49'),
(41,	53,	1,	'1745978412480-95593327.png',	NULL,	'2025-04-30 10:00:12',	'2025-04-30 10:00:12'),
(42,	53,	2,	'1745978412492-282026955.png',	NULL,	'2025-04-30 10:00:12',	'2025-04-30 10:00:12'),
(43,	54,	1,	'1745998368540-837489944.png',	NULL,	'2025-04-30 15:32:48',	'2025-04-30 15:32:48'),
(44,	54,	2,	'1745998368545-871213798.png',	NULL,	'2025-04-30 15:32:48',	'2025-04-30 15:32:48'),
(45,	55,	1,	'1746074053843-288628270.png',	NULL,	'2025-05-01 12:34:13',	'2025-05-01 12:34:13'),
(46,	55,	2,	'1746074053856-455032348.png',	NULL,	'2025-05-01 12:34:13',	'2025-05-01 12:34:13'),
(47,	56,	1,	'1746164473605-307976515.png',	NULL,	'2025-05-02 13:41:13',	'2025-05-02 13:41:13'),
(48,	57,	1,	'1746164547160-514983766.png',	NULL,	'2025-05-02 13:42:27',	'2025-05-02 13:42:27'),
(49,	57,	2,	'1746164547169-466690835.png',	NULL,	'2025-05-02 13:42:27',	'2025-05-02 13:42:27'),
(50,	58,	1,	'1746443734892-371186455.png',	NULL,	'2025-05-05 19:15:34',	'2025-05-05 19:15:34'),
(51,	58,	2,	'1746443734904-117427455.png',	NULL,	'2025-05-05 19:15:34',	'2025-05-05 19:15:34'),
(52,	59,	1,	'1746519402981-351810529.png',	NULL,	'2025-05-06 16:16:43',	'2025-05-06 16:16:43'),
(53,	60,	1,	'1746519719609-536045754.png',	NULL,	'2025-05-06 16:21:59',	'2025-05-06 16:21:59'),
(54,	60,	2,	'1746519719612-540100025.png',	NULL,	'2025-05-06 16:21:59',	'2025-05-06 16:21:59'),
(55,	61,	1,	'1746602140477-245857822.png',	NULL,	'2025-05-07 15:15:40',	'2025-05-07 15:15:40'),
(56,	62,	1,	'1746672230196-723583348.png',	NULL,	'2025-05-08 10:43:50',	'2025-05-08 10:43:50'),
(57,	63,	1,	'1746773947120-491284394.png',	NULL,	'2025-05-09 14:59:07',	'2025-05-09 14:59:07'),
(58,	63,	2,	'1746773947128-942886322.png',	NULL,	'2025-05-09 14:59:07',	'2025-05-09 14:59:07'),
(59,	64,	1,	'1746866060960-809368647.png',	NULL,	'2025-05-10 16:34:20',	'2025-05-10 16:34:20'),
(60,	65,	1,	'1747021056325-508734416.png',	NULL,	'2025-05-12 11:37:36',	'2025-05-12 11:37:36');

DROP TABLE IF EXISTS `order_items`;
CREATE TABLE `order_items` (
  `id` int NOT NULL AUTO_INCREMENT,
  `order_id` int DEFAULT NULL COMMENT '訂單ID',
  `sorting` int NOT NULL DEFAULT '1' COMMENT '排序編號',
  `product_id` int DEFAULT NULL COMMENT '商品ID',
  `product_name` varchar(255) COLLATE utf8mb4_unicode_ci NOT NULL COMMENT '商品名稱',
  `color` varchar(50) COLLATE utf8mb4_unicode_ci DEFAULT NULL COMMENT '顏色',
  `specification` varchar(50) COLLATE utf8mb4_unicode_ci DEFAULT NULL COMMENT '規格',
  `unit_price` decimal(10,2) NOT NULL DEFAULT '0.00' COMMENT '單價',
  `quantity` int NOT NULL DEFAULT '1' COMMENT '購買數量',
  `subtotal` decimal(10,2) NOT NULL DEFAULT '0.00' COMMENT '小計',
  `created_at` datetime NOT NULL DEFAULT CURRENT_TIMESTAMP COMMENT '建立時間',
  `updated_at` datetime DEFAULT CURRENT_TIMESTAMP ON UPDATE CURRENT_TIMESTAMP COMMENT '修改時間',
  PRIMARY KEY (`id`),
  KEY `order_id` (`order_id`),
  KEY `product_id` (`product_id`),
  CONSTRAINT `order_items_ibfk_1` FOREIGN KEY (`order_id`) REFERENCES `orders` (`id`) ON DELETE CASCADE,
  CONSTRAINT `order_items_ibfk_2` FOREIGN KEY (`product_id`) REFERENCES `products` (`id`) ON DELETE CASCADE
) ENGINE=InnoDB DEFAULT CHARSET=utf8mb4 COLLATE=utf8mb4_unicode_ci COMMENT='訂單明細';

INSERT INTO `order_items` (`id`, `order_id`, `sorting`, `product_id`, `product_name`, `color`, `specification`, `unit_price`, `quantity`, `subtotal`, `created_at`, `updated_at`) VALUES
(1,	1,	1,	79,	'皮革隨身鏡',	'黑',	'300ML',	1000.00,	1,	1000.00,	'2025-04-21 01:17:42',	'2025-04-21 01:17:42'),
(2,	2,	1,	79,	'皮革隨身鏡',	'黑',	'300ml',	100.00,	1,	100.00,	'2025-04-21 01:19:54',	'2025-04-21 01:19:54'),
(3,	3,	1,	79,	'皮革隨身鏡',	'黑',	'300ml',	100.00,	1,	100.00,	'2025-04-21 02:33:11',	'2025-04-21 02:33:11'),
(4,	4,	1,	79,	'皮革隨身鏡',	'黑',	'300ml',	100.00,	1,	100.00,	'2025-04-21 02:33:44',	'2025-04-21 02:33:44'),
(5,	5,	1,	79,	'皮革隨身鏡',	'黑',	'300ml',	100.00,	1,	1000.00,	'2025-04-21 09:09:58',	'2025-04-21 09:09:58'),
(6,	7,	1,	79,	'皮革隨身鏡',	'黑',	'300ml',	5000.00,	1,	5000.00,	'2025-04-22 10:31:03',	'2025-04-22 10:31:03'),
(7,	8,	1,	79,	'皮革隨身鏡',	'',	'',	0.00,	0,	0.00,	'2025-04-22 10:55:00',	'2025-04-22 10:55:00'),
(8,	9,	1,	79,	'皮革隨身鏡',	'',	'',	0.00,	0,	0.00,	'2025-04-22 12:10:49',	'2025-04-22 12:10:49'),
(9,	10,	1,	79,	'皮革隨身鏡',	'',	'',	0.00,	0,	0.00,	'2025-04-22 12:58:16',	'2025-04-22 12:58:16'),
(10,	11,	1,	79,	'皮革隨身鏡',	'',	'',	0.00,	0,	0.00,	'2025-04-22 13:01:24',	'2025-04-22 13:01:24'),
(11,	12,	1,	79,	'皮革隨身鏡',	'',	'',	0.00,	0,	0.00,	'2025-04-22 14:06:07',	'2025-04-22 14:06:07'),
(12,	13,	1,	79,	'皮革隨身鏡',	'白',	'300ml',	25.00,	1,	5000.00,	'2025-04-22 14:08:05',	'2025-04-22 14:08:05'),
(13,	14,	1,	83,	'零錢包',	'白',	'12345',	95.00,	1,	47500.00,	'2025-04-22 14:08:52',	'2025-04-22 14:08:52'),
(14,	15,	1,	83,	'零錢包',	'黑',	'12345',	95.00,	3,	47500.00,	'2025-04-22 14:09:18',	'2025-04-22 14:09:18'),
(15,	16,	1,	83,	'零錢包',	'藍',	'1234567890',	95.00,	2,	47500.00,	'2025-04-22 14:10:01',	'2025-04-22 14:10:01'),
(16,	17,	1,	83,	'零錢包',	'白',	'12345',	95.00,	3,	47500.00,	'2025-04-22 14:31:58',	'2025-04-22 14:31:58'),
(17,	18,	1,	83,	'零錢包',	'藍',	'1234567890',	95.00,	1,	47500.00,	'2025-04-23 15:02:50',	'2025-04-23 15:02:50'),
(18,	19,	1,	83,	'零錢包',	'黑',	'1234567890',	95.00,	1,	47500.00,	'2025-04-23 16:05:42',	'2025-04-23 16:05:42'),
(19,	20,	1,	83,	'零錢包',	'白',	'1234567890',	95.00,	1,	47500.00,	'2025-04-23 16:08:23',	'2025-04-23 16:08:23'),
(20,	21,	1,	83,	'零錢包',	'藍',	'1234567890',	95.00,	1,	47500.00,	'2025-04-23 16:17:23',	'2025-04-23 16:17:23'),
(21,	22,	1,	79,	'皮革隨身鏡',	'黑',	'300ml',	100.00,	1,	1000.00,	'2025-04-23 16:19:16',	'2025-04-23 16:19:16'),
(22,	23,	1,	79,	'皮革隨身鏡',	'白',	'300ml',	25.00,	1,	5000.00,	'2025-04-23 17:05:18',	'2025-04-23 17:05:18'),
(23,	24,	1,	83,	'零錢包',	'藍',	'1234567890',	95.00,	1,	47500.00,	'2025-04-23 17:24:58',	'2025-04-23 17:24:58'),
(24,	25,	1,	83,	'零錢包',	'藍',	'1234567890',	95.00,	1,	47500.00,	'2025-04-23 17:30:26',	'2025-04-23 17:30:26'),
(25,	26,	1,	79,	'皮革隨身鏡',	'',	'',	0.00,	0,	0.00,	'2025-04-23 17:47:21',	'2025-04-23 17:47:21'),
(26,	27,	1,	83,	'零錢包',	'黑',	'S',	1000.00,	1,	1000.00,	'2025-04-23 17:57:02',	'2025-04-23 17:57:02'),
(27,	28,	1,	83,	'零錢包',	'藍',	'1234567890',	95.00,	1,	47500.00,	'2025-04-23 18:09:18',	'2025-04-23 18:09:18'),
(28,	29,	1,	83,	'零錢包',	'黑',	'S',	1000.00,	1,	1000.00,	'2025-04-23 18:10:44',	'2025-04-23 18:10:44'),
(29,	30,	1,	79,	'皮革隨身鏡',	'白',	'300ml',	25.00,	1,	5000.00,	'2025-04-23 18:25:25',	'2025-04-23 18:25:25'),
(30,	31,	1,	83,	'零錢包',	'黑',	'1234567890',	95.00,	1,	47500.00,	'2025-04-24 09:42:40',	'2025-04-24 09:42:40'),
(31,	32,	1,	83,	'零錢包',	'藍',	'1234567890',	95.00,	1,	47500.00,	'2025-04-24 10:03:31',	'2025-04-24 10:03:31'),
(32,	33,	1,	83,	'零錢包',	'黑',	'1234567890',	95.00,	1,	47500.00,	'2025-04-24 10:08:58',	'2025-04-24 10:08:58'),
(33,	34,	1,	83,	'零錢包',	'黑',	'S',	1000.00,	1,	1000.00,	'2025-04-24 10:09:26',	'2025-04-24 10:09:26'),
(34,	35,	1,	83,	'零錢包',	'黑',	'S',	1000.00,	1,	1000.00,	'2025-04-24 10:11:54',	'2025-04-24 10:11:54'),
(35,	36,	1,	83,	'零錢包',	'藍',	'1234567890',	95.00,	1,	47500.00,	'2025-04-24 10:15:56',	'2025-04-24 10:15:56'),
(36,	37,	1,	83,	'零錢包',	'黑',	'S',	1000.00,	1,	1000.00,	'2025-04-24 10:16:00',	'2025-04-24 10:16:00'),
(37,	38,	1,	83,	'零錢包',	'藍',	'1234567890',	95.00,	1,	47500.00,	'2025-04-24 11:08:40',	'2025-04-24 11:08:40'),
(38,	39,	1,	83,	'零錢包',	'藍',	'1234567890',	95.00,	1,	47500.00,	'2025-04-24 14:51:13',	'2025-04-24 14:51:13'),
(39,	40,	1,	83,	'零錢包',	'藍',	'1234567890',	95.00,	1,	47500.00,	'2025-04-24 16:42:15',	'2025-04-24 16:42:15'),
(40,	41,	1,	83,	'零錢包',	'藍',	'棉製',	95.00,	1,	47500.00,	'2025-04-24 16:44:23',	'2025-04-24 16:44:23'),
(41,	42,	1,	70,	'不銹鋼杯',	'銀色',	'300ml',	160.00,	1,	80000.00,	'2025-04-24 17:25:40',	'2025-04-24 17:25:40'),
(42,	43,	1,	83,	'零錢包',	'藍',	'真皮',	95.00,	1,	47500.00,	'2025-04-24 21:07:52',	'2025-04-24 21:07:52'),
(43,	44,	1,	83,	'零錢包',	'藍',	'棉製',	95.00,	2,	47500.00,	'2025-04-24 21:09:18',	'2025-04-24 21:09:18'),
(44,	45,	1,	83,	'零錢包',	'藍',	'棉製',	95.00,	1,	47500.00,	'2025-04-24 22:54:06',	'2025-04-24 22:54:06'),
(45,	46,	1,	83,	'零錢包',	'藍',	'棉製',	95.00,	1,	47500.00,	'2025-04-24 23:59:35',	'2025-04-24 23:59:35'),
(46,	47,	1,	83,	'零錢包',	'藍',	'棉製',	95.00,	1,	47500.00,	'2025-04-25 09:58:39',	'2025-04-25 09:58:39'),
(47,	48,	1,	70,	'不銹鋼杯',	'銀色',	'300ml',	160.00,	1,	80000.00,	'2025-04-25 11:38:06',	'2025-04-25 11:38:06'),
(48,	49,	1,	70,	'不銹鋼杯',	'銀色',	'300ml',	160.00,	1,	80000.00,	'2025-04-25 12:09:02',	'2025-04-25 12:09:02'),
(49,	50,	1,	69,	'PU筆記本',	'白',	'A4',	200.00,	1,	60000.00,	'2025-04-29 18:17:29',	'2025-04-29 18:17:29'),
(50,	51,	1,	69,	'PU筆記本',	'白',	'A4',	200.00,	1,	60000.00,	'2025-04-29 18:25:40',	'2025-04-29 18:25:40'),
(51,	52,	1,	69,	'PU筆記本',	'白',	'A4',	200.00,	1,	60000.00,	'2025-04-29 19:15:32',	'2025-04-29 19:15:32'),
(52,	53,	1,	90,	'INKSLAP 筆記本',	'inkslap款',	'印刷',	250.00,	1,	75250.00,	'2025-04-30 01:33:49',	'2025-04-30 01:33:49'),
(53,	54,	1,	90,	'INKSLAP 筆記本',	'inkslap款',	'印刷',	250.00,	1,	75250.00,	'2025-04-30 10:00:12',	'2025-04-30 10:00:12'),
(54,	55,	1,	90,	'INKSLAP 筆記本',	'inkslap款',	'印刷',	250.00,	1,	75250.00,	'2025-04-30 15:32:48',	'2025-04-30 15:32:48'),
(55,	56,	1,	90,	'INKSLAP 筆記本',	'inkslap款',	'印刷',	250.00,	1,	75250.00,	'2025-05-01 12:34:13',	'2025-05-01 12:34:13'),
(56,	57,	1,	83,	'零錢包',	'白',	'棉製',	95.00,	1,	47500.00,	'2025-05-02 13:41:13',	'2025-05-02 13:41:13'),
(57,	58,	1,	79,	'皮革隨身鏡',	'橘',	'單一規格',	25.00,	1,	5000.00,	'2025-05-02 13:42:27',	'2025-05-02 13:42:27'),
(58,	59,	1,	90,	'INKSLAP 筆記本',	'inkslap款',	'印刷',	250.00,	1,	75250.00,	'2025-05-05 19:15:34',	'2025-05-05 19:15:34'),
(59,	60,	1,	70,	'不銹鋼杯',	'銀色',	'300ml',	160.00,	1,	80000.00,	'2025-05-06 16:16:42',	'2025-05-06 16:16:42'),
(60,	61,	1,	90,	'INKSLAP 筆記本',	'inkslap款',	'印刷',	250.00,	1,	75250.00,	'2025-05-06 16:21:59',	'2025-05-06 16:21:59'),
(61,	62,	1,	70,	'不銹鋼杯',	'金屬原色',	'300ml',	160.00,	1,	80000.00,	'2025-05-07 15:15:40',	'2025-05-07 15:15:40'),
(62,	63,	1,	79,	'皮革隨身鏡',	'白',	'單一規格',	25.00,	1,	5000.00,	'2025-05-08 10:43:50',	'2025-05-08 10:43:50'),
(63,	64,	1,	90,	'INKSLAP 筆記本',	'inkslap款',	'印刷',	250.00,	1,	75250.00,	'2025-05-09 14:59:07',	'2025-05-09 14:59:07'),
(64,	65,	1,	70,	'不銹鋼杯',	'金屬原色',	'300ml',	160.00,	1,	80000.00,	'2025-05-10 16:34:20',	'2025-05-10 16:34:20'),
(65,	66,	1,	69,	'PU束繩記事本',	'白',	'A5',	200.00,	1,	60000.00,	'2025-05-12 11:37:36',	'2025-05-12 11:37:36');

DROP TABLE IF EXISTS `orders`;
CREATE TABLE `orders` (
  `id` int NOT NULL AUTO_INCREMENT,
  `order_number` varchar(50) COLLATE utf8mb4_unicode_ci NOT NULL COMMENT '訂單編號',
  `total_amount` decimal(10,2) NOT NULL DEFAULT '0.00' COMMENT '訂單總金額',
  `note` text COLLATE utf8mb4_unicode_ci COMMENT '訂單備註',
  `created_at` datetime NOT NULL DEFAULT CURRENT_TIMESTAMP COMMENT '建立時間',
  `updated_at` datetime DEFAULT CURRENT_TIMESTAMP ON UPDATE CURRENT_TIMESTAMP COMMENT '修改時間',
  PRIMARY KEY (`id`),
  UNIQUE KEY `order_number` (`order_number`)
) ENGINE=InnoDB DEFAULT CHARSET=utf8mb4 COLLATE=utf8mb4_unicode_ci COMMENT='訂單';

INSERT INTO `orders` (`id`, `order_number`, `total_amount`, `note`, `created_at`, `updated_at`) VALUES
(1,	'#ORD-2025-0001',	1000.00,	NULL,	'2025-04-21 01:17:42',	'2025-04-21 01:17:42'),
(2,	'#ORD-2025-0002',	100.00,	NULL,	'2025-04-21 01:19:54',	'2025-04-21 01:19:54'),
(3,	'#ORD-2025-0003',	100.00,	NULL,	'2025-04-21 02:33:11',	'2025-04-21 02:33:11'),
(4,	'#ORD-2025-0004',	100.00,	NULL,	'2025-04-21 02:33:44',	'2025-04-21 02:33:44'),
(5,	'#ORD-2025-0005',	1000.00,	NULL,	'2025-04-21 09:09:58',	'2025-04-21 09:09:58'),
(7,	'#ORD-2025-0006',	5000.00,	NULL,	'2025-04-22 10:31:03',	'2025-04-22 10:31:03'),
(8,	'#ORD-2025-0007',	0.00,	NULL,	'2025-04-22 10:55:00',	'2025-04-22 10:55:00'),
(9,	'#ORD-2025-0008',	0.00,	NULL,	'2025-04-22 12:10:49',	'2025-04-22 12:10:49'),
(10,	'#ORD-2025-0009',	0.00,	NULL,	'2025-04-22 12:58:16',	'2025-04-22 12:58:16'),
(11,	'#ORD-2025-0010',	0.00,	NULL,	'2025-04-22 13:01:24',	'2025-04-22 13:01:24'),
(12,	'#ORD-2025-0011',	0.00,	NULL,	'2025-04-22 14:06:07',	'2025-04-22 14:06:07'),
(13,	'#ORD-2025-0012',	5000.00,	NULL,	'2025-04-22 14:08:05',	'2025-04-22 14:08:05'),
(14,	'#ORD-2025-0013',	47500.00,	NULL,	'2025-04-22 14:08:52',	'2025-04-22 14:08:52'),
(15,	'#ORD-2025-0014',	47500.00,	NULL,	'2025-04-22 14:09:18',	'2025-04-22 14:09:18'),
(16,	'#ORD-2025-0015',	47500.00,	NULL,	'2025-04-22 14:10:01',	'2025-04-22 14:10:01'),
(17,	'#ORD-2025-0016',	47500.00,	NULL,	'2025-04-22 14:31:58',	'2025-04-22 14:31:58'),
(18,	'#ORD-2025-0017',	47500.00,	NULL,	'2025-04-23 15:02:50',	'2025-04-23 15:02:50'),
(19,	'#ORD-2025-0018',	47500.00,	NULL,	'2025-04-23 16:05:42',	'2025-04-23 16:05:42'),
(20,	'#ORD-2025-0019',	47500.00,	NULL,	'2025-04-23 16:08:23',	'2025-04-23 16:08:23'),
(21,	'#ORD-2025-0020',	47500.00,	NULL,	'2025-04-23 16:17:23',	'2025-04-23 16:17:23'),
(22,	'#ORD-2025-0021',	1000.00,	NULL,	'2025-04-23 16:19:16',	'2025-04-23 16:19:16'),
(23,	'#ORD-2025-0022',	5000.00,	NULL,	'2025-04-23 17:05:18',	'2025-04-23 17:05:18'),
(24,	'#ORD-2025-0023',	47500.00,	NULL,	'2025-04-23 17:24:58',	'2025-04-23 17:24:58'),
(25,	'#ORD-2025-0024',	47500.00,	NULL,	'2025-04-23 17:30:26',	'2025-04-23 17:30:26'),
(26,	'#ORD-2025-0025',	0.00,	NULL,	'2025-04-23 17:47:21',	'2025-04-23 17:47:21'),
(27,	'#ORD-2025-0026',	1000.00,	NULL,	'2025-04-23 17:57:02',	'2025-04-23 17:57:02'),
(28,	'#ORD-2025-0027',	47500.00,	NULL,	'2025-04-23 18:09:18',	'2025-04-23 18:09:18'),
(29,	'#ORD-2025-0028',	1000.00,	NULL,	'2025-04-23 18:10:44',	'2025-04-23 18:10:44'),
(30,	'#ORD-2025-0029',	5000.00,	NULL,	'2025-04-23 18:25:25',	'2025-04-23 18:25:25'),
(31,	'#ORD-2025-0030',	47500.00,	NULL,	'2025-04-24 09:42:40',	'2025-04-24 09:42:40'),
(32,	'#ORD-2025-0031',	47500.00,	NULL,	'2025-04-24 10:03:31',	'2025-04-24 10:03:31'),
(33,	'#ORD-2025-0032',	47500.00,	NULL,	'2025-04-24 10:08:58',	'2025-04-24 10:08:58'),
(34,	'#ORD-2025-0033',	1000.00,	NULL,	'2025-04-24 10:09:26',	'2025-04-24 10:09:26'),
(35,	'#ORD-2025-0034',	1000.00,	NULL,	'2025-04-24 10:11:54',	'2025-04-24 10:11:54'),
(36,	'#ORD-2025-0035',	47500.00,	NULL,	'2025-04-24 10:15:56',	'2025-04-24 10:15:56'),
(37,	'#ORD-2025-0036',	1000.00,	NULL,	'2025-04-24 10:16:00',	'2025-04-24 10:16:00'),
(38,	'#ORD-2025-0037',	47500.00,	NULL,	'2025-04-24 11:08:40',	'2025-04-24 11:08:40'),
(39,	'#ORD-2025-0038',	47500.00,	NULL,	'2025-04-24 14:51:13',	'2025-04-24 14:51:13'),
(40,	'#ORD-2025-0039',	47500.00,	NULL,	'2025-04-24 16:42:15',	'2025-04-24 16:42:15'),
(41,	'#ORD-2025-0040',	47500.00,	NULL,	'2025-04-24 16:44:23',	'2025-04-24 16:44:23'),
(42,	'#ORD-2025-0041',	80000.00,	NULL,	'2025-04-24 17:25:40',	'2025-04-24 17:25:40'),
(43,	'#ORD-2025-0042',	47500.00,	NULL,	'2025-04-24 21:07:52',	'2025-04-24 21:07:52'),
(44,	'#ORD-2025-0043',	47500.00,	NULL,	'2025-04-24 21:09:18',	'2025-04-24 21:09:18'),
(45,	'#ORD-2025-0044',	47500.00,	NULL,	'2025-04-24 22:54:06',	'2025-04-24 22:54:06'),
(46,	'#ORD-2025-0045',	47500.00,	NULL,	'2025-04-24 23:59:35',	'2025-04-24 23:59:35'),
(47,	'#ORD-2025-0046',	47500.00,	NULL,	'2025-04-25 09:58:39',	'2025-04-25 09:58:39'),
(48,	'#ORD-2025-0047',	80000.00,	NULL,	'2025-04-25 11:38:06',	'2025-04-25 11:38:06'),
(49,	'#ORD-2025-0048',	80000.00,	NULL,	'2025-04-25 12:09:02',	'2025-04-25 12:09:02'),
(50,	'#ORD-2025-0049',	60000.00,	NULL,	'2025-04-29 18:17:29',	'2025-04-29 18:17:29'),
(51,	'#ORD-2025-0050',	60000.00,	NULL,	'2025-04-29 18:25:40',	'2025-04-29 18:25:40'),
(52,	'#ORD-2025-0051',	60000.00,	NULL,	'2025-04-29 19:15:32',	'2025-04-29 19:15:32'),
(53,	'#ORD-2025-0052',	75250.00,	NULL,	'2025-04-30 01:33:49',	'2025-04-30 01:33:49'),
(54,	'#ORD-2025-0053',	75250.00,	NULL,	'2025-04-30 10:00:12',	'2025-04-30 10:00:12'),
(55,	'#ORD-2025-0054',	75250.00,	NULL,	'2025-04-30 15:32:48',	'2025-04-30 15:32:48'),
(56,	'#ORD-2025-0055',	75250.00,	NULL,	'2025-05-01 12:34:13',	'2025-05-01 12:34:13'),
(57,	'#ORD-2025-0056',	47500.00,	NULL,	'2025-05-02 13:41:13',	'2025-05-02 13:41:13'),
(58,	'#ORD-2025-0057',	5000.00,	NULL,	'2025-05-02 13:42:27',	'2025-05-02 13:42:27'),
(59,	'#ORD-2025-0058',	75250.00,	NULL,	'2025-05-05 19:15:34',	'2025-05-05 19:15:34'),
(60,	'#ORD-2025-0059',	80000.00,	NULL,	'2025-05-06 16:16:42',	'2025-05-06 16:16:43'),
(61,	'#ORD-2025-0060',	75250.00,	NULL,	'2025-05-06 16:21:59',	'2025-05-06 16:21:59'),
(62,	'#ORD-2025-0061',	80000.00,	NULL,	'2025-05-07 15:15:40',	'2025-05-07 15:15:40'),
(63,	'#ORD-2025-0062',	5000.00,	NULL,	'2025-05-08 10:43:50',	'2025-05-08 10:43:50'),
(64,	'#ORD-2025-0063',	75250.00,	NULL,	'2025-05-09 14:59:07',	'2025-05-09 14:59:07'),
(65,	'#ORD-2025-0064',	80000.00,	NULL,	'2025-05-10 16:34:20',	'2025-05-10 16:34:20'),
(66,	'#ORD-2025-0065',	60000.00,	NULL,	'2025-05-12 11:37:36',	'2025-05-12 11:37:36');

DROP TABLE IF EXISTS `product_area_images`;
CREATE TABLE `product_area_images` (
  `id` int NOT NULL AUTO_INCREMENT,
  `product_id` int NOT NULL COMMENT '商品ID',
  `area_id` int NOT NULL COMMENT '編輯區域ID',
  `sorting` int NOT NULL DEFAULT '1' COMMENT '排序編號',
  `color_id` int DEFAULT NULL COMMENT '顏色ID',
  `file_name` varchar(255) COLLATE utf8mb4_unicode_ci NOT NULL COMMENT '檔案名稱',
  `image_url` varchar(500) COLLATE utf8mb4_unicode_ci DEFAULT NULL COMMENT '圖片URL',
  `file_path` varchar(255) COLLATE utf8mb4_unicode_ci DEFAULT NULL COMMENT '檔案位置',
  `created_at` datetime NOT NULL DEFAULT CURRENT_TIMESTAMP COMMENT '建立時間',
  `updated_at` datetime DEFAULT CURRENT_TIMESTAMP ON UPDATE CURRENT_TIMESTAMP COMMENT '修改時間',
  PRIMARY KEY (`id`),
  KEY `product_id` (`product_id`),
  KEY `area_id` (`area_id`),
  KEY `color_id` (`color_id`),
  CONSTRAINT `product_area_images_ibfk_1` FOREIGN KEY (`product_id`) REFERENCES `products` (`id`) ON DELETE CASCADE,
  CONSTRAINT `product_area_images_ibfk_2` FOREIGN KEY (`area_id`) REFERENCES `product_editable_areas` (`id`) ON DELETE CASCADE,
  CONSTRAINT `product_area_images_ibfk_3` FOREIGN KEY (`color_id`) REFERENCES `product_colors` (`id`) ON DELETE CASCADE
) ENGINE=InnoDB DEFAULT CHARSET=utf8mb4 COLLATE=utf8mb4_unicode_ci COMMENT='商品編輯區域圖片';

INSERT INTO `product_area_images` (`id`, `product_id`, `area_id`, `sorting`, `color_id`, `file_name`, `image_url`, `file_path`, `created_at`, `updated_at`) VALUES
(247,	91,	155,	1,	620,	'1745997731729-964508551.jpg',	NULL,	NULL,	'2025-04-30 19:46:50',	'2025-04-30 19:46:50'),
(248,	91,	155,	2,	621,	'1745997731729-700544239.jpg',	NULL,	NULL,	'2025-04-30 19:46:50',	'2025-04-30 19:46:50'),
(249,	91,	156,	1,	620,	'1745997731730-739588096.jpg',	NULL,	NULL,	'2025-04-30 19:46:50',	'2025-04-30 19:46:50'),
(250,	91,	156,	2,	621,	'1745997731730-879227139.jpg',	NULL,	NULL,	'2025-04-30 19:46:50',	'2025-04-30 19:46:50'),
(251,	92,	157,	1,	622,	'1746005137627-993710033.jpg',	NULL,	NULL,	'2025-04-30 19:46:58',	'2025-04-30 19:46:58'),
(252,	92,	158,	1,	622,	'1746005242397-907439110.jpg',	NULL,	NULL,	'2025-04-30 19:46:58',	'2025-04-30 19:46:58'),
(255,	90,	161,	1,	624,	'1746013727026-170942001.png',	NULL,	NULL,	'2025-05-06 16:31:20',	'2025-05-06 16:31:20'),
(256,	90,	162,	1,	624,	'1745936507122-845252277.png',	NULL,	NULL,	'2025-05-06 16:31:20',	'2025-05-06 16:31:20'),
(260,	72,	166,	1,	633,	'1746588179960-482459845.png',	NULL,	NULL,	'2025-05-07 11:26:37',	'2025-05-07 11:26:37'),
(287,	86,	177,	1,	644,	'1746593286238-900001696.png',	NULL,	NULL,	'2025-05-07 12:50:46',	'2025-05-07 12:50:46'),
(288,	86,	178,	1,	644,	'1746593286240-357868645.png',	NULL,	NULL,	'2025-05-07 12:50:46',	'2025-05-07 12:50:46'),
(289,	85,	179,	1,	645,	'1746598978669-93720692.png',	NULL,	NULL,	'2025-05-07 14:22:58',	'2025-05-07 14:22:58'),
(290,	85,	180,	1,	645,	'1746598978675-662066498.png',	NULL,	NULL,	'2025-05-07 14:22:58',	'2025-05-07 14:22:58'),
(298,	71,	186,	1,	651,	'1746601336588-388937316.png',	NULL,	NULL,	'2025-05-07 15:02:16',	'2025-05-07 15:02:16'),
(299,	71,	186,	2,	652,	'1746601336598-60475316.png',	NULL,	NULL,	'2025-05-07 15:02:16',	'2025-05-07 15:02:16'),
(312,	94,	198,	1,	664,	'1746605406625-166763676.png',	NULL,	NULL,	'2025-05-07 17:39:03',	'2025-05-07 17:39:03'),
(313,	94,	198,	2,	665,	'1746605406627-239013277.png',	NULL,	NULL,	'2025-05-07 17:39:03',	'2025-05-07 17:39:03'),
(314,	83,	199,	1,	666,	'1746611791936-452667874.png',	NULL,	NULL,	'2025-05-07 17:56:32',	'2025-05-07 17:56:32'),
(315,	83,	199,	2,	667,	'1746611791939-654636453.png',	NULL,	NULL,	'2025-05-07 17:56:32',	'2025-05-07 17:56:32'),
(316,	83,	199,	3,	668,	'1744627561596-156671162.png',	NULL,	NULL,	'2025-05-07 17:56:32',	'2025-05-07 17:56:32'),
(317,	83,	200,	1,	666,	'1746611791942-14111401.png',	NULL,	NULL,	'2025-05-07 17:56:32',	'2025-05-07 17:56:32'),
(318,	83,	200,	2,	667,	'1746611791946-422587488.png',	NULL,	NULL,	'2025-05-07 17:56:32',	'2025-05-07 17:56:32'),
(319,	83,	200,	3,	668,	'1746611791949-739512065.png',	NULL,	NULL,	'2025-05-07 17:56:32',	'2025-05-07 17:56:32'),
(320,	77,	201,	1,	669,	'1746612310086-954401502.png',	NULL,	NULL,	'2025-05-07 18:05:10',	'2025-05-07 18:05:10'),
(321,	77,	201,	2,	670,	'1746612310088-99472715.png',	NULL,	NULL,	'2025-05-07 18:05:10',	'2025-05-07 18:05:10'),
(322,	77,	201,	3,	671,	'1746612310091-465398383.png',	NULL,	NULL,	'2025-05-07 18:05:10',	'2025-05-07 18:05:10'),
(323,	77,	202,	1,	669,	'1746612310096-752764463.png',	NULL,	NULL,	'2025-05-07 18:05:10',	'2025-05-07 18:05:10'),
(324,	77,	202,	2,	670,	'1746612310098-965966522.png',	NULL,	NULL,	'2025-05-07 18:05:10',	'2025-05-07 18:05:10'),
(325,	77,	202,	3,	671,	'1746612310100-385870973.png',	NULL,	NULL,	'2025-05-07 18:05:10',	'2025-05-07 18:05:10'),
(326,	95,	203,	1,	672,	'1746613388090-673772818.png',	NULL,	NULL,	'2025-05-07 18:23:08',	'2025-05-07 18:23:08'),
(327,	95,	203,	2,	673,	'1746613388094-315305873.png',	NULL,	NULL,	'2025-05-07 18:23:08',	'2025-05-07 18:23:08'),
(328,	73,	204,	1,	674,	'1746614391770-443802182.png',	NULL,	NULL,	'2025-05-07 18:39:51',	'2025-05-07 18:39:51'),
(329,	73,	204,	2,	675,	'1746614391772-397868531.png',	NULL,	NULL,	'2025-05-07 18:39:51',	'2025-05-07 18:39:51'),
(330,	96,	205,	1,	676,	'1746616697726-322565493.png',	NULL,	NULL,	'2025-05-07 19:18:17',	'2025-05-07 19:18:17'),
(331,	96,	205,	2,	677,	'1746616697738-590185266.png',	NULL,	NULL,	'2025-05-07 19:18:17',	'2025-05-07 19:18:17'),
(332,	96,	205,	3,	678,	'1746616697745-59139227.png',	NULL,	NULL,	'2025-05-07 19:18:17',	'2025-05-07 19:18:17'),
(333,	82,	206,	1,	679,	'1746628689936-578358610.png',	NULL,	NULL,	'2025-05-07 22:38:10',	'2025-05-07 22:38:10'),
(334,	82,	206,	2,	680,	'1746628689939-478971817.png',	NULL,	NULL,	'2025-05-07 22:38:10',	'2025-05-07 22:38:10'),
(335,	84,	207,	1,	681,	'1746629345670-785274024.png',	NULL,	NULL,	'2025-05-07 22:49:05',	'2025-05-07 22:49:05'),
(336,	84,	207,	2,	682,	'1746629345673-690996618.png',	NULL,	NULL,	'2025-05-07 22:49:05',	'2025-05-07 22:49:05'),
(337,	84,	207,	3,	683,	'1746629345676-704113818.png',	NULL,	NULL,	'2025-05-07 22:49:05',	'2025-05-07 22:49:05'),
(338,	81,	208,	1,	684,	'1746629747072-63147337.png',	NULL,	NULL,	'2025-05-07 22:55:47',	'2025-05-07 22:55:47'),
(339,	81,	208,	2,	685,	'1746629747075-145776945.png',	NULL,	NULL,	'2025-05-07 22:55:47',	'2025-05-07 22:55:47'),
(340,	81,	208,	3,	686,	'1746629747076-918104991.png',	NULL,	NULL,	'2025-05-07 22:55:47',	'2025-05-07 22:55:47'),
(343,	78,	210,	1,	689,	'1746630775661-131385268.png',	NULL,	NULL,	'2025-05-07 23:12:55',	'2025-05-07 23:12:55'),
(344,	78,	210,	2,	690,	'1746630775664-826894457.png',	NULL,	NULL,	'2025-05-07 23:12:55',	'2025-05-07 23:12:55'),
(345,	78,	210,	3,	691,	'1746630775667-275589789.png',	NULL,	NULL,	'2025-05-07 23:12:55',	'2025-05-07 23:12:55'),
(346,	79,	211,	1,	692,	'1746631347675-31749360.png',	NULL,	NULL,	'2025-05-07 23:22:27',	'2025-05-07 23:22:27'),
(347,	79,	211,	2,	693,	'1746631347684-668983282.png',	NULL,	NULL,	'2025-05-07 23:22:27',	'2025-05-07 23:22:27'),
(348,	79,	211,	3,	694,	'1742967329846-980937932.png',	NULL,	NULL,	'2025-05-07 23:22:27',	'2025-05-07 23:22:27'),
(351,	76,	213,	1,	697,	'1745512104994-344214739.png',	NULL,	NULL,	'2025-05-07 23:28:38',	'2025-05-07 23:28:38'),
(352,	76,	213,	2,	698,	'1745512105005-818431176.png',	NULL,	NULL,	'2025-05-07 23:28:38',	'2025-05-07 23:28:38'),
(353,	80,	214,	1,	699,	'1746630178868-374470430.png',	NULL,	NULL,	'2025-05-07 23:29:14',	'2025-05-07 23:29:14'),
(354,	80,	214,	2,	700,	'1746630178872-471243095.png',	NULL,	NULL,	'2025-05-07 23:29:14',	'2025-05-07 23:29:14'),
(355,	69,	215,	1,	701,	'1745511079250-198816301.png',	NULL,	NULL,	'2025-05-07 23:35:48',	'2025-05-07 23:35:48'),
(356,	69,	215,	2,	702,	'1745511079258-147594542.png',	NULL,	NULL,	'2025-05-07 23:35:48',	'2025-05-07 23:35:48'),
(357,	69,	215,	3,	703,	'1745511079263-814436052.png',	NULL,	NULL,	'2025-05-07 23:35:48',	'2025-05-07 23:35:48'),
(358,	75,	216,	1,	704,	'1746632444178-372422180.png',	NULL,	NULL,	'2025-05-07 23:40:44',	'2025-05-07 23:40:44'),
(359,	75,	216,	2,	705,	'1746632444182-986274052.png',	NULL,	NULL,	'2025-05-07 23:40:44',	'2025-05-07 23:40:44'),
(360,	87,	217,	1,	706,	'1746635947131-364655841.png',	NULL,	NULL,	'2025-05-08 00:39:07',	'2025-05-08 00:39:07'),
(361,	87,	217,	2,	707,	'1746635947133-741939366.png',	NULL,	NULL,	'2025-05-08 00:39:07',	'2025-05-08 00:39:07'),
(362,	88,	218,	1,	708,	'1746636278284-283451124.png',	NULL,	NULL,	'2025-05-08 00:44:38',	'2025-05-08 00:44:38'),
(366,	74,	220,	1,	712,	'1746591024152-306072409.png',	NULL,	NULL,	'2025-05-08 00:55:18',	'2025-05-08 00:55:18'),
(367,	74,	220,	2,	713,	'1746591024154-70017052.png',	NULL,	NULL,	'2025-05-08 00:55:18',	'2025-05-08 00:55:18'),
(368,	74,	220,	3,	714,	'1746591024156-712726463.png',	NULL,	NULL,	'2025-05-08 00:55:18',	'2025-05-08 00:55:18'),
(369,	74,	221,	1,	712,	'1746591024158-754462.png',	NULL,	NULL,	'2025-05-08 00:55:18',	'2025-05-08 00:55:18'),
(370,	74,	221,	2,	713,	'1746591024160-522076943.png',	NULL,	NULL,	'2025-05-08 00:55:18',	'2025-05-08 00:55:18'),
(371,	74,	221,	3,	714,	'1746591024162-616038095.png',	NULL,	NULL,	'2025-05-08 00:55:18',	'2025-05-08 00:55:18'),
(372,	68,	222,	1,	715,	'1746636800943-406225100.png',	NULL,	NULL,	'2025-05-08 00:55:37',	'2025-05-08 00:55:37'),
(373,	68,	222,	2,	716,	'1746636800946-804396454.png',	NULL,	NULL,	'2025-05-08 00:55:37',	'2025-05-08 00:55:37'),
(374,	68,	222,	3,	717,	'1746636800950-556190627.png',	NULL,	NULL,	'2025-05-08 00:55:37',	'2025-05-08 00:55:37'),
(375,	97,	223,	1,	718,	'1746639739099-385911882.png',	NULL,	NULL,	'2025-05-08 01:42:19',	'2025-05-08 01:42:19'),
(376,	97,	223,	2,	719,	'1746639739157-250224205.png',	NULL,	NULL,	'2025-05-08 01:42:19',	'2025-05-08 01:42:19'),
(377,	97,	223,	3,	720,	'1746639739172-884088606.png',	NULL,	NULL,	'2025-05-08 01:42:19',	'2025-05-08 01:42:19'),
(378,	98,	224,	1,	721,	'1746641127071-310257163.png',	NULL,	NULL,	'2025-05-08 02:05:27',	'2025-05-08 02:05:27'),
(379,	98,	224,	2,	722,	'1746641127075-388499600.png',	NULL,	NULL,	'2025-05-08 02:05:27',	'2025-05-08 02:05:27'),
(380,	99,	225,	1,	723,	'1746641931010-147001943.png',	NULL,	NULL,	'2025-05-08 02:18:51',	'2025-05-08 02:18:51'),
(381,	99,	225,	2,	724,	'1746641931017-771963232.png',	NULL,	NULL,	'2025-05-08 02:18:51',	'2025-05-08 02:18:51'),
(382,	99,	225,	3,	725,	'1746641931075-46625486.png',	NULL,	NULL,	'2025-05-08 02:18:51',	'2025-05-08 02:18:51'),
(383,	99,	225,	4,	726,	'1746641931105-242404573.png',	NULL,	NULL,	'2025-05-08 02:18:51',	'2025-05-08 02:18:51'),
(386,	101,	228,	1,	728,	'1746687383137-54450689.png',	NULL,	NULL,	'2025-05-08 14:56:23',	'2025-05-08 14:56:23'),
(387,	101,	229,	1,	728,	'1746687383141-506573742.png',	NULL,	NULL,	'2025-05-08 14:56:23',	'2025-05-08 14:56:23'),
(388,	100,	230,	1,	729,	'1746642742065-798862472.png',	NULL,	NULL,	'2025-05-08 14:56:52',	'2025-05-08 14:56:52'),
(389,	100,	231,	1,	729,	'1746642742068-229953378.png',	NULL,	NULL,	'2025-05-08 14:56:52',	'2025-05-08 14:56:52'),
(390,	102,	232,	1,	732,	'1746688205837-678493179.png',	NULL,	NULL,	'2025-05-08 15:10:05',	'2025-05-08 15:10:05'),
(391,	102,	232,	2,	733,	'1746688205840-560353789.png',	NULL,	NULL,	'2025-05-08 15:10:05',	'2025-05-08 15:10:05'),
(392,	102,	233,	1,	732,	'1746688205844-915382297.png',	NULL,	NULL,	'2025-05-08 15:10:05',	'2025-05-08 15:10:05'),
(393,	102,	233,	2,	733,	'1746688205846-670062590.png',	NULL,	NULL,	'2025-05-08 15:10:05',	'2025-05-08 15:10:05'),
(394,	103,	234,	1,	736,	'1746689021497-420665802.png',	NULL,	NULL,	'2025-05-08 15:23:41',	'2025-05-08 15:23:41'),
(395,	104,	235,	1,	737,	'1746689315747-482168406.png',	NULL,	NULL,	'2025-05-08 15:28:35',	'2025-05-08 15:28:35'),
(396,	105,	236,	1,	738,	'1746690514452-80402813.png',	NULL,	NULL,	'2025-05-08 15:48:34',	'2025-05-08 15:48:34'),
(397,	105,	236,	2,	739,	'1746690514473-152964130.png',	NULL,	NULL,	'2025-05-08 15:48:34',	'2025-05-08 15:48:34'),
(398,	105,	236,	3,	740,	'1746690514498-374748161.png',	NULL,	NULL,	'2025-05-08 15:48:34',	'2025-05-08 15:48:34'),
(399,	105,	236,	4,	741,	'1746690514505-782791578.png',	NULL,	NULL,	'2025-05-08 15:48:34',	'2025-05-08 15:48:34'),
(400,	105,	236,	5,	742,	'1746690514515-831064494.png',	NULL,	NULL,	'2025-05-08 15:48:34',	'2025-05-08 15:48:34'),
(401,	105,	236,	6,	743,	'1746690514525-55566916.png',	NULL,	NULL,	'2025-05-08 15:48:34',	'2025-05-08 15:48:34'),
(402,	106,	237,	1,	744,	'1746691192862-98570256.png',	NULL,	NULL,	'2025-05-08 15:59:52',	'2025-05-08 15:59:52'),
(403,	107,	238,	1,	745,	'1746692743839-263858888.png',	NULL,	NULL,	'2025-05-08 16:25:43',	'2025-05-08 16:25:43'),
(404,	108,	239,	1,	746,	'1746697808262-726868717.png',	NULL,	NULL,	'2025-05-08 17:50:08',	'2025-05-08 17:50:08'),
(405,	108,	239,	2,	747,	'1746697808291-854113465.png',	NULL,	NULL,	'2025-05-08 17:50:08',	'2025-05-08 17:50:08'),
(406,	108,	239,	3,	748,	'1746697808316-333743120.png',	NULL,	NULL,	'2025-05-08 17:50:08',	'2025-05-08 17:50:08'),
(407,	108,	239,	4,	749,	'1746697808346-175138788.png',	NULL,	NULL,	'2025-05-08 17:50:08',	'2025-05-08 17:50:08'),
(408,	108,	239,	5,	750,	'1746697808373-560534235.png',	NULL,	NULL,	'2025-05-08 17:50:08',	'2025-05-08 17:50:08'),
(409,	109,	240,	1,	751,	'1746698864991-925070484.png',	NULL,	NULL,	'2025-05-08 18:07:45',	'2025-05-08 18:07:45'),
(410,	109,	240,	2,	752,	'1746698864994-59081364.png',	NULL,	NULL,	'2025-05-08 18:07:45',	'2025-05-08 18:07:45'),
(411,	109,	240,	3,	753,	'1746698864997-905667903.png',	NULL,	NULL,	'2025-05-08 18:07:45',	'2025-05-08 18:07:45'),
(412,	110,	241,	1,	755,	'1746700814409-378883955.png',	NULL,	NULL,	'2025-05-08 18:40:14',	'2025-05-08 18:40:14'),
(419,	111,	243,	1,	762,	'1746723051680-652068917.png',	NULL,	NULL,	'2025-05-09 00:55:11',	'2025-05-09 00:55:11'),
(420,	111,	243,	2,	763,	'1746723051728-51270792.png',	NULL,	NULL,	'2025-05-09 00:55:11',	'2025-05-09 00:55:11'),
(421,	111,	243,	3,	764,	'1746723051762-116611685.png',	NULL,	NULL,	'2025-05-09 00:55:11',	'2025-05-09 00:55:11'),
(422,	111,	243,	4,	765,	'1746723051777-701514797.png',	NULL,	NULL,	'2025-05-09 00:55:11',	'2025-05-09 00:55:11'),
(423,	111,	243,	5,	766,	'1746723051784-294150578.png',	NULL,	NULL,	'2025-05-09 00:55:11',	'2025-05-09 00:55:11'),
(424,	111,	243,	6,	767,	'1746723051788-10465500.png',	NULL,	NULL,	'2025-05-09 00:55:11',	'2025-05-09 00:55:11'),
(425,	111,	243,	7,	768,	'1746723310968-522435267.png',	NULL,	NULL,	'2025-05-09 00:55:11',	'2025-05-09 00:55:11'),
(426,	111,	243,	8,	769,	'1746723311014-712707686.png',	NULL,	NULL,	'2025-05-09 00:55:11',	'2025-05-09 00:55:11'),
(427,	111,	243,	9,	770,	'1746723311054-979568813.png',	NULL,	NULL,	'2025-05-09 00:55:11',	'2025-05-09 00:55:11'),
(428,	111,	243,	10,	771,	'1746723311066-295960668.png',	NULL,	NULL,	'2025-05-09 00:55:11',	'2025-05-09 00:55:11'),
(429,	111,	243,	11,	772,	'1746723311070-857337167.png',	NULL,	NULL,	'2025-05-09 00:55:11',	'2025-05-09 00:55:11'),
(430,	112,	244,	1,	773,	'1746724416663-198468230.png',	NULL,	NULL,	'2025-05-09 01:13:36',	'2025-05-09 01:13:36'),
(431,	112,	244,	2,	774,	'1746724416668-932402535.png',	NULL,	NULL,	'2025-05-09 01:13:36',	'2025-05-09 01:13:36'),
(432,	112,	244,	3,	775,	'1746724416673-710250665.png',	NULL,	NULL,	'2025-05-09 01:13:36',	'2025-05-09 01:13:36'),
(433,	112,	244,	4,	776,	'1746724416679-66424047.png',	NULL,	NULL,	'2025-05-09 01:13:36',	'2025-05-09 01:13:36'),
(434,	113,	245,	1,	777,	'1746725180803-409667170.png',	NULL,	NULL,	'2025-05-09 01:26:20',	'2025-05-09 01:26:20'),
(435,	113,	245,	2,	778,	'1746725180807-790931855.png',	NULL,	NULL,	'2025-05-09 01:26:20',	'2025-05-09 01:26:20'),
(436,	114,	246,	1,	779,	'1746725921048-848358930.png',	NULL,	NULL,	'2025-05-09 01:38:41',	'2025-05-09 01:38:41'),
(437,	114,	246,	2,	780,	'1746725921050-458790831.png',	NULL,	NULL,	'2025-05-09 01:38:41',	'2025-05-09 01:38:41'),
(438,	114,	246,	3,	781,	'1746725921052-539770502.png',	NULL,	NULL,	'2025-05-09 01:38:41',	'2025-05-09 01:38:41'),
(439,	114,	246,	4,	782,	'1746725921054-616602228.png',	NULL,	NULL,	'2025-05-09 01:38:41',	'2025-05-09 01:38:41'),
(440,	114,	246,	5,	783,	'1746725921056-383959348.png',	NULL,	NULL,	'2025-05-09 01:38:41',	'2025-05-09 01:38:41'),
(456,	115,	249,	1,	799,	'1746727298658-576394374.png',	NULL,	NULL,	'2025-05-09 02:13:30',	'2025-05-09 02:13:30'),
(457,	115,	249,	2,	800,	'1746727298660-76419648.png',	NULL,	NULL,	'2025-05-09 02:13:30',	'2025-05-09 02:13:30'),
(458,	115,	249,	3,	801,	'1746727298663-506380201.png',	NULL,	NULL,	'2025-05-09 02:13:30',	'2025-05-09 02:13:30'),
(459,	115,	249,	4,	802,	'1746727298666-306619031.png',	NULL,	NULL,	'2025-05-09 02:13:30',	'2025-05-09 02:13:30'),
(460,	115,	249,	5,	803,	'1746727298668-266977018.png',	NULL,	NULL,	'2025-05-09 02:13:30',	'2025-05-09 02:13:30'),
(461,	115,	249,	6,	804,	'1746727657499-89009077.png',	NULL,	NULL,	'2025-05-09 02:13:30',	'2025-05-09 02:13:30'),
(462,	115,	249,	7,	805,	'1746727657502-59163995.png',	NULL,	NULL,	'2025-05-09 02:13:30',	'2025-05-09 02:13:30'),
(463,	115,	249,	8,	806,	'1746727657509-164637828.png',	NULL,	NULL,	'2025-05-09 02:13:30',	'2025-05-09 02:13:30'),
(464,	115,	249,	9,	807,	'1746727657511-533045850.png',	NULL,	NULL,	'2025-05-09 02:13:30',	'2025-05-09 02:13:30'),
(465,	115,	249,	10,	808,	'1746727657513-583966042.png',	NULL,	NULL,	'2025-05-09 02:13:30',	'2025-05-09 02:13:30'),
(466,	115,	249,	11,	809,	'1746728010648-63959134.png',	NULL,	NULL,	'2025-05-09 02:13:30',	'2025-05-09 02:13:30'),
(467,	115,	249,	12,	810,	'1746728010651-155706311.png',	NULL,	NULL,	'2025-05-09 02:13:30',	'2025-05-09 02:13:30'),
(468,	115,	249,	13,	811,	'1746728010653-630292605.png',	NULL,	NULL,	'2025-05-09 02:13:30',	'2025-05-09 02:13:30'),
(469,	115,	249,	14,	812,	'1746728010656-560015087.png',	NULL,	NULL,	'2025-05-09 02:13:30',	'2025-05-09 02:13:30'),
(470,	115,	249,	15,	813,	'1746728010658-776696671.png',	NULL,	NULL,	'2025-05-09 02:13:30',	'2025-05-09 02:13:30'),
(473,	70,	252,	1,	816,	'1742911729893-192711050.png',	NULL,	NULL,	'2025-05-12 18:33:00',	'2025-05-12 18:33:00'),
(474,	117,	253,	1,	817,	'1747046233747-369174591.png',	NULL,	NULL,	'2025-05-12 18:37:14',	'2025-05-12 18:37:14'),
(475,	117,	253,	2,	818,	'1747046233768-863753188.png',	NULL,	NULL,	'2025-05-12 18:37:14',	'2025-05-12 18:37:14'),
(476,	117,	253,	3,	819,	'1747046233786-612533346.png',	NULL,	NULL,	'2025-05-12 18:37:14',	'2025-05-12 18:37:14'),
(477,	117,	253,	4,	820,	'1747046233801-672999612.png',	NULL,	NULL,	'2025-05-12 18:37:14',	'2025-05-12 18:37:14'),
(478,	117,	253,	5,	821,	'1747046233811-959295841.png',	NULL,	NULL,	'2025-05-12 18:37:14',	'2025-05-12 18:37:14'),
(479,	117,	253,	6,	822,	'1747046233814-631441590.png',	NULL,	NULL,	'2025-05-12 18:37:14',	'2025-05-12 18:37:14'),
(480,	117,	253,	7,	823,	'1747046233817-769716092.png',	NULL,	NULL,	'2025-05-12 18:37:14',	'2025-05-12 18:37:14'),
(481,	117,	253,	8,	824,	'1747046233819-225331231.png',	NULL,	NULL,	'2025-05-12 18:37:14',	'2025-05-12 18:37:14'),
(482,	117,	253,	9,	825,	'1747046233821-715695059.png',	NULL,	NULL,	'2025-05-12 18:37:14',	'2025-05-12 18:37:14'),
(484,	116,	255,	1,	829,	'1747047877483-522619925.webp',	NULL,	NULL,	'2025-05-12 19:04:37',	'2025-05-12 19:04:37');

DROP TABLE IF EXISTS `product_area_template_images`;
CREATE TABLE `product_area_template_images` (
  `id` int NOT NULL AUTO_INCREMENT,
  `product_id` int NOT NULL COMMENT '商品ID',
  `area_id` int NOT NULL COMMENT '編輯區域ID',
  `file_name` varchar(255) COLLATE utf8mb4_unicode_ci NOT NULL COMMENT '檔案名稱',
  `image_url` varchar(500) COLLATE utf8mb4_unicode_ci DEFAULT NULL COMMENT '圖片URL',
  `file_path` varchar(255) COLLATE utf8mb4_unicode_ci DEFAULT NULL COMMENT '檔案位置',
  `created_at` datetime NOT NULL DEFAULT CURRENT_TIMESTAMP COMMENT '建立時間',
  `updated_at` datetime DEFAULT CURRENT_TIMESTAMP ON UPDATE CURRENT_TIMESTAMP COMMENT '修改時間',
  PRIMARY KEY (`id`),
  KEY `product_id` (`product_id`),
  KEY `area_id` (`area_id`),
  CONSTRAINT `product_area_template_images_ibfk_1` FOREIGN KEY (`product_id`) REFERENCES `products` (`id`) ON DELETE CASCADE,
  CONSTRAINT `product_area_template_images_ibfk_2` FOREIGN KEY (`area_id`) REFERENCES `product_editable_areas` (`id`) ON DELETE CASCADE
) ENGINE=InnoDB DEFAULT CHARSET=utf8mb4 COLLATE=utf8mb4_unicode_ci COMMENT='商品編輯區域模板圖';

INSERT INTO `product_area_template_images` (`id`, `product_id`, `area_id`, `file_name`, `image_url`, `file_path`, `created_at`, `updated_at`) VALUES
(155,	91,	155,	'1745998796747-907145249.png',	NULL,	NULL,	'2025-04-30 19:46:50',	'2025-04-30 19:46:50'),
(156,	91,	156,	'1745997731729-578077654.jpg',	NULL,	NULL,	'2025-04-30 19:46:50',	'2025-04-30 19:46:50'),
(157,	92,	157,	'1746005137627-962465786.png',	NULL,	NULL,	'2025-04-30 19:46:58',	'2025-04-30 19:46:58'),
(158,	92,	158,	'1746005242397-890666807.png',	NULL,	NULL,	'2025-04-30 19:46:58',	'2025-04-30 19:46:58'),
(161,	90,	161,	'1746013727026-220901266.png',	NULL,	NULL,	'2025-05-06 16:31:20',	'2025-05-06 16:31:20'),
(162,	90,	162,	'1745936507121-895638393.png',	NULL,	NULL,	'2025-05-06 16:31:20',	'2025-05-06 16:31:20'),
(166,	72,	166,	'1746588179960-382792553.png',	NULL,	NULL,	'2025-05-07 11:26:37',	'2025-05-07 11:26:37'),
(177,	86,	177,	'1746593286238-902226668.png',	NULL,	NULL,	'2025-05-07 12:50:46',	'2025-05-07 12:50:46'),
(178,	86,	178,	'1746593286240-483339367.png',	NULL,	NULL,	'2025-05-07 12:50:46',	'2025-05-07 12:50:46'),
(179,	85,	179,	'1746598978668-837676000.png',	NULL,	NULL,	'2025-05-07 14:22:58',	'2025-05-07 14:22:58'),
(180,	85,	180,	'1746598978674-929074070.png',	NULL,	NULL,	'2025-05-07 14:22:58',	'2025-05-07 14:22:58'),
(186,	71,	186,	'1746601336588-834672348.png',	NULL,	NULL,	'2025-05-07 15:02:16',	'2025-05-07 15:02:16'),
(198,	94,	198,	'1746605406625-719841138.png',	NULL,	NULL,	'2025-05-07 17:39:03',	'2025-05-07 17:39:03'),
(199,	83,	199,	'1744627265741-531589752.png',	NULL,	NULL,	'2025-05-07 17:56:32',	'2025-05-07 17:56:32'),
(200,	83,	200,	'1746611791942-652058416.png',	NULL,	NULL,	'2025-05-07 17:56:32',	'2025-05-07 17:56:32'),
(201,	77,	201,	'1746612310081-439632023.png',	NULL,	NULL,	'2025-05-07 18:05:10',	'2025-05-07 18:05:10'),
(202,	77,	202,	'1746612310095-283744115.png',	NULL,	NULL,	'2025-05-07 18:05:10',	'2025-05-07 18:05:10'),
(203,	95,	203,	'1746613388090-636059146.png',	NULL,	NULL,	'2025-05-07 18:23:08',	'2025-05-07 18:23:08'),
(204,	73,	204,	'1746614391769-188912666.png',	NULL,	NULL,	'2025-05-07 18:39:51',	'2025-05-07 18:39:51'),
(205,	96,	205,	'1746616697726-72047601.png',	NULL,	NULL,	'2025-05-07 19:18:17',	'2025-05-07 19:18:17'),
(206,	82,	206,	'1746628689936-248774084.png',	NULL,	NULL,	'2025-05-07 22:38:10',	'2025-05-07 22:38:10'),
(207,	84,	207,	'1746629345670-722625433.png',	NULL,	NULL,	'2025-05-07 22:49:05',	'2025-05-07 22:49:05'),
(208,	81,	208,	'1746629747072-563014787.png',	NULL,	NULL,	'2025-05-07 22:55:47',	'2025-05-07 22:55:47'),
(210,	78,	210,	'1745940164829-213011106.png',	NULL,	NULL,	'2025-05-07 23:12:55',	'2025-05-07 23:12:55'),
(211,	79,	211,	'1742914287663-313060952.png',	NULL,	NULL,	'2025-05-07 23:22:27',	'2025-05-07 23:22:27'),
(213,	76,	213,	'1745512104994-776890772.png',	NULL,	NULL,	'2025-05-07 23:28:38',	'2025-05-07 23:28:38'),
(214,	80,	214,	'1746630178868-689824204.png',	NULL,	NULL,	'2025-05-07 23:29:14',	'2025-05-07 23:29:14'),
(215,	69,	215,	'1745294886603-329640279.png',	NULL,	NULL,	'2025-05-07 23:35:48',	'2025-05-07 23:35:48'),
(216,	75,	216,	'1746632444178-771712074.png',	NULL,	NULL,	'2025-05-07 23:40:44',	'2025-05-07 23:40:44'),
(217,	87,	217,	'1746635947130-622380163.png',	NULL,	NULL,	'2025-05-08 00:39:07',	'2025-05-08 00:39:07'),
(218,	88,	218,	'1746636278284-851482129.png',	NULL,	NULL,	'2025-05-08 00:44:38',	'2025-05-08 00:44:38'),
(220,	74,	220,	'1746591024151-772426548.png',	NULL,	NULL,	'2025-05-08 00:55:18',	'2025-05-08 00:55:18'),
(221,	74,	221,	'1746591024158-331707233.png',	NULL,	NULL,	'2025-05-08 00:55:18',	'2025-05-08 00:55:18'),
(222,	68,	222,	'1746636800943-135165190.png',	NULL,	NULL,	'2025-05-08 00:55:37',	'2025-05-08 00:55:37'),
(223,	97,	223,	'1746639739098-880064133.png',	NULL,	NULL,	'2025-05-08 01:42:19',	'2025-05-08 01:42:19'),
(224,	98,	224,	'1746641127071-958980462.png',	NULL,	NULL,	'2025-05-08 02:05:27',	'2025-05-08 02:05:27'),
(225,	99,	225,	'1746641931009-64794670.png',	NULL,	NULL,	'2025-05-08 02:18:51',	'2025-05-08 02:18:51'),
(228,	101,	228,	'1746687383137-202761740.png',	NULL,	NULL,	'2025-05-08 14:56:23',	'2025-05-08 14:56:23'),
(229,	101,	229,	'1746687383140-27295497.png',	NULL,	NULL,	'2025-05-08 14:56:23',	'2025-05-08 14:56:23'),
(230,	100,	230,	'1746642742065-802684761.png',	NULL,	NULL,	'2025-05-08 14:56:52',	'2025-05-08 14:56:52'),
(231,	100,	231,	'1746642742068-285370145.png',	NULL,	NULL,	'2025-05-08 14:56:52',	'2025-05-08 14:56:52'),
(232,	102,	232,	'1746688205837-394184242.png',	NULL,	NULL,	'2025-05-08 15:10:05',	'2025-05-08 15:10:05'),
(233,	102,	233,	'1746688205844-155273321.png',	NULL,	NULL,	'2025-05-08 15:10:05',	'2025-05-08 15:10:05'),
(234,	103,	234,	'1746689021496-412038276.png',	NULL,	NULL,	'2025-05-08 15:23:41',	'2025-05-08 15:23:41'),
(235,	104,	235,	'1746689315746-339240011.png',	NULL,	NULL,	'2025-05-08 15:28:35',	'2025-05-08 15:28:35'),
(236,	105,	236,	'1746690514451-177209712.png',	NULL,	NULL,	'2025-05-08 15:48:34',	'2025-05-08 15:48:34'),
(237,	106,	237,	'1746691192862-123967470.png',	NULL,	NULL,	'2025-05-08 15:59:52',	'2025-05-08 15:59:52'),
(238,	107,	238,	'1746692743839-220340456.png',	NULL,	NULL,	'2025-05-08 16:25:43',	'2025-05-08 16:25:43'),
(239,	108,	239,	'1746697808262-424266033.png',	NULL,	NULL,	'2025-05-08 17:50:08',	'2025-05-08 17:50:08'),
(240,	109,	240,	'1746698864991-519961752.png',	NULL,	NULL,	'2025-05-08 18:07:45',	'2025-05-08 18:07:45'),
(241,	110,	241,	'1746700814409-77129179.png',	NULL,	NULL,	'2025-05-08 18:40:14',	'2025-05-08 18:40:14'),
(243,	111,	243,	'1746723051680-249217672.png',	NULL,	NULL,	'2025-05-09 00:55:11',	'2025-05-09 00:55:11'),
(244,	112,	244,	'1746724416663-503585612.png',	NULL,	NULL,	'2025-05-09 01:13:36',	'2025-05-09 01:13:36'),
(245,	113,	245,	'1746725180803-914933442.png',	NULL,	NULL,	'2025-05-09 01:26:20',	'2025-05-09 01:26:20'),
(246,	114,	246,	'1746725921048-763021220.png',	NULL,	NULL,	'2025-05-09 01:38:41',	'2025-05-09 01:38:41'),
(249,	115,	249,	'1746727298658-969770631.png',	NULL,	NULL,	'2025-05-09 02:13:30',	'2025-05-09 02:13:30'),
(252,	70,	252,	'1742911729892-889750157.png',	NULL,	NULL,	'2025-05-12 18:33:00',	'2025-05-12 18:33:00'),
(253,	117,	253,	'1747046233744-397444866.png',	NULL,	NULL,	'2025-05-12 18:37:14',	'2025-05-12 18:37:14'),
(255,	116,	255,	'1747047803509-187605982.webp',	NULL,	NULL,	'2025-05-12 19:04:37',	'2025-05-12 19:04:37');

DROP TABLE IF EXISTS `product_attributes`;
CREATE TABLE `product_attributes` (
  `id` int NOT NULL AUTO_INCREMENT,
  `product_id` int DEFAULT NULL COMMENT '商品ID',
  `attribute_name` varchar(100) CHARACTER SET utf8mb4 COLLATE utf8mb4_unicode_ci NOT NULL COMMENT '屬性名稱',
  `attribute_value` varchar(100) CHARACTER SET utf8mb4 COLLATE utf8mb4_unicode_ci NOT NULL COMMENT '屬性值',
  `created_at` datetime NOT NULL DEFAULT CURRENT_TIMESTAMP COMMENT '建立時間',
  `updated_at` datetime DEFAULT CURRENT_TIMESTAMP ON UPDATE CURRENT_TIMESTAMP COMMENT '修改時間',
  PRIMARY KEY (`id`),
  KEY `product_attributes_product_id` (`product_id`),
  CONSTRAINT `product_attributes_ibfk_1` FOREIGN KEY (`product_id`) REFERENCES `products` (`id`) ON DELETE CASCADE
) ENGINE=InnoDB DEFAULT CHARSET=utf8mb4 COLLATE=utf8mb4_unicode_ci COMMENT='商品屬性';


DROP TABLE IF EXISTS `product_categories`;
CREATE TABLE `product_categories` (
  `id` int NOT NULL AUTO_INCREMENT,
  `sorting` int NOT NULL DEFAULT '1' COMMENT '排序編號',
  `product_id` int DEFAULT NULL COMMENT '商品ID',
  `category_id` int DEFAULT NULL COMMENT '類別ID',
  `created_at` datetime NOT NULL DEFAULT CURRENT_TIMESTAMP COMMENT '建立時間',
  `updated_at` datetime DEFAULT CURRENT_TIMESTAMP ON UPDATE CURRENT_TIMESTAMP COMMENT '修改時間',
  PRIMARY KEY (`id`),
  KEY `category_id` (`category_id`),
  KEY `product_categories_product_id` (`product_id`),
  CONSTRAINT `product_categories_ibfk_1` FOREIGN KEY (`product_id`) REFERENCES `products` (`id`) ON DELETE CASCADE,
  CONSTRAINT `product_categories_ibfk_2` FOREIGN KEY (`category_id`) REFERENCES `categories` (`id`) ON DELETE CASCADE
) ENGINE=InnoDB DEFAULT CHARSET=utf8mb4 COLLATE=utf8mb4_unicode_ci COMMENT='商品類別';

INSERT INTO `product_categories` (`id`, `sorting`, `product_id`, `category_id`, `created_at`, `updated_at`) VALUES
(440,	1,	91,	41,	'2025-04-30 19:46:50',	'2025-04-30 19:46:50'),
(441,	1,	92,	42,	'2025-04-30 19:46:58',	'2025-04-30 19:46:58'),
(443,	1,	90,	40,	'2025-05-06 16:31:20',	'2025-05-06 16:31:20'),
(449,	1,	72,	42,	'2025-05-07 11:26:37',	'2025-05-07 11:26:37'),
(455,	1,	86,	44,	'2025-05-07 12:50:46',	'2025-05-07 12:50:46'),
(456,	1,	86,	49,	'2025-05-07 12:50:46',	'2025-05-07 12:50:46'),
(457,	1,	85,	44,	'2025-05-07 14:22:58',	'2025-05-07 14:22:58'),
(458,	1,	85,	49,	'2025-05-07 14:22:58',	'2025-05-07 14:22:58'),
(468,	1,	71,	41,	'2025-05-07 15:02:16',	'2025-05-07 15:02:16'),
(479,	1,	94,	41,	'2025-05-07 17:39:03',	'2025-05-07 17:39:03'),
(480,	1,	83,	44,	'2025-05-07 17:56:32',	'2025-05-07 17:56:32'),
(481,	1,	77,	44,	'2025-05-07 18:05:10',	'2025-05-07 18:05:10'),
(482,	1,	95,	44,	'2025-05-07 18:23:08',	'2025-05-07 18:23:08'),
(483,	1,	73,	44,	'2025-05-07 18:39:51',	'2025-05-07 18:39:51'),
(484,	1,	96,	38,	'2025-05-07 19:18:17',	'2025-05-07 19:18:17'),
(485,	1,	96,	44,	'2025-05-07 19:18:17',	'2025-05-07 19:18:17'),
(486,	1,	82,	44,	'2025-05-07 22:38:10',	'2025-05-07 22:38:10'),
(487,	1,	84,	44,	'2025-05-07 22:49:05',	'2025-05-07 22:49:05'),
(488,	1,	81,	44,	'2025-05-07 22:55:47',	'2025-05-07 22:55:47'),
(490,	1,	78,	44,	'2025-05-07 23:12:55',	'2025-05-07 23:12:55'),
(491,	1,	79,	44,	'2025-05-07 23:22:27',	'2025-05-07 23:22:27'),
(493,	1,	76,	38,	'2025-05-07 23:28:38',	'2025-05-07 23:28:38'),
(494,	1,	80,	49,	'2025-05-07 23:29:14',	'2025-05-07 23:29:14'),
(495,	1,	69,	38,	'2025-05-07 23:35:48',	'2025-05-07 23:35:48'),
(496,	1,	75,	38,	'2025-05-07 23:40:44',	'2025-05-07 23:40:44'),
(497,	1,	87,	38,	'2025-05-08 00:39:07',	'2025-05-08 00:39:07'),
(498,	1,	88,	38,	'2025-05-08 00:44:38',	'2025-05-08 00:44:38'),
(500,	1,	74,	42,	'2025-05-08 00:55:18',	'2025-05-08 00:55:18'),
(501,	1,	68,	38,	'2025-05-08 00:55:37',	'2025-05-08 00:55:37'),
(502,	1,	97,	44,	'2025-05-08 01:42:19',	'2025-05-08 01:42:19'),
(503,	1,	98,	49,	'2025-05-08 02:05:27',	'2025-05-08 02:05:27'),
(504,	1,	99,	41,	'2025-05-08 02:18:51',	'2025-05-08 02:18:51'),
(506,	1,	101,	50,	'2025-05-08 14:56:23',	'2025-05-08 14:56:23'),
(507,	1,	100,	50,	'2025-05-08 14:56:52',	'2025-05-08 14:56:52'),
(509,	1,	102,	50,	'2025-05-08 15:10:05',	'2025-05-08 15:10:05'),
(511,	1,	103,	42,	'2025-05-08 15:23:41',	'2025-05-08 15:23:41'),
(512,	1,	104,	42,	'2025-05-08 15:28:35',	'2025-05-08 15:28:35'),
(513,	1,	105,	42,	'2025-05-08 15:48:34',	'2025-05-08 15:48:34'),
(514,	1,	106,	42,	'2025-05-08 15:59:52',	'2025-05-08 15:59:52'),
(515,	1,	107,	42,	'2025-05-08 16:25:43',	'2025-05-08 16:25:43'),
(516,	1,	108,	50,	'2025-05-08 17:50:08',	'2025-05-08 17:50:08'),
(517,	1,	109,	50,	'2025-05-08 18:07:45',	'2025-05-08 18:07:45'),
(520,	1,	110,	50,	'2025-05-08 18:40:14',	'2025-05-08 18:40:14'),
(522,	1,	111,	50,	'2025-05-09 00:55:11',	'2025-05-09 00:55:11'),
(523,	1,	112,	38,	'2025-05-09 01:13:36',	'2025-05-09 01:13:36'),
(524,	1,	113,	38,	'2025-05-09 01:26:20',	'2025-05-09 01:26:20'),
(525,	1,	114,	38,	'2025-05-09 01:38:41',	'2025-05-09 01:38:41'),
(528,	1,	115,	38,	'2025-05-09 02:13:30',	'2025-05-09 02:13:30'),
(535,	1,	70,	41,	'2025-05-12 18:33:00',	'2025-05-12 18:33:00'),
(536,	1,	70,	42,	'2025-05-12 18:33:00',	'2025-05-12 18:33:00'),
(537,	1,	70,	49,	'2025-05-12 18:33:00',	'2025-05-12 18:33:00'),
(539,	1,	117,	38,	'2025-05-12 18:37:13',	'2025-05-12 18:37:13'),
(543,	1,	116,	17,	'2025-05-12 19:04:37',	'2025-05-12 19:04:37');

DROP TABLE IF EXISTS `product_colors`;
CREATE TABLE `product_colors` (
  `id` int NOT NULL AUTO_INCREMENT,
  `product_id` int DEFAULT NULL COMMENT '商品ID',
  `sorting` int NOT NULL DEFAULT '1' COMMENT '排序編號',
  `color_name` varchar(50) CHARACTER SET utf8mb4 COLLATE utf8mb4_unicode_ci NOT NULL COMMENT '顏色名稱',
  `color_code` varchar(10) CHARACTER SET utf8mb4 COLLATE utf8mb4_unicode_ci DEFAULT NULL COMMENT '顏色的HEX碼',
  `file_name` varchar(255) CHARACTER SET utf8mb4 COLLATE utf8mb4_unicode_ci DEFAULT NULL COMMENT '對應的圖片檔案名稱',
  `image_url` varchar(500) CHARACTER SET utf8mb4 COLLATE utf8mb4_unicode_ci DEFAULT NULL COMMENT '對應的圖片URL',
  `created_at` datetime NOT NULL DEFAULT CURRENT_TIMESTAMP COMMENT '建立時間',
  `updated_at` datetime DEFAULT CURRENT_TIMESTAMP ON UPDATE CURRENT_TIMESTAMP COMMENT '修改時間',
  `nav_file_name` varchar(255) CHARACTER SET utf8mb4 COLLATE utf8mb4_unicode_ci DEFAULT NULL COMMENT '顏色的圖片檔案名稱',
  `nav_image_url` varchar(500) CHARACTER SET utf8mb4 COLLATE utf8mb4_unicode_ci DEFAULT NULL COMMENT '顏色的圖片URL',
  PRIMARY KEY (`id`),
  KEY `product_colors_product_id` (`product_id`),
  CONSTRAINT `product_colors_ibfk_1` FOREIGN KEY (`product_id`) REFERENCES `products` (`id`) ON DELETE CASCADE
) ENGINE=InnoDB DEFAULT CHARSET=utf8mb4 COLLATE=utf8mb4_unicode_ci COMMENT='商品顏色';

INSERT INTO `product_colors` (`id`, `product_id`, `sorting`, `color_name`, `color_code`, `file_name`, `image_url`, `created_at`, `updated_at`, `nav_file_name`, `nav_image_url`) VALUES
(620,	91,	1,	'健康綠',	'green',	'1745997542087-221855979.jpg',	NULL,	'2025-04-30 19:46:50',	'2025-04-30 19:46:50',	'1745998754518-754182165.png',	NULL),
(621,	91,	2,	'天空藍',	'blue',	'1745997542088-191470016.jpg',	NULL,	'2025-04-30 19:46:50',	'2025-04-30 19:46:50',	'1745998754518-916662246.png',	NULL),
(622,	92,	1,	'白',	'white',	'1746005111176-733172142.jpg',	NULL,	'2025-04-30 19:46:58',	'2025-04-30 19:46:58',	'1746004963191-885991882.png',	NULL),
(624,	90,	1,	'inkslap款',	'01',	'1745943621297-746705544.png',	NULL,	'2025-05-06 16:31:20',	'2025-05-06 16:31:20',	'1745941110611-182117243.png',	NULL),
(633,	72,	1,	'黑桃木',	NULL,	'1746587990277-69081784.png',	NULL,	'2025-05-07 11:26:37',	'2025-05-07 11:26:37',	'1746587990285-254694921.png',	NULL),
(644,	86,	1,	'米',	NULL,	'1741197511591-658642647.png',	NULL,	'2025-05-07 12:50:46',	'2025-05-07 12:50:46',	'1741197511595-996974260.png',	NULL),
(645,	85,	1,	'黑',	NULL,	'1741197467256-689859233.png',	NULL,	'2025-05-07 14:22:58',	'2025-05-07 14:22:58',	'1741197467264-312487277.png',	NULL),
(651,	71,	1,	'米白',	NULL,	'1742355168361-764424621.png',	NULL,	'2025-05-07 15:02:16',	'2025-05-07 15:02:16',	'1742355168367-755106347.png',	NULL),
(652,	71,	2,	'淺灰',	NULL,	'1742355168351-608581598.png',	NULL,	'2025-05-07 15:02:16',	'2025-05-07 15:02:16',	'1742355168361-152193561.png',	NULL),
(664,	94,	1,	'白雪',	NULL,	'1746605406618-883939214.png',	NULL,	'2025-05-07 17:39:03',	'2025-05-07 17:39:03',	'1746605406621-143185090.png',	NULL),
(665,	94,	2,	'黑墨',	NULL,	'1746605406621-63911896.png',	NULL,	'2025-05-07 17:39:03',	'2025-05-07 17:39:03',	'1746605406624-532145826.png',	NULL),
(666,	83,	1,	'白',	'white',	'1741197232475-751965227.png',	NULL,	'2025-05-07 17:56:32',	'2025-05-07 17:56:32',	'1741197232479-78653137.png',	NULL),
(667,	83,	2,	'藍',	'blue',	'1741197232471-767677132.png',	NULL,	'2025-05-07 17:56:32',	'2025-05-07 17:56:32',	'1741197232475-506594019.png',	NULL),
(668,	83,	3,	'黑',	'black',	'1741197232480-580916435.png',	NULL,	'2025-05-07 17:56:32',	'2025-05-07 17:56:32',	'1741197232483-586372148.png',	NULL),
(669,	77,	1,	'白',	NULL,	'1741196637283-331638463.png',	NULL,	'2025-05-07 18:05:10',	'2025-05-07 18:05:10',	'1741196637286-2136960.png',	NULL),
(670,	77,	2,	'藍',	NULL,	'1741196637279-56075891.png',	NULL,	'2025-05-07 18:05:10',	'2025-05-07 18:05:10',	'1741196637283-291616491.png',	NULL),
(671,	77,	3,	'黑',	NULL,	'1741196637286-547682982.png',	NULL,	'2025-05-07 18:05:10',	'2025-05-07 18:05:10',	'1741196637290-210528222.png',	NULL),
(672,	95,	1,	'咖啡',	NULL,	'1746613388081-925677225.png',	NULL,	'2025-05-07 18:23:08',	'2025-05-07 18:23:08',	'1746613388085-977219090.png',	NULL),
(673,	95,	1,	'深藍',	NULL,	'1746613388085-464835450.png',	NULL,	'2025-05-07 18:23:08',	'2025-05-07 18:23:08',	'1746613388089-15012092.png',	NULL),
(674,	73,	1,	'灰',	NULL,	'1741196180712-656905048.png',	NULL,	'2025-05-07 18:39:51',	'2025-05-07 18:39:51',	'1741196180720-4721659.png',	NULL),
(675,	73,	2,	'黑',	NULL,	'1741196180720-742077837.png',	NULL,	'2025-05-07 18:39:51',	'2025-05-07 18:39:51',	'1741196180754-14539331.png',	NULL),
(676,	96,	1,	'杏',	NULL,	'1746616697715-860611991.png',	NULL,	'2025-05-07 19:18:17',	'2025-05-07 19:18:17',	'1746616697718-247080840.png',	NULL),
(677,	96,	1,	'粉',	NULL,	'1746616697719-489377930.png',	NULL,	'2025-05-07 19:18:17',	'2025-05-07 19:18:17',	'1746616697721-332794081.png',	NULL),
(678,	96,	1,	'黑',	NULL,	'1746616697722-240321766.png',	NULL,	'2025-05-07 19:18:17',	'2025-05-07 19:18:17',	'1746616697726-228232184.png',	NULL),
(679,	82,	1,	'白',	NULL,	'1741197109678-739408418.png',	NULL,	'2025-05-07 22:38:10',	'2025-05-07 22:38:10',	'1741197109683-873663336.png',	NULL),
(680,	82,	2,	'黑',	NULL,	'1741197109669-757756234.png',	NULL,	'2025-05-07 22:38:10',	'2025-05-07 22:38:10',	'1741197109677-134398739.png',	NULL),
(681,	84,	1,	'白',	NULL,	'1746629345663-413651372.png',	NULL,	'2025-05-07 22:49:05',	'2025-05-07 22:49:05',	'1746629345666-261640055.png',	NULL),
(682,	84,	2,	'藍',	'blue',	'1741197354072-404181019.png',	NULL,	'2025-05-07 22:49:05',	'2025-05-07 22:49:05',	'1746629345667-189154995.png',	NULL),
(683,	84,	3,	'黑',	NULL,	'1746629345667-257218862.png',	NULL,	'2025-05-07 22:49:05',	'2025-05-07 22:49:05',	'1746629345670-516024227.png',	NULL),
(684,	81,	1,	'白',	NULL,	'1741197028670-440347157.png',	NULL,	'2025-05-07 22:55:47',	'2025-05-07 22:55:47',	'1741197028673-328540927.png',	NULL),
(685,	81,	2,	'藍',	NULL,	'1741197028673-891920656.png',	NULL,	'2025-05-07 22:55:47',	'2025-05-07 22:55:47',	'1741197028675-844066549.png',	NULL),
(686,	81,	3,	'黑',	NULL,	'1741197028675-460982119.png',	NULL,	'2025-05-07 22:55:47',	'2025-05-07 22:55:47',	'1741197028677-865938479.png',	NULL),
(689,	78,	1,	'白',	NULL,	'1741196736388-205805453.png',	NULL,	'2025-05-07 23:12:55',	'2025-05-07 23:12:55',	'1741196736392-471016785.png',	NULL),
(690,	78,	2,	'紫',	NULL,	'1741196736383-91258800.png',	NULL,	'2025-05-07 23:12:55',	'2025-05-07 23:12:55',	'1741196736388-402571846.png',	NULL),
(691,	78,	3,	'黑',	NULL,	'1741196736392-815445377.png',	NULL,	'2025-05-07 23:12:55',	'2025-05-07 23:12:55',	'1741196736398-371984239.png',	NULL),
(692,	79,	1,	'白',	NULL,	'1741196825632-626916686.png',	NULL,	'2025-05-07 23:22:27',	'2025-05-07 23:22:27',	'1741196825636-453942090.png',	NULL),
(693,	79,	2,	'橘',	NULL,	'1741196825629-401254478.png',	NULL,	'2025-05-07 23:22:27',	'2025-05-07 23:22:27',	'1741196825632-578607977.png',	NULL),
(694,	79,	3,	'黑',	NULL,	'1741196825636-895160579.png',	NULL,	'2025-05-07 23:22:27',	'2025-05-07 23:22:27',	'1741196825640-334734055.png',	NULL),
(697,	76,	1,	'粉',	NULL,	'1741196528591-566400295.png',	NULL,	'2025-05-07 23:28:38',	'2025-05-07 23:28:38',	'1741196528596-837518398.png',	NULL),
(698,	76,	2,	'黑',	NULL,	'1741196528597-447905088.png',	NULL,	'2025-05-07 23:28:38',	'2025-05-07 23:28:38',	'1741196528601-731538430.png',	NULL),
(699,	80,	1,	'紅',	NULL,	'1746630178860-179049884.png',	NULL,	'2025-05-07 23:29:14',	'2025-05-07 23:29:14',	'1741196906112-601792682.png',	NULL),
(700,	80,	2,	'黑',	NULL,	'1746630178863-293482163.png',	NULL,	'2025-05-07 23:29:14',	'2025-05-07 23:29:14',	'1741196906114-444250906.png',	NULL),
(701,	69,	1,	'白',	NULL,	'1741192887544-9753327.png',	NULL,	'2025-05-07 23:35:48',	'2025-05-07 23:35:48',	'1741192887551-384374430.png',	NULL),
(702,	69,	2,	'棕',	NULL,	'1741192887551-778223712.png',	NULL,	'2025-05-07 23:35:48',	'2025-05-07 23:35:48',	'1741192887557-113465395.png',	NULL),
(703,	69,	3,	'黑',	NULL,	'1741192887557-116083119.png',	NULL,	'2025-05-07 23:35:48',	'2025-05-07 23:35:48',	'1741192887564-399557638.png',	NULL),
(704,	75,	1,	'銀',	NULL,	'1741196406361-300155150.png',	NULL,	'2025-05-07 23:40:44',	'2025-05-07 23:40:44',	'1741196406365-849829449.png',	NULL),
(705,	75,	2,	'黑',	NULL,	'1741196406366-535918249.png',	NULL,	'2025-05-07 23:40:44',	'2025-05-07 23:40:44',	'1741196406370-879496092.png',	NULL),
(706,	87,	1,	'白',	NULL,	'1741197611360-969332971.png',	NULL,	'2025-05-08 00:39:07',	'2025-05-08 00:39:07',	'1741197611363-531483225.png',	NULL),
(707,	87,	2,	'黑',	NULL,	'1741197611357-659691002.png',	NULL,	'2025-05-08 00:39:07',	'2025-05-08 00:39:07',	'1741197611359-123016229.png',	NULL),
(708,	88,	1,	'黑',	NULL,	'1741197661900-802688969.png',	NULL,	'2025-05-08 00:44:38',	'2025-05-08 00:44:38',	'1741197661904-433817567.png',	NULL),
(712,	74,	1,	'潔淨白',	NULL,	'1741196326020-177051436.png',	NULL,	'2025-05-08 00:55:18',	'2025-05-08 00:55:18',	'1741196326024-10138491.png',	NULL),
(713,	74,	2,	'橄欖綠',	NULL,	'1741196326024-990866878.png',	NULL,	'2025-05-08 00:55:18',	'2025-05-08 00:55:18',	'1741196326027-902847778.png',	NULL),
(714,	74,	3,	'午夜黑',	NULL,	'1741196326027-933249707.png',	NULL,	'2025-05-08 00:55:18',	'2025-05-08 00:55:18',	'1741196326031-76175583.png',	NULL),
(715,	68,	1,	'銀',	NULL,	'1741192679176-619053412.png',	NULL,	'2025-05-08 00:55:37',	'2025-05-08 00:55:37',	'1741192679183-107505971.png',	NULL),
(716,	68,	2,	'金',	NULL,	'1741192679183-424823274.png',	NULL,	'2025-05-08 00:55:37',	'2025-05-08 00:55:37',	'1741192679188-270774507.png',	NULL),
(717,	68,	3,	'玫瑰金',	NULL,	'1741192679188-157335640.png',	NULL,	'2025-05-08 00:55:37',	'2025-05-08 00:55:37',	'1741192679218-407020333.png',	NULL),
(718,	97,	1,	'白',	NULL,	'1746639739064-406110858.png',	NULL,	'2025-05-08 01:42:19',	'2025-05-08 01:42:19',	'1746639739068-451744611.png',	NULL),
(719,	97,	1,	'灰',	NULL,	'1746639739069-125199342.png',	NULL,	'2025-05-08 01:42:19',	'2025-05-08 01:42:19',	'1746639739072-986439310.png',	NULL),
(720,	97,	1,	'黑',	NULL,	'1746639739072-891102221.png',	NULL,	'2025-05-08 01:42:19',	'2025-05-08 01:42:19',	'1746639739092-14807952.png',	NULL),
(721,	98,	1,	'太空灰',	NULL,	'1746641127064-139084767.png',	NULL,	'2025-05-08 02:05:27',	'2025-05-08 02:05:27',	'1746641127067-470222386.png',	NULL),
(722,	98,	1,	'宇宙黑',	NULL,	'1746641127067-854555905.png',	NULL,	'2025-05-08 02:05:27',	'2025-05-08 02:05:27',	'1746641127070-10234431.png',	NULL),
(723,	99,	1,	'白',	NULL,	'1746641930990-712419483.png',	NULL,	'2025-05-08 02:18:51',	'2025-05-08 02:18:51',	'1746641930994-193403545.png',	NULL),
(724,	99,	1,	'黃',	NULL,	'1746641930994-954718644.png',	NULL,	'2025-05-08 02:18:51',	'2025-05-08 02:18:51',	'1746641930999-959244274.png',	NULL),
(725,	99,	1,	'灰',	NULL,	'1746641930999-49651987.png',	NULL,	'2025-05-08 02:18:51',	'2025-05-08 02:18:51',	'1746641931004-507411417.png',	NULL),
(726,	99,	1,	'黑',	NULL,	'1746641931004-610555299.png',	NULL,	'2025-05-08 02:18:51',	'2025-05-08 02:18:51',	'1746641931009-599020543.png',	NULL),
(728,	101,	1,	'竹木',	NULL,	'1746687383132-687689507.png',	NULL,	'2025-05-08 14:56:23',	'2025-05-08 14:56:23',	'1746687383137-259469082.png',	NULL),
(729,	100,	1,	'不鏽鋼',	NULL,	'1746642742060-123134620.png',	NULL,	'2025-05-08 14:56:52',	'2025-05-08 14:56:52',	'1746642742064-121891786.png',	NULL),
(732,	102,	1,	'藍',	NULL,	'1746687786493-823468517.png',	NULL,	'2025-05-08 15:10:05',	'2025-05-08 15:10:05',	'1746687786497-720977316.png',	NULL),
(733,	102,	2,	'灰',	NULL,	'1746687786497-787543731.png',	NULL,	'2025-05-08 15:10:05',	'2025-05-08 15:10:05',	'1746687786500-848981220.png',	NULL),
(736,	103,	1,	'綠',	NULL,	'1746688624071-278394252.png',	NULL,	'2025-05-08 15:23:41',	'2025-05-08 15:23:41',	'1746688624075-691651150.png',	NULL),
(737,	104,	1,	'黃',	NULL,	'1746689315743-741961620.png',	NULL,	'2025-05-08 15:28:35',	'2025-05-08 15:28:35',	'1746689315746-576075142.png',	NULL),
(738,	105,	1,	'藍',	NULL,	'1746690514397-964188028.png',	NULL,	'2025-05-08 15:48:34',	'2025-05-08 15:48:34',	'1746690514400-823124026.png',	NULL),
(739,	105,	1,	'黃',	NULL,	'1746690514400-405492456.png',	NULL,	'2025-05-08 15:48:34',	'2025-05-08 15:48:34',	'1746690514403-10919060.png',	NULL),
(740,	105,	1,	'橘',	NULL,	'1746690514404-403908611.png',	NULL,	'2025-05-08 15:48:34',	'2025-05-08 15:48:34',	'1746690514407-64460094.png',	NULL),
(741,	105,	1,	'粉',	NULL,	'1746690514408-618078698.png',	NULL,	'2025-05-08 15:48:34',	'2025-05-08 15:48:34',	'1746690514411-471377487.png',	NULL),
(742,	105,	1,	'紅',	NULL,	'1746690514411-664096510.png',	NULL,	'2025-05-08 15:48:34',	'2025-05-08 15:48:34',	'1746690514415-280248473.png',	NULL),
(743,	105,	1,	'綠',	NULL,	'1746690514417-453310323.png',	NULL,	'2025-05-08 15:48:34',	'2025-05-08 15:48:34',	'1746690514449-589089948.png',	NULL),
(744,	106,	1,	'黑胡桃',	NULL,	'1746691192858-653620912.png',	NULL,	'2025-05-08 15:59:52',	'2025-05-08 15:59:52',	'1746691192861-234127587.png',	NULL),
(745,	107,	1,	'黑胡桃',	NULL,	'1746692743835-200753206.png',	NULL,	'2025-05-08 16:25:43',	'2025-05-08 16:25:43',	'1746692743838-740569609.png',	NULL),
(746,	108,	1,	'米',	NULL,	'1746697808238-43690262.png',	NULL,	'2025-05-08 17:50:08',	'2025-05-08 17:50:08',	'1746697808240-364805773.png',	NULL),
(747,	108,	1,	'粉',	NULL,	'1746697808241-151720338.png',	NULL,	'2025-05-08 17:50:08',	'2025-05-08 17:50:08',	'1746697808243-464017397.png',	NULL),
(748,	108,	1,	'淺灰',	NULL,	'1746697808243-502400615.png',	NULL,	'2025-05-08 17:50:08',	'2025-05-08 17:50:08',	'1746697808246-59022543.png',	NULL),
(749,	108,	1,	'深灰',	NULL,	'1746697808246-780044828.png',	NULL,	'2025-05-08 17:50:08',	'2025-05-08 17:50:08',	'1746697808258-588286921.png',	NULL),
(750,	108,	1,	'軍綠',	NULL,	'1746697808258-437855021.png',	NULL,	'2025-05-08 17:50:08',	'2025-05-08 17:50:08',	'1746697808261-428438132.png',	NULL),
(751,	109,	1,	'灰色系',	NULL,	'1746698864978-480496853.png',	NULL,	'2025-05-08 18:07:45',	'2025-05-08 18:07:45',	'1746698864981-263815311.png',	NULL),
(752,	109,	1,	'黃色系',	NULL,	'1746698864982-511675564.png',	NULL,	'2025-05-08 18:07:45',	'2025-05-08 18:07:45',	'1746698864985-693941169.png',	NULL),
(753,	109,	1,	'綠色系',	NULL,	'1746698864986-40898827.png',	NULL,	'2025-05-08 18:07:45',	'2025-05-08 18:07:45',	'1746698864989-751994548.png',	NULL),
(755,	110,	1,	'全客製',	NULL,	'1746700775165-913396800.png',	NULL,	'2025-05-08 18:40:14',	'2025-05-08 18:40:14',	'1746700775168-535539655.png',	NULL),
(762,	111,	1,	'白',	NULL,	'1746723051653-581867114.png',	NULL,	'2025-05-09 00:55:11',	'2025-05-09 00:55:11',	'1746723051658-989152818.png',	NULL),
(763,	111,	2,	'紅',	NULL,	'1746723051658-462955728.png',	NULL,	'2025-05-09 00:55:11',	'2025-05-09 00:55:11',	'1746723051662-658549802.png',	NULL),
(764,	111,	3,	'橙',	NULL,	'1746723051663-200903288.png',	NULL,	'2025-05-09 00:55:11',	'2025-05-09 00:55:11',	'1746723051666-831513799.png',	NULL),
(765,	111,	4,	'黃',	NULL,	'1746723051667-825719381.png',	NULL,	'2025-05-09 00:55:11',	'2025-05-09 00:55:11',	'1746723051671-704874003.png',	NULL),
(766,	111,	5,	'淺綠',	NULL,	'1746723051671-946972321.png',	NULL,	'2025-05-09 00:55:11',	'2025-05-09 00:55:11',	'1746723051675-680406440.png',	NULL),
(767,	111,	6,	'深綠',	NULL,	'1746723051675-452422999.png',	NULL,	'2025-05-09 00:55:11',	'2025-05-09 00:55:11',	'1746723051680-63530302.png',	NULL),
(768,	111,	7,	'藍綠',	NULL,	'1746723310944-818042986.png',	NULL,	'2025-05-09 00:55:11',	'2025-05-09 00:55:11',	'1746723310949-873754291.png',	NULL),
(769,	111,	8,	'天藍',	NULL,	'1746723310949-816963419.png',	NULL,	'2025-05-09 00:55:11',	'2025-05-09 00:55:11',	'1746723310954-582679821.png',	NULL),
(770,	111,	9,	'深藍',	NULL,	'1746723310954-248395501.png',	NULL,	'2025-05-09 00:55:11',	'2025-05-09 00:55:11',	'1746723310958-714162005.png',	NULL),
(771,	111,	10,	'藍紫',	NULL,	'1746723310959-903611354.png',	NULL,	'2025-05-09 00:55:11',	'2025-05-09 00:55:11',	'1746723310963-790467216.png',	NULL),
(772,	111,	11,	'粉紫',	NULL,	'1746723310963-479753893.png',	NULL,	'2025-05-09 00:55:11',	'2025-05-09 00:55:11',	'1746723310967-338828075.png',	NULL),
(773,	112,	1,	'白橫紋',	NULL,	'1746724416645-380940811.png',	NULL,	'2025-05-09 01:13:36',	'2025-05-09 01:13:36',	'1746724416649-634146546.png',	NULL),
(774,	112,	1,	'牛皮橫紋',	NULL,	'1746724416649-483348932.png',	NULL,	'2025-05-09 01:13:36',	'2025-05-09 01:13:36',	'1746724416653-504879158.png',	NULL),
(775,	112,	1,	'牛皮方格',	NULL,	'1746724416653-489001695.png',	NULL,	'2025-05-09 01:13:36',	'2025-05-09 01:13:36',	'1746724416658-923260458.png',	NULL),
(776,	112,	1,	'牛皮空白',	NULL,	'1746724416658-340970012.png',	NULL,	'2025-05-09 01:13:36',	'2025-05-09 01:13:36',	'1746724416663-610215205.png',	NULL),
(777,	113,	1,	'橘',	NULL,	'1746725180795-784230201.png',	NULL,	'2025-05-09 01:26:20',	'2025-05-09 01:26:20',	'1746725180799-663857300.png',	NULL),
(778,	113,	1,	'黑',	NULL,	'1746725180799-851226177.png',	NULL,	'2025-05-09 01:26:20',	'2025-05-09 01:26:20',	'1746725180802-810481757.png',	NULL),
(779,	114,	1,	'米',	NULL,	'1746725921033-511046720.png',	NULL,	'2025-05-09 01:38:41',	'2025-05-09 01:38:41',	'1746725921038-242665443.png',	NULL),
(780,	114,	1,	'灰',	NULL,	'1746725921038-85601170.png',	NULL,	'2025-05-09 01:38:41',	'2025-05-09 01:38:41',	'1746725921040-915101499.png',	NULL),
(781,	114,	1,	'藍',	NULL,	'1746725921040-148532492.png',	NULL,	'2025-05-09 01:38:41',	'2025-05-09 01:38:41',	'1746725921043-872047910.png',	NULL),
(782,	114,	1,	'藍綠',	NULL,	'1746725921043-486556473.png',	NULL,	'2025-05-09 01:38:41',	'2025-05-09 01:38:41',	'1746725921045-968554536.png',	NULL),
(783,	114,	1,	'綠',	NULL,	'1746725921045-690594224.png',	NULL,	'2025-05-09 01:38:41',	'2025-05-09 01:38:41',	'1746725921047-609104975.png',	NULL),
(799,	115,	1,	'白',	NULL,	'1746727298642-397170777.png',	NULL,	'2025-05-09 02:13:30',	'2025-05-09 02:13:30',	'1746727298645-352181642.png',	NULL),
(800,	115,	2,	'米',	NULL,	'1746727298645-820553294.png',	NULL,	'2025-05-09 02:13:30',	'2025-05-09 02:13:30',	'1746727298648-543752195.png',	NULL),
(801,	115,	3,	'灰',	NULL,	'1746727298648-321872240.png',	NULL,	'2025-05-09 02:13:30',	'2025-05-09 02:13:30',	'1746727298651-143770455.png',	NULL),
(802,	115,	4,	'粉',	NULL,	'1746727298651-78337477.png',	NULL,	'2025-05-09 02:13:30',	'2025-05-09 02:13:30',	'1746727298654-575445132.png',	NULL),
(803,	115,	5,	'紅',	NULL,	'1746727298654-293704843.png',	NULL,	'2025-05-09 02:13:30',	'2025-05-09 02:13:30',	'1746727298657-121546957.png',	NULL),
(804,	115,	6,	'橘',	NULL,	NULL,	NULL,	'2025-05-09 02:13:30',	'2025-05-09 02:13:30',	'1746727657498-569232020.png',	NULL),
(805,	115,	7,	'黃',	NULL,	NULL,	NULL,	'2025-05-09 02:13:30',	'2025-05-09 02:13:30',	'1746727657498-512270831.png',	NULL),
(806,	115,	8,	'咖',	NULL,	NULL,	NULL,	'2025-05-09 02:13:30',	'2025-05-09 02:13:30',	'1746727657498-407856402.png',	NULL),
(807,	115,	9,	'綠',	NULL,	NULL,	NULL,	'2025-05-09 02:13:30',	'2025-05-09 02:13:30',	'1746727657499-758883376.png',	NULL),
(808,	115,	10,	'深綠',	NULL,	NULL,	NULL,	'2025-05-09 02:13:30',	'2025-05-09 02:13:30',	'1746727657499-588180213.png',	NULL),
(809,	115,	11,	'天藍',	NULL,	'1746728010633-376291393.png',	NULL,	'2025-05-09 02:13:30',	'2025-05-09 02:13:30',	'1746728010636-542173740.png',	NULL),
(810,	115,	12,	'藍',	NULL,	'1746728010636-233408191.png',	NULL,	'2025-05-09 02:13:30',	'2025-05-09 02:13:30',	'1746728010639-913883370.png',	NULL),
(811,	115,	13,	'寶藍',	NULL,	'1746728010639-846439486.png',	NULL,	'2025-05-09 02:13:30',	'2025-05-09 02:13:30',	'1746728010642-205479267.png',	NULL),
(812,	115,	14,	'靛',	NULL,	'1746728010642-581522879.png',	NULL,	'2025-05-09 02:13:30',	'2025-05-09 02:13:30',	'1746728010645-940599241.png',	NULL),
(813,	115,	15,	'黑',	NULL,	'1746728010645-32097032.png',	NULL,	'2025-05-09 02:13:30',	'2025-05-09 02:13:30',	'1746728010648-8521674.png',	NULL),
(816,	70,	1,	'金屬原色',	NULL,	'1742267753444-418089016.png',	NULL,	'2025-05-12 18:33:00',	'2025-05-12 18:33:00',	'1742267753453-87602371.png',	NULL),
(817,	117,	1,	'天空藍',	NULL,	'1747046233679-730754107.png',	NULL,	'2025-05-12 18:37:13',	'2025-05-12 18:37:13',	'1747046233683-47626748.png',	NULL),
(818,	117,	1,	'寶藍',	NULL,	'1747046233683-854646853.png',	NULL,	'2025-05-12 18:37:13',	'2025-05-12 18:37:13',	'1747046233685-160079001.png',	NULL),
(819,	117,	1,	'深藍',	NULL,	'1747046233686-549526750.png',	NULL,	'2025-05-12 18:37:13',	'2025-05-12 18:37:13',	'1747046233688-841404968.png',	NULL),
(820,	117,	1,	'粉紅',	NULL,	'1747046233689-693101440.png',	NULL,	'2025-05-12 18:37:13',	'2025-05-12 18:37:13',	'1747046233692-753699116.png',	NULL),
(821,	117,	1,	'紅',	NULL,	'1747046233692-183143541.png',	NULL,	'2025-05-12 18:37:13',	'2025-05-12 18:37:13',	'1747046233694-639448321.png',	NULL),
(822,	117,	1,	'橘',	NULL,	'1747046233694-670301098.png',	NULL,	'2025-05-12 18:37:13',	'2025-05-12 18:37:13',	'1747046233697-459367453.png',	NULL),
(823,	117,	1,	'黃',	NULL,	'1747046233697-693832449.png',	NULL,	'2025-05-12 18:37:13',	'2025-05-12 18:37:13',	'1747046233701-122922165.png',	NULL),
(824,	117,	1,	'綠',	NULL,	'1747046233702-704421771.png',	NULL,	'2025-05-12 18:37:13',	'2025-05-12 18:37:13',	'1747046233719-347423190.png',	NULL),
(825,	117,	1,	'紫',	NULL,	'1747046233719-613891297.png',	NULL,	'2025-05-12 18:37:13',	'2025-05-12 18:37:13',	'1747046233743-837137589.png',	NULL),
(829,	116,	1,	'黑',	NULL,	'1747046777598-551872819.webp',	NULL,	'2025-05-12 19:04:37',	'2025-05-12 19:04:37',	'1747046777598-623639361.webp',	NULL);

DROP TABLE IF EXISTS `product_editable_areas`;
CREATE TABLE `product_editable_areas` (
  `id` int NOT NULL AUTO_INCREMENT,
  `product_id` int DEFAULT NULL COMMENT '商品ID',
  `sorting` int NOT NULL DEFAULT '1' COMMENT '排序編號',
  `area_name` varchar(50) COLLATE utf8mb4_unicode_ci NOT NULL COMMENT '區域名稱(例如正面、反面)',
  `created_at` datetime NOT NULL DEFAULT CURRENT_TIMESTAMP COMMENT '建立時間',
  `updated_at` datetime DEFAULT CURRENT_TIMESTAMP ON UPDATE CURRENT_TIMESTAMP COMMENT '修改時間',
  `template_dimensions` json DEFAULT NULL COMMENT '模板圖片位置數據 {h: 高度, w: 寬度, x: X 座標, y: Y 座標, angle: 角度}',
  `dimension_points` json DEFAULT NULL COMMENT '模板圖片四個點的(x, y)座標',
  PRIMARY KEY (`id`),
  KEY `product_id` (`product_id`),
  CONSTRAINT `product_editable_areas_ibfk_1` FOREIGN KEY (`product_id`) REFERENCES `products` (`id`) ON DELETE CASCADE
) ENGINE=InnoDB DEFAULT CHARSET=utf8mb4 COLLATE=utf8mb4_unicode_ci COMMENT='商品可編輯區域';

INSERT INTO `product_editable_areas` (`id`, `product_id`, `sorting`, `area_name`, `created_at`, `updated_at`, `template_dimensions`, `dimension_points`) VALUES
(155,	91,	1,	'府視',	'2025-04-30 19:46:50',	'2025-04-30 19:46:50',	'{\"h\": 285, \"w\": 321, \"x\": 409, \"y\": 503, \"angle\": 0}',	'{\"p0\": {\"x\": 409, \"y\": 503}, \"p1\": {\"x\": 730, \"y\": 503}, \"p2\": {\"x\": 730, \"y\": 788}, \"p3\": {\"x\": 409, \"y\": 788}}'),
(156,	91,	2,	'背視',	'2025-04-30 19:46:50',	'2025-04-30 19:46:50',	'{\"h\": 2047, \"w\": 2047, \"x\": 0, \"y\": 0, \"angle\": 0}',	'{\"p0\": {\"x\": 0, \"y\": 0}, \"p1\": {\"x\": 2047, \"y\": 0}, \"p2\": {\"x\": 2047, \"y\": 2047}, \"p3\": {\"x\": 0, \"y\": 2047}}'),
(157,	92,	1,	'上視圖',	'2025-04-30 19:46:58',	'2025-04-30 19:46:58',	'{\"h\": 744, \"w\": 576, \"x\": 610, \"y\": 284, \"angle\": -0.411}',	'{\"p0\": {\"x\": 610, \"y\": 284}, \"p1\": {\"x\": 1185.99, \"y\": 279.87}, \"p2\": {\"x\": 1191.32, \"y\": 1023.85}, \"p3\": {\"x\": 615.34, \"y\": 1027.98}}'),
(158,	92,	2,	'背面',	'2025-04-30 19:46:58',	'2025-04-30 19:46:58',	'{\"h\": 744, \"w\": 576, \"x\": 610, \"y\": 284, \"angle\": -0.411}',	'{\"p0\": {\"x\": 610, \"y\": 284}, \"p1\": {\"x\": 1185.99, \"y\": 279.87}, \"p2\": {\"x\": 1191.32, \"y\": 1023.85}, \"p3\": {\"x\": 615.34, \"y\": 1027.98}}'),
(161,	90,	1,	'正面',	'2025-05-06 16:31:20',	'2025-05-06 16:31:20',	'{\"h\": 6, \"w\": 30, \"x\": 92, \"y\": 91, \"angle\": 0}',	'{\"p0\": {\"x\": 92, \"y\": 91}, \"p1\": {\"x\": 122, \"y\": 91}, \"p2\": {\"x\": 122, \"y\": 97}, \"p3\": {\"x\": 92, \"y\": 97}}'),
(162,	90,	2,	'背面',	'2025-05-06 16:31:20',	'2025-05-06 16:31:20',	'{\"h\": 636, \"w\": 497, \"x\": 348, \"y\": 255, \"angle\": 0}',	'{\"p0\": {\"x\": 348, \"y\": 255}, \"p1\": {\"x\": 845, \"y\": 255}, \"p2\": {\"x\": 845, \"y\": 891}, \"p3\": {\"x\": 348, \"y\": 891}}'),
(166,	72,	1,	'黑桃木',	'2025-05-07 11:26:37',	'2025-05-07 11:26:37',	'{\"h\": 220, \"w\": 71, \"x\": 792, \"y\": 767, \"angle\": -6.17}',	'{\"p0\": {\"x\": 792, \"y\": 767}, \"p1\": {\"x\": 862.59, \"y\": 759.37}, \"p2\": {\"x\": 886.23, \"y\": 978.09}, \"p3\": {\"x\": 815.65, \"y\": 985.73}}'),
(177,	86,	1,	'傘外',	'2025-05-07 12:50:46',	'2025-05-07 12:50:46',	'{\"h\": 419, \"w\": 1094, \"x\": 69, \"y\": 88, \"angle\": -42.672}',	'{\"p0\": {\"x\": 69, \"y\": 88}, \"p1\": {\"x\": 873.36, \"y\": -653.51}, \"p2\": {\"x\": 1157.36, \"y\": -345.45}, \"p3\": {\"x\": 353, \"y\": 396.07}}'),
(178,	86,	2,	'束帶',	'2025-05-07 12:50:46',	'2025-05-07 12:50:46',	'{\"h\": 177, \"w\": 552, \"x\": 521, \"y\": 485, \"angle\": -87.879}',	'{\"p0\": {\"x\": 521, \"y\": 485}, \"p1\": {\"x\": 541.43, \"y\": -66.62}, \"p2\": {\"x\": 718.31, \"y\": -60.07}, \"p3\": {\"x\": 697.88, \"y\": 491.55}}'),
(179,	85,	1,	'傘外',	'2025-05-07 14:22:58',	'2025-05-07 14:22:58',	'{\"h\": 400, \"w\": 1111, \"x\": 142, \"y\": 48, \"angle\": -41.872}',	'{\"p0\": {\"x\": 142, \"y\": 48}, \"p1\": {\"x\": 969.29, \"y\": -693.56}, \"p2\": {\"x\": 1236.28, \"y\": -395.7}, \"p3\": {\"x\": 408.99, \"y\": 345.86}}'),
(180,	85,	2,	'束帶',	'2025-05-07 14:22:58',	'2025-05-07 14:22:58',	'{\"h\": 580, \"w\": 70, \"x\": 576, \"y\": 409, \"angle\": 0}',	'{\"p0\": {\"x\": 576, \"y\": 409}, \"p1\": {\"x\": 646, \"y\": 409}, \"p2\": {\"x\": 646, \"y\": 989}, \"p3\": {\"x\": 576, \"y\": 989}}'),
(186,	71,	1,	'雷射雕刻',	'2025-05-07 15:02:16',	'2025-05-07 15:02:16',	'{\"h\": 73, \"w\": 73, \"x\": 249, \"y\": 833, \"angle\": 0}',	'{\"p0\": {\"x\": 249, \"y\": 833}, \"p1\": {\"x\": 322, \"y\": 833}, \"p2\": {\"x\": 322, \"y\": 906}, \"p3\": {\"x\": 249, \"y\": 906}}'),
(198,	94,	1,	'正面',	'2025-05-07 17:39:03',	'2025-05-07 17:39:03',	'{\"h\": 135, \"w\": 135, \"x\": 688, \"y\": 546, \"angle\": 0}',	'{\"p0\": {\"x\": 688, \"y\": 546}, \"p1\": {\"x\": 823, \"y\": 546}, \"p2\": {\"x\": 823, \"y\": 681}, \"p3\": {\"x\": 688, \"y\": 681}}'),
(199,	83,	1,	'正面',	'2025-05-07 17:56:32',	'2025-05-07 17:56:32',	'{\"h\": 106, \"w\": 223, \"x\": 498, \"y\": 513, \"angle\": 0}',	'{\"p0\": {\"x\": 498, \"y\": 513}, \"p1\": {\"x\": 721, \"y\": 513}, \"p2\": {\"x\": 721, \"y\": 619}, \"p3\": {\"x\": 498, \"y\": 619}}'),
(200,	83,	2,	'情境',	'2025-05-07 17:56:32',	'2025-05-07 17:56:32',	'{\"h\": 258, \"w\": 491, \"x\": 383, \"y\": 338, \"angle\": -19.463}',	'{\"p0\": {\"x\": 383, \"y\": 338}, \"p1\": {\"x\": 845.94, \"y\": 174.4}, \"p2\": {\"x\": 931.91, \"y\": 417.66}, \"p3\": {\"x\": 468.97, \"y\": 581.26}}'),
(201,	77,	1,	'正面',	'2025-05-07 18:05:10',	'2025-05-07 18:05:10',	'{\"h\": 1290, \"w\": 1218, \"x\": 0, \"y\": 0, \"angle\": 0}',	'{\"p0\": {\"x\": 0, \"y\": 0}, \"p1\": {\"x\": 1218, \"y\": 0}, \"p2\": {\"x\": 1218, \"y\": 1290}, \"p3\": {\"x\": 0, \"y\": 1290}}'),
(202,	77,	2,	'斜角',	'2025-05-07 18:05:10',	'2025-05-07 18:05:10',	'{\"h\": 290, \"w\": 504, \"x\": 282, \"y\": 404, \"angle\": -26.92}',	'{\"p0\": {\"x\": 282, \"y\": 404}, \"p1\": {\"x\": 731.39, \"y\": 175.82}, \"p2\": {\"x\": 862.68, \"y\": 434.39}, \"p3\": {\"x\": 413.3, \"y\": 662.58}}'),
(203,	95,	1,	'正面',	'2025-05-07 18:23:08',	'2025-05-07 18:23:08',	'{\"h\": 18, \"w\": 76, \"x\": 580, \"y\": 987, \"angle\": 0}',	'{\"p0\": {\"x\": 580, \"y\": 987}, \"p1\": {\"x\": 656, \"y\": 987}, \"p2\": {\"x\": 656, \"y\": 1005}, \"p3\": {\"x\": 580, \"y\": 1005}}'),
(204,	73,	1,	'側面',	'2025-05-07 18:39:51',	'2025-05-07 18:39:51',	'{\"h\": 139, \"w\": 40, \"x\": 588, \"y\": 631, \"angle\": 0}',	'{\"p0\": {\"x\": 588, \"y\": 631}, \"p1\": {\"x\": 628, \"y\": 631}, \"p2\": {\"x\": 628, \"y\": 770}, \"p3\": {\"x\": 588, \"y\": 770}}'),
(205,	96,	1,	'正面',	'2025-05-07 19:18:17',	'2025-05-07 19:18:17',	'{\"h\": 43, \"w\": 15, \"x\": 336, \"y\": 715, \"angle\": 0}',	'{\"p0\": {\"x\": 336, \"y\": 715}, \"p1\": {\"x\": 351, \"y\": 715}, \"p2\": {\"x\": 351, \"y\": 758}, \"p3\": {\"x\": 336, \"y\": 758}}'),
(206,	82,	1,	'布標',	'2025-05-07 22:38:10',	'2025-05-07 22:38:10',	'{\"h\": 85, \"w\": 88, \"x\": 734, \"y\": 820, \"angle\": 0}',	'{\"p0\": {\"x\": 734, \"y\": 820}, \"p1\": {\"x\": 822, \"y\": 820}, \"p2\": {\"x\": 822, \"y\": 905}, \"p3\": {\"x\": 734, \"y\": 905}}'),
(207,	84,	1,	'正面',	'2025-05-07 22:49:05',	'2025-05-07 22:49:05',	'{\"h\": 145, \"w\": 144, \"x\": 533, \"y\": 530, \"angle\": 0}',	'{\"p0\": {\"x\": 533, \"y\": 530}, \"p1\": {\"x\": 677, \"y\": 530}, \"p2\": {\"x\": 677, \"y\": 675}, \"p3\": {\"x\": 533, \"y\": 675}}'),
(208,	81,	1,	'刺繡',	'2025-05-07 22:55:47',	'2025-05-07 22:55:47',	'{\"h\": 71, \"w\": 71, \"x\": 652, \"y\": 444, \"angle\": -88.363}',	'{\"p0\": {\"x\": 652, \"y\": 444}, \"p1\": {\"x\": 654.03, \"y\": 373.03}, \"p2\": {\"x\": 725, \"y\": 375.06}, \"p3\": {\"x\": 722.97, \"y\": 446.03}}'),
(210,	78,	1,	'正面壓紋',	'2025-05-07 23:12:55',	'2025-05-07 23:12:55',	'{\"h\": 391, \"w\": 391, \"x\": 329, \"y\": 513, \"angle\": -45}',	'{\"p0\": {\"x\": 329, \"y\": 513}, \"p1\": {\"x\": 605.48, \"y\": 236.52}, \"p2\": {\"x\": 881.96, \"y\": 513}, \"p3\": {\"x\": 605.48, \"y\": 789.48}}'),
(211,	79,	1,	'皮套壓印',	'2025-05-07 23:22:27',	'2025-05-07 23:22:27',	'{\"h\": 538, \"w\": 426, \"x\": 393, \"y\": 414, \"angle\": 0}',	'{\"p0\": {\"x\": 393, \"y\": 414}, \"p1\": {\"x\": 819, \"y\": 414}, \"p2\": {\"x\": 819, \"y\": 952}, \"p3\": {\"x\": 393, \"y\": 952}}'),
(213,	76,	1,	'正面壓紋',	'2025-05-07 23:28:38',	'2025-05-07 23:28:38',	'{\"h\": 766, \"w\": 116, \"x\": 551, \"y\": 262, \"angle\": 0}',	'{\"p0\": {\"x\": 551, \"y\": 262}, \"p1\": {\"x\": 667, \"y\": 262}, \"p2\": {\"x\": 667, \"y\": 1028}, \"p3\": {\"x\": 551, \"y\": 1028}}'),
(214,	80,	1,	'絲印',	'2025-05-07 23:29:14',	'2025-05-07 23:29:14',	'{\"h\": 430, \"w\": 336, \"x\": 439, \"y\": 582, \"angle\": 0}',	'{\"p0\": {\"x\": 439, \"y\": 582}, \"p1\": {\"x\": 775, \"y\": 582}, \"p2\": {\"x\": 775, \"y\": 1012}, \"p3\": {\"x\": 439, \"y\": 1012}}'),
(215,	69,	1,	'正面壓紋',	'2025-05-07 23:35:48',	'2025-05-07 23:35:48',	'{\"h\": 735, \"w\": 415, \"x\": 370, \"y\": 278, \"angle\": 0}',	'{\"p0\": {\"x\": 370, \"y\": 278}, \"p1\": {\"x\": 785, \"y\": 278}, \"p2\": {\"x\": 785, \"y\": 1013}, \"p3\": {\"x\": 370, \"y\": 1013}}'),
(216,	75,	1,	'雷射雕刻',	'2025-05-07 23:40:44',	'2025-05-07 23:40:44',	'{\"h\": 614, \"w\": 353, \"x\": 432, \"y\": 414, \"angle\": 0}',	'{\"p0\": {\"x\": 432, \"y\": 414}, \"p1\": {\"x\": 785, \"y\": 414}, \"p2\": {\"x\": 785, \"y\": 1028}, \"p3\": {\"x\": 432, \"y\": 1028}}'),
(217,	87,	1,	'單色印刷',	'2025-05-08 00:39:07',	'2025-05-08 00:39:07',	'{\"h\": 353, \"w\": 22, \"x\": 598, \"y\": 556, \"angle\": 0}',	'{\"p0\": {\"x\": 598, \"y\": 556}, \"p1\": {\"x\": 620, \"y\": 556}, \"p2\": {\"x\": 620, \"y\": 909}, \"p3\": {\"x\": 598, \"y\": 909}}'),
(218,	88,	1,	'單色印刷',	'2025-05-08 00:44:38',	'2025-05-08 00:44:38',	'{\"h\": 234, \"w\": 21, \"x\": 597, \"y\": 675, \"angle\": 0}',	'{\"p0\": {\"x\": 597, \"y\": 675}, \"p1\": {\"x\": 618, \"y\": 675}, \"p2\": {\"x\": 618, \"y\": 909}, \"p3\": {\"x\": 597, \"y\": 909}}'),
(220,	74,	1,	'正面',	'2025-05-08 00:55:18',	'2025-05-08 00:55:18',	'{\"h\": 106, \"w\": 223, \"x\": 498, \"y\": 513, \"angle\": 0}',	'{\"p0\": {\"x\": 498, \"y\": 513}, \"p1\": {\"x\": 721, \"y\": 513}, \"p2\": {\"x\": 721, \"y\": 619}, \"p3\": {\"x\": 498, \"y\": 619}}'),
(221,	74,	2,	'斜角',	'2025-05-08 00:55:18',	'2025-05-08 00:55:18',	'{\"h\": 236, \"w\": 78, \"x\": 557, \"y\": 583, \"angle\": -77.619}',	'{\"p0\": {\"x\": 557, \"y\": 583}, \"p1\": {\"x\": 573.72, \"y\": 506.81}, \"p2\": {\"x\": 804.24, \"y\": 557.42}, \"p3\": {\"x\": 787.51, \"y\": 633.6}}'),
(222,	68,	1,	'雷射雕刻',	'2025-05-08 00:55:37',	'2025-05-08 00:55:37',	'{\"h\": 243, \"w\": 22, \"x\": 596, \"y\": 705, \"angle\": 0}',	'{\"p0\": {\"x\": 596, \"y\": 705}, \"p1\": {\"x\": 618, \"y\": 705}, \"p2\": {\"x\": 618, \"y\": 948}, \"p3\": {\"x\": 596, \"y\": 948}}'),
(223,	97,	1,	'單色布標',	'2025-05-08 01:42:19',	'2025-05-08 01:42:19',	'{\"h\": 553, \"w\": 249, \"x\": 324, \"y\": 674, \"angle\": -89.551}',	'{\"p0\": {\"x\": 324, \"y\": 674}, \"p1\": {\"x\": 325.95, \"y\": 425.01}, \"p2\": {\"x\": 878.93, \"y\": 429.34}, \"p3\": {\"x\": 876.98, \"y\": 678.33}}'),
(224,	98,	1,	'單色織標',	'2025-05-08 02:05:27',	'2025-05-08 02:05:27',	'{\"h\": 60, \"w\": 38, \"x\": 946, \"y\": 603, \"angle\": 0}',	'{\"p0\": {\"x\": 946, \"y\": 603}, \"p1\": {\"x\": 984, \"y\": 603}, \"p2\": {\"x\": 984, \"y\": 663}, \"p3\": {\"x\": 946, \"y\": 663}}'),
(225,	99,	1,	'單色印刷',	'2025-05-08 02:18:51',	'2025-05-08 02:18:51',	'{\"h\": 459, \"w\": 44, \"x\": 585, \"y\": 670, \"angle\": 0}',	'{\"p0\": {\"x\": 585, \"y\": 670}, \"p1\": {\"x\": 629, \"y\": 670}, \"p2\": {\"x\": 629, \"y\": 1129}, \"p3\": {\"x\": 585, \"y\": 1129}}'),
(228,	101,	1,	'正面',	'2025-05-08 14:56:23',	'2025-05-08 14:56:23',	'{\"h\": 327, \"w\": 636, \"x\": 288, \"y\": 468, \"angle\": -0.475}',	'{\"p0\": {\"x\": 288, \"y\": 468}, \"p1\": {\"x\": 923.98, \"y\": 462.73}, \"p2\": {\"x\": 926.69, \"y\": 789.72}, \"p3\": {\"x\": 290.71, \"y\": 794.99}}'),
(229,	101,	2,	'斜角',	'2025-05-08 14:56:23',	'2025-05-08 14:56:23',	'{\"h\": 285, \"w\": 121, \"x\": 641, \"y\": 466, \"angle\": -89.61}',	'{\"p0\": {\"x\": 641, \"y\": 466}, \"p1\": {\"x\": 641.82, \"y\": 345}, \"p2\": {\"x\": 926.82, \"y\": 346.94}, \"p3\": {\"x\": 925.99, \"y\": 467.94}}'),
(230,	100,	1,	'上蓋',	'2025-05-08 14:56:52',	'2025-05-08 14:56:52',	'{\"h\": 327, \"w\": 637, \"x\": 284, \"y\": 482, \"angle\": -0.475}',	'{\"p0\": {\"x\": 284, \"y\": 482}, \"p1\": {\"x\": 920.98, \"y\": 476.72}, \"p2\": {\"x\": 923.69, \"y\": 803.71}, \"p3\": {\"x\": 286.71, \"y\": 808.99}}'),
(231,	100,	2,	'斜角',	'2025-05-08 14:56:52',	'2025-05-08 14:56:52',	'{\"h\": 101, \"w\": 259, \"x\": 654, \"y\": 477, \"angle\": 0}',	'{\"p0\": {\"x\": 654, \"y\": 477}, \"p1\": {\"x\": 913, \"y\": 477}, \"p2\": {\"x\": 913, \"y\": 578}, \"p3\": {\"x\": 654, \"y\": 578}}'),
(232,	102,	1,	'正面',	'2025-05-08 15:10:05',	'2025-05-08 15:10:05',	'{\"h\": 294, \"w\": 441, \"x\": 383, \"y\": 484, \"angle\": 0}',	'{\"p0\": {\"x\": 383, \"y\": 484}, \"p1\": {\"x\": 824, \"y\": 484}, \"p2\": {\"x\": 824, \"y\": 778}, \"p3\": {\"x\": 383, \"y\": 778}}'),
(233,	102,	2,	'斜角',	'2025-05-08 15:10:05',	'2025-05-08 15:10:05',	'{\"h\": 103, \"w\": 524, \"x\": 347, \"y\": 499, \"angle\": 0}',	'{\"p0\": {\"x\": 347, \"y\": 499}, \"p1\": {\"x\": 871, \"y\": 499}, \"p2\": {\"x\": 871, \"y\": 602}, \"p3\": {\"x\": 347, \"y\": 602}}'),
(234,	103,	1,	'單色印刷',	'2025-05-08 15:23:41',	'2025-05-08 15:23:41',	'{\"h\": 627, \"w\": 293, \"x\": 447, \"y\": 330, \"angle\": 0}',	'{\"p0\": {\"x\": 447, \"y\": 330}, \"p1\": {\"x\": 740, \"y\": 330}, \"p2\": {\"x\": 740, \"y\": 957}, \"p3\": {\"x\": 447, \"y\": 957}}'),
(235,	104,	1,	'單色印刷',	'2025-05-08 15:28:35',	'2025-05-08 15:28:35',	'{\"h\": 591, \"w\": 302, \"x\": 460, \"y\": 353, \"angle\": 0}',	'{\"p0\": {\"x\": 460, \"y\": 353}, \"p1\": {\"x\": 762, \"y\": 353}, \"p2\": {\"x\": 762, \"y\": 944}, \"p3\": {\"x\": 460, \"y\": 944}}'),
(236,	105,	1,	'正面印刷',	'2025-05-08 15:48:34',	'2025-05-08 15:48:34',	'{\"h\": 606, \"w\": 605, \"x\": 292, \"y\": 329, \"angle\": 0}',	'{\"p0\": {\"x\": 292, \"y\": 329}, \"p1\": {\"x\": 897, \"y\": 329}, \"p2\": {\"x\": 897, \"y\": 935}, \"p3\": {\"x\": 292, \"y\": 935}}'),
(237,	106,	1,	'雷射雕刻',	'2025-05-08 15:59:52',	'2025-05-08 15:59:52',	'{\"h\": 365, \"w\": 632, \"x\": 285, \"y\": 459, \"angle\": 0}',	'{\"p0\": {\"x\": 285, \"y\": 459}, \"p1\": {\"x\": 917, \"y\": 459}, \"p2\": {\"x\": 917, \"y\": 824}, \"p3\": {\"x\": 285, \"y\": 824}}'),
(238,	107,	1,	'盤沿',	'2025-05-08 16:25:43',	'2025-05-08 16:25:43',	'{\"h\": 168, \"w\": 641, \"x\": 285, \"y\": 594, \"angle\": 0}',	'{\"p0\": {\"x\": 285, \"y\": 594}, \"p1\": {\"x\": 926, \"y\": 594}, \"p2\": {\"x\": 926, \"y\": 762}, \"p3\": {\"x\": 285, \"y\": 762}}'),
(239,	108,	1,	'單色印刷',	'2025-05-08 17:50:08',	'2025-05-08 17:50:08',	'{\"h\": 267, \"w\": 268, \"x\": 475, \"y\": 515, \"angle\": 0}',	'{\"p0\": {\"x\": 475, \"y\": 515}, \"p1\": {\"x\": 743, \"y\": 515}, \"p2\": {\"x\": 743, \"y\": 782}, \"p3\": {\"x\": 475, \"y\": 782}}'),
(240,	109,	1,	'單色印刷',	'2025-05-08 18:07:45',	'2025-05-08 18:07:45',	'{\"h\": 423, \"w\": 425, \"x\": 402, \"y\": 447, \"angle\": 0}',	'{\"p0\": {\"x\": 402, \"y\": 447}, \"p1\": {\"x\": 827, \"y\": 447}, \"p2\": {\"x\": 827, \"y\": 870}, \"p3\": {\"x\": 402, \"y\": 870}}'),
(241,	110,	1,	'全客製',	'2025-05-08 18:40:14',	'2025-05-08 18:40:14',	'{\"h\": 650, \"w\": 568, \"x\": 320, \"y\": 322, \"angle\": 0}',	'{\"p0\": {\"x\": 320, \"y\": 322}, \"p1\": {\"x\": 888, \"y\": 322}, \"p2\": {\"x\": 888, \"y\": 972}, \"p3\": {\"x\": 320, \"y\": 972}}'),
(243,	111,	1,	'雷射雕刻',	'2025-05-09 00:55:11',	'2025-05-09 00:55:11',	'{\"h\": 176, \"w\": 14, \"x\": 571, \"y\": 153, \"angle\": 0}',	'{\"p0\": {\"x\": 571, \"y\": 153}, \"p1\": {\"x\": 585, \"y\": 153}, \"p2\": {\"x\": 585, \"y\": 329}, \"p3\": {\"x\": 571, \"y\": 329}}'),
(244,	112,	1,	'正面',	'2025-05-09 01:13:36',	'2025-05-09 01:13:36',	'{\"h\": 439, \"w\": 439, \"x\": 391, \"y\": 426, \"angle\": 0}',	'{\"p0\": {\"x\": 391, \"y\": 426}, \"p1\": {\"x\": 830, \"y\": 426}, \"p2\": {\"x\": 830, \"y\": 865}, \"p3\": {\"x\": 391, \"y\": 865}}'),
(245,	113,	1,	'壓印',	'2025-05-09 01:26:20',	'2025-05-09 01:26:20',	'{\"h\": 338, \"w\": 832, \"x\": 199, \"y\": 603, \"angle\": 0}',	'{\"p0\": {\"x\": 199, \"y\": 603}, \"p1\": {\"x\": 1031, \"y\": 603}, \"p2\": {\"x\": 1031, \"y\": 941}, \"p3\": {\"x\": 199, \"y\": 941}}'),
(246,	114,	1,	'筆身',	'2025-05-09 01:38:41',	'2025-05-09 01:38:41',	'{\"h\": 596, \"w\": 38, \"x\": 582, \"y\": 370, \"angle\": 0}',	'{\"p0\": {\"x\": 582, \"y\": 370}, \"p1\": {\"x\": 620, \"y\": 370}, \"p2\": {\"x\": 620, \"y\": 966}, \"p3\": {\"x\": 582, \"y\": 966}}'),
(249,	115,	1,	'筆身',	'2025-05-09 02:13:30',	'2025-05-09 02:13:30',	'{\"h\": 641, \"w\": 39, \"x\": 589, \"y\": 344, \"angle\": 0}',	'{\"p0\": {\"x\": 589, \"y\": 344}, \"p1\": {\"x\": 628, \"y\": 344}, \"p2\": {\"x\": 628, \"y\": 985}, \"p3\": {\"x\": 589, \"y\": 985}}'),
(252,	70,	1,	'正面',	'2025-05-12 18:33:00',	'2025-05-12 18:33:00',	'{\"h\": 285, \"w\": 321, \"x\": 409, \"y\": 503, \"angle\": 0}',	'{\"p0\": {\"x\": 409, \"y\": 503}, \"p1\": {\"x\": 730, \"y\": 503}, \"p2\": {\"x\": 730, \"y\": 788}, \"p3\": {\"x\": 409, \"y\": 788}}'),
(253,	117,	1,	'筆身',	'2025-05-12 18:37:14',	'2025-05-12 18:37:14',	'{\"h\": 659, \"w\": 31, \"x\": 588, \"y\": 334, \"angle\": -0.525}',	'{\"p0\": {\"x\": 588, \"y\": 334}, \"p1\": {\"x\": 619, \"y\": 333.72}, \"p2\": {\"x\": 625.04, \"y\": 992.69}, \"p3\": {\"x\": 594.04, \"y\": 992.97}}'),
(255,	116,	1,	'側邊',	'2025-05-12 19:04:37',	'2025-05-12 19:04:37',	'{\"h\": 666, \"w\": 999, \"x\": 0, \"y\": 0, \"angle\": 0}',	'{\"p0\": {\"x\": 0, \"y\": 0}, \"p1\": {\"x\": 999, \"y\": 0}, \"p2\": {\"x\": 999, \"y\": 666}, \"p3\": {\"x\": 0, \"y\": 666}}');

DROP TABLE IF EXISTS `product_images`;
CREATE TABLE `product_images` (
  `id` int NOT NULL AUTO_INCREMENT,
  `product_id` int DEFAULT NULL COMMENT '商品ID',
  `sorting` int NOT NULL DEFAULT '1' COMMENT '排序',
  `file_name` varchar(255) CHARACTER SET utf8mb4 COLLATE utf8mb4_unicode_ci NOT NULL COMMENT '檔案名稱',
  `is_primary` tinyint(1) DEFAULT '0' COMMENT '是否為主要圖片',
  `created_at` datetime NOT NULL DEFAULT CURRENT_TIMESTAMP COMMENT '建立時間',
  `updated_at` datetime DEFAULT CURRENT_TIMESTAMP ON UPDATE CURRENT_TIMESTAMP COMMENT '修改時間',
  `image_type` enum('cover','template','other') CHARACTER SET utf8mb4 COLLATE utf8mb4_unicode_ci NOT NULL COMMENT '圖片類型: 封面圖/模板圖/一般圖',
  `image_url` varchar(500) CHARACTER SET utf8mb4 COLLATE utf8mb4_unicode_ci DEFAULT NULL COMMENT '圖片儲存路徑',
  `file_path` varchar(255) CHARACTER SET utf8mb4 COLLATE utf8mb4_unicode_ci DEFAULT NULL COMMENT '檔案位置',
  PRIMARY KEY (`id`),
  KEY `product_images_product_id` (`product_id`),
  CONSTRAINT `product_images_ibfk_1` FOREIGN KEY (`product_id`) REFERENCES `products` (`id`) ON DELETE CASCADE
) ENGINE=InnoDB DEFAULT CHARSET=utf8mb4 COLLATE=utf8mb4_unicode_ci COMMENT='商品圖片';

INSERT INTO `product_images` (`id`, `product_id`, `sorting`, `file_name`, `is_primary`, `created_at`, `updated_at`, `image_type`, `image_url`, `file_path`) VALUES
(302,	69,	1,	'1741192887544-46609841.png',	0,	'2025-03-06 00:41:27',	'2025-03-06 00:41:27',	'template',	NULL,	'/var/www/html/src/uploads/products/1741192887544-46609841.png'),
(303,	69,	1,	'1741192887564-272249251.png',	0,	'2025-03-06 00:41:27',	'2025-03-06 00:41:27',	'other',	NULL,	'/var/www/html/src/uploads/products/1741192887564-272249251.png'),
(306,	70,	1,	'1741193338711-949202817.png',	0,	'2025-03-06 00:48:58',	'2025-03-06 00:48:58',	'cover',	NULL,	'/var/www/html/src/uploads/products/1741193338711-949202817.png'),
(307,	70,	1,	'1741193338720-317641263.png',	0,	'2025-03-06 00:48:58',	'2025-03-06 00:48:58',	'template',	NULL,	'/var/www/html/src/uploads/products/1741193338720-317641263.png'),
(308,	70,	1,	'1741193338720-676372177.png',	0,	'2025-03-06 00:48:58',	'2025-03-06 00:48:58',	'other',	NULL,	'/var/www/html/src/uploads/products/1741193338720-676372177.png'),
(318,	72,	1,	'1741193456881-861087246.png',	0,	'2025-03-06 00:50:56',	'2025-03-06 00:50:56',	'other',	NULL,	'/var/www/html/src/uploads/products/1741193456881-861087246.png'),
(320,	73,	1,	'1741196180699-833735474.png',	0,	'2025-03-06 01:36:20',	'2025-03-06 01:36:20',	'cover',	NULL,	'/var/www/html/src/uploads/products/1741196180699-833735474.png'),
(321,	73,	1,	'1741196180712-552953800.png',	0,	'2025-03-06 01:36:20',	'2025-03-06 01:36:20',	'template',	NULL,	'/var/www/html/src/uploads/products/1741196180712-552953800.png'),
(322,	73,	1,	'1741196180755-761141716.png',	0,	'2025-03-06 01:36:20',	'2025-03-06 01:36:20',	'other',	NULL,	'/var/www/html/src/uploads/products/1741196180755-761141716.png'),
(323,	73,	1,	'1741196180781-520497115.png',	0,	'2025-03-06 01:36:20',	'2025-03-06 01:36:20',	'other',	NULL,	'/var/www/html/src/uploads/products/1741196180781-520497115.png'),
(332,	75,	1,	'1741196406353-130011376.png',	0,	'2025-03-06 01:40:06',	'2025-03-06 01:40:06',	'cover',	NULL,	'/var/www/html/src/uploads/products/1741196406353-130011376.png'),
(333,	75,	1,	'1741196406361-533979426.png',	0,	'2025-03-06 01:40:06',	'2025-03-06 01:40:06',	'template',	NULL,	'/var/www/html/src/uploads/products/1741196406361-533979426.png'),
(334,	75,	1,	'1741196406371-775840587.png',	0,	'2025-03-06 01:40:06',	'2025-03-06 01:40:06',	'other',	NULL,	'/var/www/html/src/uploads/products/1741196406371-775840587.png'),
(336,	76,	1,	'1741196528585-330762468.png',	0,	'2025-03-06 01:42:08',	'2025-03-06 01:42:08',	'cover',	NULL,	'/var/www/html/src/uploads/products/1741196528585-330762468.png'),
(337,	76,	1,	'1741196528591-810815976.png',	0,	'2025-03-06 01:42:08',	'2025-03-06 01:42:08',	'template',	NULL,	'/var/www/html/src/uploads/products/1741196528591-810815976.png'),
(338,	76,	1,	'1741196528601-458461849.png',	0,	'2025-03-06 01:42:08',	'2025-03-06 01:42:08',	'other',	NULL,	'/var/www/html/src/uploads/products/1741196528601-458461849.png'),
(346,	77,	1,	'1741196637279-161196339.png',	0,	'2025-03-06 01:43:57',	'2025-03-06 01:43:57',	'template',	NULL,	'/var/www/html/src/uploads/products/1741196637279-161196339.png'),
(368,	80,	1,	'1741196906117-178296892.png',	0,	'2025-03-06 01:48:26',	'2025-03-06 01:48:26',	'other',	NULL,	'/var/www/html/src/uploads/products/1741196906117-178296892.png'),
(369,	80,	1,	'1741196906119-942288307.png',	0,	'2025-03-06 01:48:26',	'2025-03-06 01:48:26',	'other',	NULL,	'/var/www/html/src/uploads/products/1741196906119-942288307.png'),
(373,	81,	1,	'1741197028666-942112440.png',	0,	'2025-03-06 01:50:28',	'2025-03-06 01:50:28',	'cover',	NULL,	'/var/www/html/src/uploads/products/1741197028666-942112440.png'),
(374,	81,	1,	'1741197028670-183916479.png',	0,	'2025-03-06 01:50:28',	'2025-03-06 01:50:28',	'template',	NULL,	'/var/www/html/src/uploads/products/1741197028670-183916479.png'),
(375,	81,	1,	'1741197028677-272071472.png',	0,	'2025-03-06 01:50:28',	'2025-03-06 01:50:28',	'other',	NULL,	'/var/www/html/src/uploads/products/1741197028677-272071472.png'),
(383,	83,	1,	'1741197232471-882073086.png',	0,	'2025-03-06 01:53:52',	'2025-03-06 01:53:52',	'template',	NULL,	'/var/www/html/src/uploads/products/1741197232471-882073086.png'),
(392,	85,	1,	'1741197467250-641742543.png',	0,	'2025-03-06 01:57:47',	'2025-03-06 01:57:47',	'cover',	NULL,	'/var/www/html/src/uploads/products/1741197467250-641742543.png'),
(393,	85,	1,	'1741197467256-728804673.png',	0,	'2025-03-06 01:57:47',	'2025-03-06 01:57:47',	'template',	NULL,	'/var/www/html/src/uploads/products/1741197467256-728804673.png'),
(394,	85,	1,	'1741197467265-445524997.png',	0,	'2025-03-06 01:57:47',	'2025-03-06 01:57:47',	'other',	NULL,	'/var/www/html/src/uploads/products/1741197467265-445524997.png'),
(395,	86,	1,	'1741197511587-271012741.png',	0,	'2025-03-06 01:58:31',	'2025-03-06 01:58:31',	'cover',	NULL,	'/var/www/html/src/uploads/products/1741197511587-271012741.png'),
(396,	86,	1,	'1741197511590-88720367.png',	0,	'2025-03-06 01:58:31',	'2025-03-06 01:58:31',	'template',	NULL,	'/var/www/html/src/uploads/products/1741197511590-88720367.png'),
(397,	86,	1,	'1741197511595-894689047.png',	0,	'2025-03-06 01:58:31',	'2025-03-06 01:58:31',	'other',	NULL,	'/var/www/html/src/uploads/products/1741197511595-894689047.png'),
(401,	88,	1,	'1741197661884-968431122.png',	0,	'2025-03-06 02:01:02',	'2025-03-06 02:01:02',	'cover',	NULL,	'/var/www/html/src/uploads/products/1741197661884-968431122.png'),
(402,	88,	1,	'1741197661900-125336553.png',	0,	'2025-03-06 02:01:02',	'2025-03-06 02:01:02',	'template',	NULL,	'/var/www/html/src/uploads/products/1741197661900-125336553.png'),
(404,	88,	1,	'1741197661915-620739654.png',	0,	'2025-03-06 02:01:02',	'2025-03-06 02:01:02',	'other',	NULL,	'/var/www/html/src/uploads/products/1741197661915-620739654.png'),
(424,	90,	1,	'1745924499573-738744597.png',	0,	'2025-04-29 19:01:39',	'2025-04-29 19:01:39',	'other',	NULL,	'/var/www/html/src/uploads/products/1745924499573-738744597.png'),
(425,	90,	1,	'1745924499576-398511007.png',	0,	'2025-04-29 19:01:39',	'2025-04-29 19:01:39',	'other',	NULL,	'/var/www/html/src/uploads/products/1745924499576-398511007.png'),
(426,	90,	1,	'1745924499577-849212409.png',	0,	'2025-04-29 19:01:39',	'2025-04-29 19:01:39',	'other',	NULL,	'/var/www/html/src/uploads/products/1745924499577-849212409.png'),
(427,	90,	1,	'1745924499578-425405720.png',	0,	'2025-04-29 19:01:39',	'2025-04-29 19:01:39',	'other',	NULL,	'/var/www/html/src/uploads/products/1745924499578-425405720.png'),
(429,	91,	1,	'1745997473163-981720282.jpg',	0,	'2025-04-30 15:17:53',	'2025-04-30 15:17:53',	'cover',	NULL,	'/var/www/html/src/uploads/products/1745997473163-981720282.jpg'),
(431,	91,	1,	'1745997473163-411168184.jpg',	0,	'2025-04-30 15:17:53',	'2025-04-30 15:17:53',	'other',	NULL,	'/var/www/html/src/uploads/products/1745997473163-411168184.jpg'),
(432,	91,	1,	'1745998711195-355814468.png',	0,	'2025-04-30 15:38:31',	'2025-04-30 15:38:31',	'template',	NULL,	'/var/www/html/src/uploads/products/1745998711195-355814468.png'),
(435,	92,	1,	'1746005082675-612909020.jpg',	0,	'2025-04-30 17:24:42',	'2025-04-30 17:24:42',	'cover',	NULL,	'/var/www/html/src/uploads/products/1746005082675-612909020.jpg'),
(436,	92,	1,	'1746005082677-546552258.png',	0,	'2025-04-30 17:24:42',	'2025-04-30 17:24:42',	'template',	NULL,	'/var/www/html/src/uploads/products/1746005082677-546552258.png'),
(439,	90,	1,	'1746013727022-484184241.png',	0,	'2025-04-30 19:48:47',	'2025-04-30 19:48:47',	'cover',	NULL,	'/var/www/html/src/uploads/products/1746013727022-484184241.png'),
(440,	90,	1,	'1746013727026-389357720.png',	0,	'2025-04-30 19:48:47',	'2025-04-30 19:48:47',	'template',	NULL,	'/var/www/html/src/uploads/products/1746013727026-389357720.png'),
(441,	72,	1,	'1746587990270-598031837.png',	0,	'2025-05-07 11:19:50',	'2025-05-07 11:19:50',	'cover',	NULL,	'/var/www/html/src/uploads/products/1746587990270-598031837.png'),
(443,	72,	1,	'1746587990289-132074741.png',	0,	'2025-05-07 11:19:50',	'2025-05-07 11:19:50',	'other',	NULL,	'/var/www/html/src/uploads/products/1746587990289-132074741.png'),
(444,	72,	1,	'1746588397119-505909850.png',	0,	'2025-05-07 11:26:37',	'2025-05-07 11:26:37',	'template',	NULL,	'/var/www/html/src/uploads/products/1746588397119-505909850.png'),
(445,	74,	1,	'1746591024148-736789494.png',	0,	'2025-05-07 12:10:24',	'2025-05-07 12:10:24',	'cover',	NULL,	'/var/www/html/src/uploads/products/1746591024148-736789494.png'),
(446,	74,	1,	'1746591024151-996923249.png',	0,	'2025-05-07 12:10:24',	'2025-05-07 12:10:24',	'template',	NULL,	'/var/www/html/src/uploads/products/1746591024151-996923249.png'),
(449,	71,	1,	'1746601082657-661926452.png',	0,	'2025-05-07 14:58:02',	'2025-05-07 14:58:02',	'cover',	NULL,	'/var/www/html/src/uploads/products/1746601082657-661926452.png'),
(450,	71,	1,	'1746601082660-56501960.png',	0,	'2025-05-07 14:58:02',	'2025-05-07 14:58:02',	'template',	NULL,	'/var/www/html/src/uploads/products/1746601082660-56501960.png'),
(451,	71,	1,	'1746601082661-555105586.png',	0,	'2025-05-07 14:58:02',	'2025-05-07 14:58:02',	'other',	NULL,	'/var/www/html/src/uploads/products/1746601082661-555105586.png'),
(452,	94,	1,	'1746605406615-218384756.png',	0,	'2025-05-07 16:10:06',	'2025-05-07 16:10:06',	'cover',	NULL,	'/var/www/html/src/uploads/products/1746605406615-218384756.png'),
(453,	94,	1,	'1746605406618-313159763.png',	0,	'2025-05-07 16:10:06',	'2025-05-07 16:10:06',	'template',	NULL,	'/var/www/html/src/uploads/products/1746605406618-313159763.png'),
(454,	94,	1,	'1746605406630-217357412.png',	0,	'2025-05-07 16:10:06',	'2025-05-07 16:10:06',	'other',	NULL,	'/var/www/html/src/uploads/products/1746605406630-217357412.png'),
(455,	94,	1,	'1746605406632-298133764.png',	0,	'2025-05-07 16:10:06',	'2025-05-07 16:10:06',	'other',	NULL,	'/var/www/html/src/uploads/products/1746605406632-298133764.png'),
(456,	83,	1,	'1746611791929-256046512.png',	0,	'2025-05-07 17:56:32',	'2025-05-07 17:56:32',	'cover',	NULL,	'/var/www/html/src/uploads/products/1746611791929-256046512.png'),
(457,	83,	1,	'1746611791951-903034951.png',	0,	'2025-05-07 17:56:32',	'2025-05-07 17:56:32',	'other',	NULL,	'/var/www/html/src/uploads/products/1746611791951-903034951.png'),
(458,	77,	1,	'1746612310074-593203865.png',	0,	'2025-05-07 18:05:10',	'2025-05-07 18:05:10',	'cover',	NULL,	'/var/www/html/src/uploads/products/1746612310074-593203865.png'),
(459,	77,	1,	'1746612310103-752316991.png',	0,	'2025-05-07 18:05:10',	'2025-05-07 18:05:10',	'other',	NULL,	'/var/www/html/src/uploads/products/1746612310103-752316991.png'),
(460,	95,	1,	'1746613388075-477320621.png',	0,	'2025-05-07 18:23:08',	'2025-05-07 18:23:08',	'cover',	NULL,	'/var/www/html/src/uploads/products/1746613388075-477320621.png'),
(461,	95,	1,	'1746613388081-961385829.png',	0,	'2025-05-07 18:23:08',	'2025-05-07 18:23:08',	'template',	NULL,	'/var/www/html/src/uploads/products/1746613388081-961385829.png'),
(462,	95,	1,	'1746613388098-393964123.png',	0,	'2025-05-07 18:23:08',	'2025-05-07 18:23:08',	'other',	NULL,	'/var/www/html/src/uploads/products/1746613388098-393964123.png'),
(463,	96,	1,	'1746616697712-816260915.png',	0,	'2025-05-07 19:18:17',	'2025-05-07 19:18:17',	'cover',	NULL,	'/var/www/html/src/uploads/products/1746616697712-816260915.png'),
(464,	96,	1,	'1746616697715-679137367.png',	0,	'2025-05-07 19:18:17',	'2025-05-07 19:18:17',	'template',	NULL,	'/var/www/html/src/uploads/products/1746616697715-679137367.png'),
(465,	96,	1,	'1746616697751-603338600.png',	0,	'2025-05-07 19:18:17',	'2025-05-07 19:18:17',	'other',	NULL,	'/var/www/html/src/uploads/products/1746616697751-603338600.png'),
(466,	96,	1,	'1746616697757-937480388.png',	0,	'2025-05-07 19:18:17',	'2025-05-07 19:18:17',	'other',	NULL,	'/var/www/html/src/uploads/products/1746616697757-937480388.png'),
(467,	82,	1,	'1746628689933-474954232.png',	0,	'2025-05-07 22:38:09',	'2025-05-07 22:38:09',	'cover',	NULL,	'/var/www/html/src/uploads/products/1746628689933-474954232.png'),
(468,	82,	1,	'1746628689935-9164776.png',	0,	'2025-05-07 22:38:09',	'2025-05-07 22:38:09',	'template',	NULL,	'/var/www/html/src/uploads/products/1746628689935-9164776.png'),
(469,	84,	1,	'1746629345660-671951609.png',	0,	'2025-05-07 22:49:05',	'2025-05-07 22:49:05',	'cover',	NULL,	'/var/www/html/src/uploads/products/1746629345660-671951609.png'),
(470,	84,	1,	'1746629345663-939751671.png',	0,	'2025-05-07 22:49:05',	'2025-05-07 22:49:05',	'template',	NULL,	'/var/www/html/src/uploads/products/1746629345663-939751671.png'),
(471,	84,	1,	'1746629345680-515695274.png',	0,	'2025-05-07 22:49:05',	'2025-05-07 22:49:05',	'other',	NULL,	'/var/www/html/src/uploads/products/1746629345680-515695274.png'),
(472,	84,	1,	'1746629345683-800005554.png',	0,	'2025-05-07 22:49:05',	'2025-05-07 22:49:05',	'other',	NULL,	'/var/www/html/src/uploads/products/1746629345683-800005554.png'),
(473,	84,	1,	'1746629345685-462845593.png',	0,	'2025-05-07 22:49:05',	'2025-05-07 22:49:05',	'other',	NULL,	'/var/www/html/src/uploads/products/1746629345685-462845593.png'),
(474,	80,	1,	'1746630178855-814549087.png',	0,	'2025-05-07 23:02:58',	'2025-05-07 23:02:58',	'cover',	NULL,	'/var/www/html/src/uploads/products/1746630178855-814549087.png'),
(475,	80,	1,	'1746630178860-706956436.png',	0,	'2025-05-07 23:02:58',	'2025-05-07 23:02:58',	'template',	NULL,	'/var/www/html/src/uploads/products/1746630178860-706956436.png'),
(476,	80,	1,	'1746630178875-342615776.png',	0,	'2025-05-07 23:02:58',	'2025-05-07 23:02:58',	'other',	NULL,	'/var/www/html/src/uploads/products/1746630178875-342615776.png'),
(477,	78,	1,	'1746630775657-143754825.png',	0,	'2025-05-07 23:12:55',	'2025-05-07 23:12:55',	'cover',	NULL,	'/var/www/html/src/uploads/products/1746630775657-143754825.png'),
(478,	78,	1,	'1746630775661-527237919.png',	0,	'2025-05-07 23:12:55',	'2025-05-07 23:12:55',	'template',	NULL,	'/var/www/html/src/uploads/products/1746630775661-527237919.png'),
(479,	78,	1,	'1746630775671-55527402.png',	0,	'2025-05-07 23:12:55',	'2025-05-07 23:12:55',	'other',	NULL,	'/var/www/html/src/uploads/products/1746630775671-55527402.png'),
(480,	79,	1,	'1746631347672-778197878.png',	0,	'2025-05-07 23:22:27',	'2025-05-07 23:22:27',	'cover',	NULL,	'/var/www/html/src/uploads/products/1746631347672-778197878.png'),
(481,	79,	1,	'1746631347675-131091544.png',	0,	'2025-05-07 23:22:27',	'2025-05-07 23:22:27',	'template',	NULL,	'/var/www/html/src/uploads/products/1746631347675-131091544.png'),
(482,	79,	1,	'1746631347688-60068687.png',	0,	'2025-05-07 23:22:27',	'2025-05-07 23:22:27',	'other',	NULL,	'/var/www/html/src/uploads/products/1746631347688-60068687.png'),
(483,	69,	1,	'1746632148391-156130032.png',	0,	'2025-05-07 23:35:48',	'2025-05-07 23:35:48',	'cover',	NULL,	'/var/www/html/src/uploads/products/1746632148391-156130032.png'),
(484,	87,	1,	'1746635947127-512236834.png',	0,	'2025-05-08 00:39:07',	'2025-05-08 00:39:07',	'cover',	NULL,	'/var/www/html/src/uploads/products/1746635947127-512236834.png'),
(485,	87,	1,	'1746635947130-166017715.png',	0,	'2025-05-08 00:39:07',	'2025-05-08 00:39:07',	'template',	NULL,	'/var/www/html/src/uploads/products/1746635947130-166017715.png'),
(486,	87,	1,	'1746635947135-947995910.png',	0,	'2025-05-08 00:39:07',	'2025-05-08 00:39:07',	'other',	NULL,	'/var/www/html/src/uploads/products/1746635947135-947995910.png'),
(487,	88,	1,	'1746636278286-2879807.png',	0,	'2025-05-08 00:44:38',	'2025-05-08 00:44:38',	'other',	NULL,	'/var/www/html/src/uploads/products/1746636278286-2879807.png'),
(488,	68,	1,	'1746636800938-551172477.png',	0,	'2025-05-08 00:53:21',	'2025-05-08 00:53:21',	'cover',	NULL,	'/var/www/html/src/uploads/products/1746636800938-551172477.png'),
(489,	68,	1,	'1746636800942-395916882.png',	0,	'2025-05-08 00:53:21',	'2025-05-08 00:53:21',	'template',	NULL,	'/var/www/html/src/uploads/products/1746636800942-395916882.png'),
(490,	68,	1,	'1746636800952-711554284.png',	0,	'2025-05-08 00:53:21',	'2025-05-08 00:53:21',	'other',	NULL,	'/var/www/html/src/uploads/products/1746636800952-711554284.png'),
(491,	68,	1,	'1746636800955-508221832.png',	0,	'2025-05-08 00:53:21',	'2025-05-08 00:53:21',	'other',	NULL,	'/var/www/html/src/uploads/products/1746636800955-508221832.png'),
(492,	97,	1,	'1746639739060-798992971.png',	0,	'2025-05-08 01:42:19',	'2025-05-08 01:42:19',	'cover',	NULL,	'/var/www/html/src/uploads/products/1746639739060-798992971.png'),
(493,	97,	1,	'1746639739064-378453531.png',	0,	'2025-05-08 01:42:19',	'2025-05-08 01:42:19',	'template',	NULL,	'/var/www/html/src/uploads/products/1746639739064-378453531.png'),
(494,	97,	1,	'1746639739176-632166030.png',	0,	'2025-05-08 01:42:19',	'2025-05-08 01:42:19',	'other',	NULL,	'/var/www/html/src/uploads/products/1746639739176-632166030.png'),
(495,	98,	1,	'1746641127060-670083344.png',	0,	'2025-05-08 02:05:27',	'2025-05-08 02:05:27',	'cover',	NULL,	'/var/www/html/src/uploads/products/1746641127060-670083344.png'),
(496,	98,	1,	'1746641127063-122617447.png',	0,	'2025-05-08 02:05:27',	'2025-05-08 02:05:27',	'template',	NULL,	'/var/www/html/src/uploads/products/1746641127063-122617447.png'),
(497,	98,	1,	'1746641127078-957064253.png',	0,	'2025-05-08 02:05:27',	'2025-05-08 02:05:27',	'other',	NULL,	'/var/www/html/src/uploads/products/1746641127078-957064253.png'),
(498,	98,	1,	'1746641127081-153412782.png',	0,	'2025-05-08 02:05:27',	'2025-05-08 02:05:27',	'other',	NULL,	'/var/www/html/src/uploads/products/1746641127081-153412782.png'),
(499,	99,	1,	'1746641930984-445027144.png',	0,	'2025-05-08 02:18:51',	'2025-05-08 02:18:51',	'cover',	NULL,	'/var/www/html/src/uploads/products/1746641930984-445027144.png'),
(500,	99,	1,	'1746641930990-8896914.png',	0,	'2025-05-08 02:18:51',	'2025-05-08 02:18:51',	'template',	NULL,	'/var/www/html/src/uploads/products/1746641930990-8896914.png'),
(501,	99,	1,	'1746641931118-102626227.png',	0,	'2025-05-08 02:18:51',	'2025-05-08 02:18:51',	'other',	NULL,	'/var/www/html/src/uploads/products/1746641931118-102626227.png'),
(502,	99,	1,	'1746641931122-185259228.png',	0,	'2025-05-08 02:18:51',	'2025-05-08 02:18:51',	'other',	NULL,	'/var/www/html/src/uploads/products/1746641931122-185259228.png'),
(503,	99,	1,	'1746641931126-385239642.png',	0,	'2025-05-08 02:18:51',	'2025-05-08 02:18:51',	'other',	NULL,	'/var/www/html/src/uploads/products/1746641931126-385239642.png'),
(504,	99,	1,	'1746641931129-513161040.png',	0,	'2025-05-08 02:18:51',	'2025-05-08 02:18:51',	'other',	NULL,	'/var/www/html/src/uploads/products/1746641931129-513161040.png'),
(505,	100,	1,	'1746642742056-470502959.png',	0,	'2025-05-08 02:32:22',	'2025-05-08 02:32:22',	'cover',	NULL,	'/var/www/html/src/uploads/products/1746642742056-470502959.png'),
(506,	100,	1,	'1746642742060-410863812.png',	0,	'2025-05-08 02:32:22',	'2025-05-08 02:32:22',	'template',	NULL,	'/var/www/html/src/uploads/products/1746642742060-410863812.png'),
(507,	100,	1,	'1746642742072-626263002.png',	0,	'2025-05-08 02:32:22',	'2025-05-08 02:32:22',	'other',	NULL,	'/var/www/html/src/uploads/products/1746642742072-626263002.png'),
(508,	100,	1,	'1746642742075-697425503.png',	0,	'2025-05-08 02:32:22',	'2025-05-08 02:32:22',	'other',	NULL,	'/var/www/html/src/uploads/products/1746642742075-697425503.png'),
(509,	100,	1,	'1746642742079-213140385.png',	0,	'2025-05-08 02:32:22',	'2025-05-08 02:32:22',	'other',	NULL,	'/var/www/html/src/uploads/products/1746642742079-213140385.png'),
(510,	100,	1,	'1746642742082-881794500.png',	0,	'2025-05-08 02:32:22',	'2025-05-08 02:32:22',	'other',	NULL,	'/var/www/html/src/uploads/products/1746642742082-881794500.png'),
(511,	101,	1,	'1746687383124-603061725.png',	0,	'2025-05-08 14:56:23',	'2025-05-08 14:56:23',	'cover',	NULL,	'/var/www/html/src/uploads/products/1746687383124-603061725.png'),
(512,	101,	1,	'1746687383132-600606889.png',	0,	'2025-05-08 14:56:23',	'2025-05-08 14:56:23',	'template',	NULL,	'/var/www/html/src/uploads/products/1746687383132-600606889.png'),
(513,	101,	1,	'1746687383144-340192773.png',	0,	'2025-05-08 14:56:23',	'2025-05-08 14:56:23',	'other',	NULL,	'/var/www/html/src/uploads/products/1746687383144-340192773.png'),
(514,	101,	1,	'1746687383148-994585175.png',	0,	'2025-05-08 14:56:23',	'2025-05-08 14:56:23',	'other',	NULL,	'/var/www/html/src/uploads/products/1746687383148-994585175.png'),
(515,	101,	1,	'1746687383152-184678260.png',	0,	'2025-05-08 14:56:23',	'2025-05-08 14:56:23',	'other',	NULL,	'/var/www/html/src/uploads/products/1746687383152-184678260.png'),
(516,	101,	1,	'1746687383217-550360246.png',	0,	'2025-05-08 14:56:23',	'2025-05-08 14:56:23',	'other',	NULL,	'/var/www/html/src/uploads/products/1746687383217-550360246.png'),
(517,	102,	1,	'1746687786488-234193623.png',	0,	'2025-05-08 15:03:06',	'2025-05-08 15:03:06',	'cover',	NULL,	'/var/www/html/src/uploads/products/1746687786488-234193623.png'),
(518,	102,	1,	'1746687786493-496537124.png',	0,	'2025-05-08 15:03:06',	'2025-05-08 15:03:06',	'template',	NULL,	'/var/www/html/src/uploads/products/1746687786493-496537124.png'),
(519,	102,	1,	'1746687786500-20491372.png',	0,	'2025-05-08 15:03:06',	'2025-05-08 15:03:06',	'other',	NULL,	'/var/www/html/src/uploads/products/1746687786500-20491372.png'),
(520,	102,	1,	'1746687786510-54344036.png',	0,	'2025-05-08 15:03:06',	'2025-05-08 15:03:06',	'other',	NULL,	'/var/www/html/src/uploads/products/1746687786510-54344036.png'),
(521,	102,	1,	'1746687786514-409979746.png',	0,	'2025-05-08 15:03:06',	'2025-05-08 15:03:06',	'other',	NULL,	'/var/www/html/src/uploads/products/1746687786514-409979746.png'),
(522,	102,	1,	'1746687786517-411983496.png',	0,	'2025-05-08 15:03:06',	'2025-05-08 15:03:06',	'other',	NULL,	'/var/www/html/src/uploads/products/1746687786517-411983496.png'),
(523,	103,	1,	'1746688624067-816929393.png',	0,	'2025-05-08 15:17:04',	'2025-05-08 15:17:04',	'cover',	NULL,	'/var/www/html/src/uploads/products/1746688624067-816929393.png'),
(524,	103,	1,	'1746688624071-663158736.png',	0,	'2025-05-08 15:17:04',	'2025-05-08 15:17:04',	'template',	NULL,	'/var/www/html/src/uploads/products/1746688624071-663158736.png'),
(525,	103,	1,	'1746688624079-145665864.png',	0,	'2025-05-08 15:17:04',	'2025-05-08 15:17:04',	'other',	NULL,	'/var/www/html/src/uploads/products/1746688624079-145665864.png'),
(526,	103,	1,	'1746688624083-155531679.png',	0,	'2025-05-08 15:17:04',	'2025-05-08 15:17:04',	'other',	NULL,	'/var/www/html/src/uploads/products/1746688624083-155531679.png'),
(527,	104,	1,	'1746689315739-213072869.png',	0,	'2025-05-08 15:28:35',	'2025-05-08 15:28:35',	'cover',	NULL,	'/var/www/html/src/uploads/products/1746689315739-213072869.png'),
(528,	104,	1,	'1746689315743-646106181.png',	0,	'2025-05-08 15:28:35',	'2025-05-08 15:28:35',	'template',	NULL,	'/var/www/html/src/uploads/products/1746689315743-646106181.png'),
(529,	104,	1,	'1746689315750-942142589.png',	0,	'2025-05-08 15:28:35',	'2025-05-08 15:28:35',	'other',	NULL,	'/var/www/html/src/uploads/products/1746689315750-942142589.png'),
(530,	104,	1,	'1746689315753-752197658.png',	0,	'2025-05-08 15:28:35',	'2025-05-08 15:28:35',	'other',	NULL,	'/var/www/html/src/uploads/products/1746689315753-752197658.png'),
(531,	105,	1,	'1746690514393-444531729.png',	0,	'2025-05-08 15:48:34',	'2025-05-08 15:48:34',	'cover',	NULL,	'/var/www/html/src/uploads/products/1746690514393-444531729.png'),
(532,	105,	1,	'1746690514397-935538593.png',	0,	'2025-05-08 15:48:34',	'2025-05-08 15:48:34',	'template',	NULL,	'/var/www/html/src/uploads/products/1746690514397-935538593.png'),
(533,	105,	1,	'1746690514529-197432626.png',	0,	'2025-05-08 15:48:34',	'2025-05-08 15:48:34',	'other',	NULL,	'/var/www/html/src/uploads/products/1746690514529-197432626.png'),
(534,	105,	1,	'1746690514532-242304684.png',	0,	'2025-05-08 15:48:34',	'2025-05-08 15:48:34',	'other',	NULL,	'/var/www/html/src/uploads/products/1746690514532-242304684.png'),
(535,	105,	1,	'1746690514537-383078746.png',	0,	'2025-05-08 15:48:34',	'2025-05-08 15:48:34',	'other',	NULL,	'/var/www/html/src/uploads/products/1746690514537-383078746.png'),
(536,	106,	1,	'1746691192849-176117601.png',	0,	'2025-05-08 15:59:52',	'2025-05-08 15:59:52',	'cover',	NULL,	'/var/www/html/src/uploads/products/1746691192849-176117601.png'),
(537,	106,	1,	'1746691192858-69102193.png',	0,	'2025-05-08 15:59:52',	'2025-05-08 15:59:52',	'template',	NULL,	'/var/www/html/src/uploads/products/1746691192858-69102193.png'),
(538,	106,	1,	'1746691192865-799538349.png',	0,	'2025-05-08 15:59:52',	'2025-05-08 15:59:52',	'other',	NULL,	'/var/www/html/src/uploads/products/1746691192865-799538349.png'),
(539,	106,	1,	'1746691192868-941135424.png',	0,	'2025-05-08 15:59:52',	'2025-05-08 15:59:52',	'other',	NULL,	'/var/www/html/src/uploads/products/1746691192868-941135424.png'),
(540,	107,	1,	'1746692743831-408277419.png',	0,	'2025-05-08 16:25:43',	'2025-05-08 16:25:43',	'cover',	NULL,	'/var/www/html/src/uploads/products/1746692743831-408277419.png'),
(541,	107,	1,	'1746692743835-659851236.png',	0,	'2025-05-08 16:25:43',	'2025-05-08 16:25:43',	'template',	NULL,	'/var/www/html/src/uploads/products/1746692743835-659851236.png'),
(542,	107,	1,	'1746692743844-400085701.png',	0,	'2025-05-08 16:25:43',	'2025-05-08 16:25:43',	'other',	NULL,	'/var/www/html/src/uploads/products/1746692743844-400085701.png'),
(543,	107,	1,	'1746692743847-701626013.png',	0,	'2025-05-08 16:25:43',	'2025-05-08 16:25:43',	'other',	NULL,	'/var/www/html/src/uploads/products/1746692743847-701626013.png'),
(544,	107,	1,	'1746692743850-846808559.png',	0,	'2025-05-08 16:25:43',	'2025-05-08 16:25:43',	'other',	NULL,	'/var/www/html/src/uploads/products/1746692743850-846808559.png'),
(545,	107,	1,	'1746692743854-520960561.png',	0,	'2025-05-08 16:25:43',	'2025-05-08 16:25:43',	'other',	NULL,	'/var/www/html/src/uploads/products/1746692743854-520960561.png'),
(546,	108,	1,	'1746697808234-725515206.png',	0,	'2025-05-08 17:50:08',	'2025-05-08 17:50:08',	'cover',	NULL,	'/var/www/html/src/uploads/products/1746697808234-725515206.png'),
(547,	108,	1,	'1746697808238-787206729.png',	0,	'2025-05-08 17:50:08',	'2025-05-08 17:50:08',	'template',	NULL,	'/var/www/html/src/uploads/products/1746697808238-787206729.png'),
(548,	108,	1,	'1746697808376-494614823.png',	0,	'2025-05-08 17:50:08',	'2025-05-08 17:50:08',	'other',	NULL,	'/var/www/html/src/uploads/products/1746697808376-494614823.png'),
(549,	108,	1,	'1746697808379-883125434.png',	0,	'2025-05-08 17:50:08',	'2025-05-08 17:50:08',	'other',	NULL,	'/var/www/html/src/uploads/products/1746697808379-883125434.png'),
(550,	108,	1,	'1746697808385-937907730.png',	0,	'2025-05-08 17:50:08',	'2025-05-08 17:50:08',	'other',	NULL,	'/var/www/html/src/uploads/products/1746697808385-937907730.png'),
(551,	109,	1,	'1746698864975-776443833.png',	0,	'2025-05-08 18:07:45',	'2025-05-08 18:07:45',	'cover',	NULL,	'/var/www/html/src/uploads/products/1746698864975-776443833.png'),
(552,	109,	1,	'1746698864978-9830803.png',	0,	'2025-05-08 18:07:45',	'2025-05-08 18:07:45',	'template',	NULL,	'/var/www/html/src/uploads/products/1746698864978-9830803.png'),
(553,	109,	1,	'1746698865000-228644350.png',	0,	'2025-05-08 18:07:45',	'2025-05-08 18:07:45',	'other',	NULL,	'/var/www/html/src/uploads/products/1746698865000-228644350.png'),
(554,	109,	1,	'1746698865019-351094546.png',	0,	'2025-05-08 18:07:45',	'2025-05-08 18:07:45',	'other',	NULL,	'/var/www/html/src/uploads/products/1746698865019-351094546.png'),
(555,	109,	1,	'1746698865023-782281478.png',	0,	'2025-05-08 18:07:45',	'2025-05-08 18:07:45',	'other',	NULL,	'/var/www/html/src/uploads/products/1746698865023-782281478.png'),
(556,	110,	1,	'1746700687971-290058326.png',	0,	'2025-05-08 18:38:08',	'2025-05-08 18:38:08',	'cover',	NULL,	'/var/www/html/src/uploads/products/1746700687971-290058326.png'),
(557,	110,	1,	'1746700687975-789293941.png',	0,	'2025-05-08 18:38:08',	'2025-05-08 18:38:08',	'template',	NULL,	'/var/www/html/src/uploads/products/1746700687975-789293941.png'),
(558,	110,	1,	'1746700687975-27444545.png',	0,	'2025-05-08 18:38:08',	'2025-05-08 18:38:08',	'other',	NULL,	'/var/www/html/src/uploads/products/1746700687975-27444545.png'),
(559,	111,	1,	'1746723051648-863245938.png',	0,	'2025-05-09 00:50:51',	'2025-05-09 00:50:51',	'cover',	NULL,	'/var/www/html/src/uploads/products/1746723051648-863245938.png'),
(560,	111,	1,	'1746723051653-342405226.png',	0,	'2025-05-09 00:50:51',	'2025-05-09 00:50:51',	'template',	NULL,	'/var/www/html/src/uploads/products/1746723051653-342405226.png'),
(561,	111,	1,	'1746723051792-778281636.png',	0,	'2025-05-09 00:50:51',	'2025-05-09 00:50:51',	'other',	NULL,	'/var/www/html/src/uploads/products/1746723051792-778281636.png'),
(562,	112,	1,	'1746724416641-292420081.png',	0,	'2025-05-09 01:13:36',	'2025-05-09 01:13:36',	'cover',	NULL,	'/var/www/html/src/uploads/products/1746724416641-292420081.png'),
(563,	112,	1,	'1746724416645-41272037.png',	0,	'2025-05-09 01:13:36',	'2025-05-09 01:13:36',	'template',	NULL,	'/var/www/html/src/uploads/products/1746724416645-41272037.png'),
(564,	112,	1,	'1746724416685-949986618.png',	0,	'2025-05-09 01:13:36',	'2025-05-09 01:13:36',	'other',	NULL,	'/var/www/html/src/uploads/products/1746724416685-949986618.png'),
(565,	113,	1,	'1746725180790-728908965.png',	0,	'2025-05-09 01:26:20',	'2025-05-09 01:26:20',	'cover',	NULL,	'/var/www/html/src/uploads/products/1746725180790-728908965.png'),
(566,	113,	1,	'1746725180795-787620923.png',	0,	'2025-05-09 01:26:20',	'2025-05-09 01:26:20',	'template',	NULL,	'/var/www/html/src/uploads/products/1746725180795-787620923.png'),
(567,	113,	1,	'1746725180810-443576911.png',	0,	'2025-05-09 01:26:20',	'2025-05-09 01:26:20',	'other',	NULL,	'/var/www/html/src/uploads/products/1746725180810-443576911.png'),
(568,	113,	1,	'1746725180813-790216499.png',	0,	'2025-05-09 01:26:20',	'2025-05-09 01:26:20',	'other',	NULL,	'/var/www/html/src/uploads/products/1746725180813-790216499.png'),
(569,	114,	1,	'1746725921027-887129805.png',	0,	'2025-05-09 01:38:41',	'2025-05-09 01:38:41',	'cover',	NULL,	'/var/www/html/src/uploads/products/1746725921027-887129805.png'),
(570,	114,	1,	'1746725921033-979171993.png',	0,	'2025-05-09 01:38:41',	'2025-05-09 01:38:41',	'template',	NULL,	'/var/www/html/src/uploads/products/1746725921033-979171993.png'),
(571,	114,	1,	'1746725921059-310171448.png',	0,	'2025-05-09 01:38:41',	'2025-05-09 01:38:41',	'other',	NULL,	'/var/www/html/src/uploads/products/1746725921059-310171448.png'),
(572,	115,	1,	'1746727298639-74968062.png',	0,	'2025-05-09 02:01:38',	'2025-05-09 02:01:38',	'cover',	NULL,	'/var/www/html/src/uploads/products/1746727298639-74968062.png'),
(573,	115,	1,	'1746727298642-511405617.png',	0,	'2025-05-09 02:01:38',	'2025-05-09 02:01:38',	'template',	NULL,	'/var/www/html/src/uploads/products/1746727298642-511405617.png'),
(574,	115,	1,	'1746727298671-298003826.png',	0,	'2025-05-09 02:01:38',	'2025-05-09 02:01:38',	'other',	NULL,	'/var/www/html/src/uploads/products/1746727298671-298003826.png'),
(575,	115,	1,	'1746727298674-336898848.png',	0,	'2025-05-09 02:01:38',	'2025-05-09 02:01:38',	'other',	NULL,	'/var/www/html/src/uploads/products/1746727298674-336898848.png'),
(576,	115,	1,	'1746727298677-522098797.png',	0,	'2025-05-09 02:01:38',	'2025-05-09 02:01:38',	'other',	NULL,	'/var/www/html/src/uploads/products/1746727298677-522098797.png'),
(579,	117,	1,	'1747046233674-675130699.png',	0,	'2025-05-12 18:37:13',	'2025-05-12 18:37:13',	'cover',	NULL,	'/var/www/html/src/uploads/products/1747046233674-675130699.png'),
(580,	117,	1,	'1747046233678-657127220.png',	0,	'2025-05-12 18:37:13',	'2025-05-12 18:37:13',	'template',	NULL,	'/var/www/html/src/uploads/products/1747046233678-657127220.png'),
(581,	117,	1,	'1747046233824-744095348.png',	0,	'2025-05-12 18:37:13',	'2025-05-12 18:37:13',	'other',	NULL,	'/var/www/html/src/uploads/products/1747046233824-744095348.png'),
(582,	117,	1,	'1747046233827-48566105.png',	0,	'2025-05-12 18:37:13',	'2025-05-12 18:37:13',	'other',	NULL,	'/var/www/html/src/uploads/products/1747046233827-48566105.png'),
(583,	117,	1,	'1747046233830-768644269.png',	0,	'2025-05-12 18:37:13',	'2025-05-12 18:37:13',	'other',	NULL,	'/var/www/html/src/uploads/products/1747046233830-768644269.png'),
(584,	116,	1,	'1747046777598-14378535.webp',	0,	'2025-05-12 18:46:17',	'2025-05-12 18:46:17',	'cover',	NULL,	'/var/www/html/src/uploads/products/1747046777598-14378535.webp'),
(585,	116,	1,	'1747046777598-187912202.webp',	0,	'2025-05-12 18:46:17',	'2025-05-12 18:46:17',	'template',	NULL,	'/var/www/html/src/uploads/products/1747046777598-187912202.webp'),
(586,	116,	1,	'1747046777599-875458354.webp',	0,	'2025-05-12 18:46:17',	'2025-05-12 18:46:17',	'other',	NULL,	'/var/www/html/src/uploads/products/1747046777599-875458354.webp');

DROP TABLE IF EXISTS `product_inventories`;
CREATE TABLE `product_inventories` (
  `id` int NOT NULL AUTO_INCREMENT,
  `product_id` int NOT NULL COMMENT '商品ID',
  `stock` int NOT NULL COMMENT '庫存',
  `attributes_combination` json NOT NULL COMMENT '屬性組合',
  `created_at` datetime NOT NULL DEFAULT CURRENT_TIMESTAMP COMMENT '建立時間',
  `updated_at` datetime DEFAULT CURRENT_TIMESTAMP ON UPDATE CURRENT_TIMESTAMP COMMENT '修改時間',
  PRIMARY KEY (`id`),
  KEY `product_inventories_product_id` (`product_id`),
  CONSTRAINT `product_inventories_ibfk_1` FOREIGN KEY (`product_id`) REFERENCES `products` (`id`) ON DELETE CASCADE
) ENGINE=InnoDB DEFAULT CHARSET=utf8mb4 COLLATE=utf8mb4_unicode_ci COMMENT='商品屬性組合庫存';


DROP TABLE IF EXISTS `product_quantity_ranges`;
CREATE TABLE `product_quantity_ranges` (
  `id` int NOT NULL AUTO_INCREMENT,
  `product_id` int DEFAULT NULL COMMENT '商品ID',
  `min_quantity` int NOT NULL COMMENT '區間最小值',
  `max_quantity` int NOT NULL COMMENT '區間最大值',
  `increment_step` int NOT NULL DEFAULT '1' COMMENT '區間值',
  `created_at` datetime NOT NULL DEFAULT CURRENT_TIMESTAMP COMMENT '建立時間',
  `updated_at` datetime DEFAULT CURRENT_TIMESTAMP ON UPDATE CURRENT_TIMESTAMP COMMENT '修改時間',
  PRIMARY KEY (`id`),
  KEY `product_quantity_ranges_product_id` (`product_id`),
  CONSTRAINT `product_quantity_ranges_ibfk_1` FOREIGN KEY (`product_id`) REFERENCES `products` (`id`) ON DELETE CASCADE
) ENGINE=InnoDB DEFAULT CHARSET=utf8mb4 COLLATE=utf8mb4_unicode_ci COMMENT='商品數量區間';

INSERT INTO `product_quantity_ranges` (`id`, `product_id`, `min_quantity`, `max_quantity`, `increment_step`, `created_at`, `updated_at`) VALUES
(302,	91,	1,	10,	1,	'2025-04-30 19:46:50',	'2025-04-30 19:46:50'),
(303,	92,	1,	10,	1,	'2025-04-30 19:46:58',	'2025-04-30 19:46:58'),
(305,	90,	1,	10,	1,	'2025-05-06 16:31:20',	'2025-05-06 16:31:20'),
(311,	72,	1,	10,	1,	'2025-05-07 11:26:37',	'2025-05-07 11:26:37'),
(316,	86,	1,	10,	1,	'2025-05-07 12:50:46',	'2025-05-07 12:50:46'),
(317,	85,	1,	10,	1,	'2025-05-07 14:22:58',	'2025-05-07 14:22:58'),
(325,	71,	100,	3000,	1,	'2025-05-07 15:02:16',	'2025-05-07 15:02:16'),
(336,	94,	1,	10,	1,	'2025-05-07 17:39:03',	'2025-05-07 17:39:03'),
(337,	83,	1,	10,	1,	'2025-05-07 17:56:32',	'2025-05-07 17:56:32'),
(338,	77,	1,	10,	1,	'2025-05-07 18:05:10',	'2025-05-07 18:05:10'),
(339,	95,	1,	10,	1,	'2025-05-07 18:23:08',	'2025-05-07 18:23:08'),
(340,	73,	1,	10,	1,	'2025-05-07 18:39:51',	'2025-05-07 18:39:51'),
(341,	96,	1,	10,	1,	'2025-05-07 19:18:17',	'2025-05-07 19:18:17'),
(342,	82,	1,	10,	1,	'2025-05-07 22:38:10',	'2025-05-07 22:38:10'),
(343,	84,	1,	10,	1,	'2025-05-07 22:49:05',	'2025-05-07 22:49:05'),
(344,	81,	1,	10,	1,	'2025-05-07 22:55:47',	'2025-05-07 22:55:47'),
(346,	78,	1,	10,	1,	'2025-05-07 23:12:55',	'2025-05-07 23:12:55'),
(347,	79,	1,	10,	1,	'2025-05-07 23:22:27',	'2025-05-07 23:22:27'),
(349,	76,	1,	10,	1,	'2025-05-07 23:28:38',	'2025-05-07 23:28:38'),
(350,	80,	1,	10,	1,	'2025-05-07 23:29:14',	'2025-05-07 23:29:14'),
(351,	69,	1,	10,	1,	'2025-05-07 23:35:48',	'2025-05-07 23:35:48'),
(352,	75,	1,	10,	1,	'2025-05-07 23:40:44',	'2025-05-07 23:40:44'),
(353,	87,	1,	10,	1,	'2025-05-08 00:39:07',	'2025-05-08 00:39:07'),
(354,	88,	1,	10,	1,	'2025-05-08 00:44:38',	'2025-05-08 00:44:38'),
(356,	74,	1,	10,	1,	'2025-05-08 00:55:18',	'2025-05-08 00:55:18'),
(357,	68,	1,	10,	1,	'2025-05-08 00:55:37',	'2025-05-08 00:55:37'),
(358,	97,	1,	10,	1,	'2025-05-08 01:42:19',	'2025-05-08 01:42:19'),
(359,	98,	1,	10,	1,	'2025-05-08 02:05:27',	'2025-05-08 02:05:27'),
(360,	99,	1,	10,	1,	'2025-05-08 02:18:51',	'2025-05-08 02:18:51'),
(362,	101,	1,	10,	1,	'2025-05-08 14:56:23',	'2025-05-08 14:56:23'),
(363,	100,	1,	10,	1,	'2025-05-08 14:56:52',	'2025-05-08 14:56:52'),
(365,	102,	1,	10,	1,	'2025-05-08 15:10:05',	'2025-05-08 15:10:05'),
(367,	103,	1,	10,	1,	'2025-05-08 15:23:41',	'2025-05-08 15:23:41'),
(368,	104,	1,	10,	1,	'2025-05-08 15:28:35',	'2025-05-08 15:28:35'),
(369,	105,	1,	10,	1,	'2025-05-08 15:48:34',	'2025-05-08 15:48:34'),
(370,	106,	1,	10,	1,	'2025-05-08 15:59:52',	'2025-05-08 15:59:52'),
(371,	107,	1,	10,	1,	'2025-05-08 16:25:44',	'2025-05-08 16:25:44'),
(372,	108,	1,	10,	1,	'2025-05-08 17:50:08',	'2025-05-08 17:50:08'),
(373,	109,	1,	10,	1,	'2025-05-08 18:07:45',	'2025-05-08 18:07:45'),
(376,	110,	1,	10,	1,	'2025-05-08 18:40:14',	'2025-05-08 18:40:14'),
(378,	111,	1,	10,	1,	'2025-05-09 00:55:11',	'2025-05-09 00:55:11'),
(379,	112,	1,	10,	1,	'2025-05-09 01:13:36',	'2025-05-09 01:13:36'),
(380,	113,	1,	10,	1,	'2025-05-09 01:26:20',	'2025-05-09 01:26:20'),
(381,	114,	1,	10,	1,	'2025-05-09 01:38:41',	'2025-05-09 01:38:41'),
(384,	115,	1,	10,	1,	'2025-05-09 02:13:30',	'2025-05-09 02:13:30'),
(387,	70,	1,	10,	1,	'2025-05-12 18:33:00',	'2025-05-12 18:33:00'),
(389,	117,	1,	10,	1,	'2025-05-12 18:37:14',	'2025-05-12 18:37:14'),
(393,	116,	5,	20,	1,	'2025-05-12 19:04:37',	'2025-05-12 19:04:37');

DROP TABLE IF EXISTS `product_specifications`;
CREATE TABLE `product_specifications` (
  `id` int NOT NULL AUTO_INCREMENT,
  `product_id` int DEFAULT NULL COMMENT '商品ID',
  `sorting` int NOT NULL DEFAULT '1' COMMENT '排序編號',
  `specification_name` varchar(50) CHARACTER SET utf8mb4 COLLATE utf8mb4_unicode_ci NOT NULL COMMENT '規格名稱',
  `created_at` datetime NOT NULL DEFAULT CURRENT_TIMESTAMP COMMENT '建立時間',
  `updated_at` datetime DEFAULT CURRENT_TIMESTAMP ON UPDATE CURRENT_TIMESTAMP COMMENT '修改時間',
  PRIMARY KEY (`id`),
  KEY `product_specifications_product_id` (`product_id`),
  CONSTRAINT `product_specifications_ibfk_1` FOREIGN KEY (`product_id`) REFERENCES `products` (`id`) ON DELETE CASCADE
) ENGINE=InnoDB DEFAULT CHARSET=utf8mb4 COLLATE=utf8mb4_unicode_ci COMMENT='商品規格';

INSERT INTO `product_specifications` (`id`, `product_id`, `sorting`, `specification_name`, `created_at`, `updated_at`) VALUES
(470,	91,	1,	'環保材質',	'2025-04-30 19:46:50',	'2025-04-30 19:46:50'),
(471,	91,	2,	'不銹鋼',	'2025-04-30 19:46:50',	'2025-04-30 19:46:50'),
(472,	92,	1,	'不織布',	'2025-04-30 19:46:58',	'2025-04-30 19:46:58'),
(474,	90,	1,	'印刷',	'2025-05-06 16:31:20',	'2025-05-06 16:31:20'),
(480,	72,	1,	'5吋',	'2025-05-07 11:26:37',	'2025-05-07 11:26:37'),
(485,	86,	1,	'手動',	'2025-05-07 12:50:46',	'2025-05-07 12:50:46'),
(486,	85,	1,	'直傘',	'2025-05-07 14:22:58',	'2025-05-07 14:22:58'),
(498,	71,	1,	'30x40cm',	'2025-05-07 15:02:16',	'2025-05-07 15:02:16'),
(518,	94,	1,	'三件組',	'2025-05-07 17:39:03',	'2025-05-07 17:39:03'),
(519,	83,	1,	'帆布',	'2025-05-07 17:56:32',	'2025-05-07 17:56:32'),
(520,	77,	1,	'帆布',	'2025-05-07 18:05:10',	'2025-05-07 18:05:10'),
(521,	95,	1,	'燈芯絨',	'2025-05-07 18:23:08',	'2025-05-07 18:23:08'),
(522,	73,	1,	'牛津布',	'2025-05-07 18:39:51',	'2025-05-07 18:39:51'),
(523,	96,	1,	'雙面斜紋布',	'2025-05-07 19:18:17',	'2025-05-07 19:18:17'),
(524,	82,	1,	'反折',	'2025-05-07 22:38:10',	'2025-05-07 22:38:10'),
(525,	84,	1,	'金屬釦調節',	'2025-05-07 22:49:05',	'2025-05-07 22:49:05'),
(526,	81,	1,	'短襪',	'2025-05-07 22:55:47',	'2025-05-07 22:55:47'),
(528,	78,	1,	'單一規格',	'2025-05-07 23:12:55',	'2025-05-07 23:12:55'),
(529,	79,	1,	'單一規格',	'2025-05-07 23:22:27',	'2025-05-07 23:22:27'),
(531,	76,	1,	'隨身款',	'2025-05-07 23:28:38',	'2025-05-07 23:28:38'),
(532,	80,	1,	'皮革',	'2025-05-07 23:29:14',	'2025-05-07 23:29:14'),
(533,	69,	1,	'A5',	'2025-05-07 23:35:48',	'2025-05-07 23:35:48'),
(534,	75,	1,	'圓',	'2025-05-07 23:40:44',	'2025-05-07 23:40:44'),
(535,	87,	1,	'單一規格',	'2025-05-08 00:39:07',	'2025-05-08 00:39:07'),
(536,	88,	1,	'單一規格',	'2025-05-08 00:44:38',	'2025-05-08 00:44:38'),
(539,	74,	1,	'中型',	'2025-05-08 00:55:18',	'2025-05-08 00:55:18'),
(540,	68,	1,	'黑筆芯',	'2025-05-08 00:55:37',	'2025-05-08 00:55:37'),
(541,	68,	2,	'藍筆芯',	'2025-05-08 00:55:37',	'2025-05-08 00:55:37'),
(542,	97,	1,	'大布標',	'2025-05-08 01:42:19',	'2025-05-08 01:42:19'),
(543,	98,	1,	'單一規格',	'2025-05-08 02:05:27',	'2025-05-08 02:05:27'),
(544,	99,	1,	'配色',	'2025-05-08 02:18:51',	'2025-05-08 02:18:51'),
(546,	101,	1,	'單一規格附餐具',	'2025-05-08 14:56:23',	'2025-05-08 14:56:23'),
(547,	100,	1,	'單一規格',	'2025-05-08 14:56:52',	'2025-05-08 14:56:52'),
(549,	102,	1,	'食用級矽膠',	'2025-05-08 15:10:05',	'2025-05-08 15:10:05'),
(551,	103,	1,	'長款',	'2025-05-08 15:23:41',	'2025-05-08 15:23:41'),
(552,	104,	1,	'短款',	'2025-05-08 15:28:35',	'2025-05-08 15:28:35'),
(553,	105,	1,	'直徑9.8cm',	'2025-05-08 15:48:34',	'2025-05-08 15:48:34'),
(554,	106,	1,	'大',	'2025-05-08 15:59:52',	'2025-05-08 15:59:52'),
(555,	107,	1,	'小型',	'2025-05-08 16:25:43',	'2025-05-08 16:25:43'),
(556,	108,	1,	'直徑16cm',	'2025-05-08 17:50:08',	'2025-05-08 17:50:08'),
(557,	109,	1,	'拼圖三件組',	'2025-05-08 18:07:45',	'2025-05-08 18:07:45'),
(560,	110,	1,	'19x19cm',	'2025-05-08 18:40:14',	'2025-05-08 18:40:14'),
(562,	111,	1,	'單一規格',	'2025-05-09 00:55:11',	'2025-05-09 00:55:11'),
(563,	112,	1,	'單一規格',	'2025-05-09 01:13:36',	'2025-05-09 01:13:36'),
(564,	113,	1,	'單一規格',	'2025-05-09 01:26:20',	'2025-05-09 01:26:20'),
(565,	114,	1,	'黑色筆芯',	'2025-05-09 01:38:41',	'2025-05-09 01:38:41'),
(568,	115,	1,	'黑色筆芯',	'2025-05-09 02:13:30',	'2025-05-09 02:13:30'),
(571,	70,	1,	'300ml',	'2025-05-12 18:33:00',	'2025-05-12 18:33:00'),
(572,	70,	2,	' ',	'2025-05-12 18:33:00',	'2025-05-12 18:33:00'),
(574,	117,	1,	'黑筆芯',	'2025-05-12 18:37:13',	'2025-05-12 18:37:13'),
(578,	116,	1,	'黑色',	'2025-05-12 19:04:37',	'2025-05-12 19:04:37');

DROP TABLE IF EXISTS `products`;
CREATE TABLE `products` (
  `id` int NOT NULL AUTO_INCREMENT,
  `code` varchar(20) CHARACTER SET utf8mb4 COLLATE utf8mb4_unicode_ci NOT NULL COMMENT '編號',
  `name` varchar(255) CHARACTER SET utf8mb4 COLLATE utf8mb4_unicode_ci NOT NULL COMMENT '名稱',
  `description` text CHARACTER SET utf8mb4 COLLATE utf8mb4_unicode_ci COMMENT '描述',
  `price` decimal(10,2) NOT NULL DEFAULT '0.00' COMMENT '價錢',
  `sku` varchar(100) CHARACTER SET utf8mb4 COLLATE utf8mb4_unicode_ci DEFAULT NULL COMMENT '庫存單位',
  `category_id` int DEFAULT NULL COMMENT '類別ID',
  `stock` int DEFAULT '0' COMMENT '庫存總量',
  `status` tinyint(1) NOT NULL DEFAULT '1' COMMENT '上架狀態',
  `created_at` datetime NOT NULL DEFAULT CURRENT_TIMESTAMP COMMENT '建立時間',
  `updated_at` datetime DEFAULT CURRENT_TIMESTAMP ON UPDATE CURRENT_TIMESTAMP COMMENT '修改時間',
  `brand_id` int DEFAULT NULL COMMENT '品牌ID',
  `ips_id` int DEFAULT NULL COMMENT '聯名IPID',
  `min_order_quantity` int NOT NULL DEFAULT '1' COMMENT '最低下訂量',
  `max_order_quantity` int DEFAULT NULL COMMENT '最高下訂量',
  `specification` text CHARACTER SET utf8mb4 COLLATE utf8mb4_unicode_ci COMMENT '規格',
  `purpose` varchar(255) CHARACTER SET utf8mb4 COLLATE utf8mb4_unicode_ci DEFAULT NULL COMMENT '目的',
  `sampling_time` int DEFAULT NULL COMMENT '打樣所需時間',
  `sampling_fee` decimal(10,2) NOT NULL DEFAULT '0.00' COMMENT '打樣所需費用',
  `template_dimensions` json DEFAULT NULL COMMENT '模板圖片位置數據 {h: 高度, w: 寬度, x: X 座標, y: Y 座標}',
  `dimension_points` json DEFAULT NULL COMMENT '模板圖片四個點的(x, y)座標',
  `sorting` int NOT NULL DEFAULT '1' COMMENT '排序編號',
  PRIMARY KEY (`id`),
  UNIQUE KEY `sku` (`sku`),
  KEY `products_category_id` (`category_id`),
  KEY `products_brand_id_foreign_idx` (`brand_id`),
  KEY `products_ips_id_foreign_idx` (`ips_id`),
  CONSTRAINT `products_brand_id_foreign_idx` FOREIGN KEY (`brand_id`) REFERENCES `brands` (`id`) ON DELETE SET NULL,
  CONSTRAINT `products_ibfk_1` FOREIGN KEY (`category_id`) REFERENCES `categories` (`id`) ON DELETE SET NULL,
  CONSTRAINT `products_ips_id_foreign_idx` FOREIGN KEY (`ips_id`) REFERENCES `ips` (`id`) ON DELETE SET NULL
) ENGINE=InnoDB DEFAULT CHARSET=utf8mb4 COLLATE=utf8mb4_unicode_ci COMMENT='商品';

INSERT INTO `products` (`id`, `code`, `name`, `description`, `price`, `sku`, `category_id`, `stock`, `status`, `created_at`, `updated_at`, `brand_id`, `ips_id`, `min_order_quantity`, `max_order_quantity`, `specification`, `purpose`, `sampling_time`, `sampling_fee`, `template_dimensions`, `dimension_points`, `sorting`) VALUES
(68,	'P20250012',	'電鍍圓珠筆',	'兼具金屬的高級與塑料的輕盈。',	20.00,	NULL,	NULL,	0,	1,	'2025-01-17 09:31:10',	'2025-05-08 00:55:37',	NULL,	NULL,	500,	10000,	'材質：塑膠\r\n尺寸：直徑0.8x13cm\r\n重量：9g\r\n筆芯：1.0mm\r\n工藝：單色印刷\r\n包裝：OPP袋',	NULL,	7,	1500.00,	'{\"h\": 243, \"w\": 22, \"x\": 596, \"y\": 705, \"angle\": 0}',	'{\"p0\": {\"x\": 596, \"y\": 705}, \"p1\": {\"x\": 618, \"y\": 705}, \"p2\": {\"x\": 618, \"y\": 948}, \"p3\": {\"x\": 596, \"y\": 948}}',	12),
(69,	'P20250013',	'PU束繩記事本',	'簡約，方便攜帶。',	200.00,	NULL,	NULL,	0,	1,	'2025-01-21 02:54:12',	'2025-05-07 23:35:48',	NULL,	NULL,	300,	10000,	'材質：封面PU皮革、內頁70g道林紙\r\n尺寸：A5\r\n重量：300g\r\n工藝：壓印\r\n包裝：OPP袋',	NULL,	7,	1600.00,	'{\"h\": 735, \"w\": 415, \"x\": 370, \"y\": 278, \"angle\": 0}',	'{\"p0\": {\"x\": 370, \"y\": 278}, \"p1\": {\"x\": 785, \"y\": 278}, \"p2\": {\"x\": 785, \"y\": 1013}, \"p3\": {\"x\": 370, \"y\": 1013}}',	9),
(70,	'P20250014',	'不銹鋼杯',	'食用級不鏽鋼杯，安全無虞。\r\n純金屬設計，有型。',	160.00,	NULL,	NULL,	0,	1,	'2025-01-21 17:32:45',	'2025-05-12 18:33:00',	NULL,	NULL,	500,	10000,	'材質：304不鏽鋼\r\n尺寸：8.5x10cm\r\n容量：300ml\r\n工藝：雷射雕刻\r\n包裝：紙盒',	NULL,	5,	1600.00,	'{\"h\": 285, \"w\": 321, \"x\": 409, \"y\": 503, \"angle\": 0}',	'{\"p0\": {\"x\": 409, \"y\": 503}, \"p1\": {\"x\": 730, \"y\": 503}, \"p2\": {\"x\": 730, \"y\": 788}, \"p3\": {\"x\": 409, \"y\": 788}}',	1),
(71,	'P20250015',	'珪藻土折疊墊',	'擁有乾爽的室內空間。',	300.00,	NULL,	NULL,	0,	1,	'2025-01-22 17:23:11',	'2025-05-07 15:02:16',	NULL,	NULL,	1,	NULL,	'材質：珪藻土\r\n尺寸：30x40cm\r\n重量：4kg\r\n工藝：雷射雕刻\r\n包裝：氣泡紙+紙盒',	NULL,	7,	1700.00,	'{\"h\": 73, \"w\": 73, \"x\": 249, \"y\": 833, \"angle\": 0}',	'{\"p0\": {\"x\": 249, \"y\": 833}, \"p1\": {\"x\": 322, \"y\": 833}, \"p2\": {\"x\": 322, \"y\": 906}, \"p3\": {\"x\": 249, \"y\": 906}}',	20),
(72,	'P20250016',	'黑桃木相框',	'黑桃木半框設計，既雅緻又不失回憶溫潤。',	160.00,	NULL,	NULL,	0,	1,	'2025-01-22 17:32:42',	'2025-05-07 11:26:37',	NULL,	NULL,	200,	NULL,	'材質：黑桃木、塑料\r\n尺寸：可置放5吋相片\r\n重量：40g\r\n工藝：雷射雕刻、絲印 擇一\r\n包裝：氣泡紙+OPP袋',	NULL,	7,	1600.00,	'{\"h\": 224, \"w\": 84, \"x\": 778, \"y\": 689, \"angle\": -7.352}',	'{\"p0\": {\"x\": 778, \"y\": 689}, \"p1\": {\"x\": 861.31, \"y\": 678.25}, \"p2\": {\"x\": 889.97, \"y\": 900.41}, \"p3\": {\"x\": 806.66, \"y\": 911.16}}',	19),
(73,	'P20250017',	'密碼鎖收納包',	'有些東西不能隨便見人。',	250.00,	NULL,	NULL,	0,	1,	'2025-01-22 17:35:06',	'2025-05-07 18:39:51',	NULL,	NULL,	500,	10000,	'材質：牛津布\r\n尺寸：21x11x8cm\r\n重量：188g\r\n工藝：絲印\r\n包裝：OPP袋',	NULL,	10,	1600.00,	'{\"h\": 139, \"w\": 40, \"x\": 588, \"y\": 631, \"angle\": 0}',	'{\"p0\": {\"x\": 588, \"y\": 631}, \"p1\": {\"x\": 628, \"y\": 631}, \"p2\": {\"x\": 628, \"y\": 770}, \"p3\": {\"x\": 588, \"y\": 770}}',	18),
(74,	'P20250018',	'中型收納箱',	'小物收納，雜亂感歸零。',	400.00,	NULL,	NULL,	0,	1,	'2025-01-22 17:38:06',	'2025-05-08 00:55:18',	NULL,	NULL,	500,	10000,	'材質：聚丙烯PP\r\n尺寸：31x21x18cm\r\n重量：700g\r\n容量：6L\r\n工藝：絲印\r\n包裝：氣泡紙+防撞箱',	NULL,	7,	500.00,	'{\"h\": 106, \"w\": 223, \"x\": 498, \"y\": 513, \"angle\": 0}',	'{\"p0\": {\"x\": 498, \"y\": 513}, \"p1\": {\"x\": 721, \"y\": 513}, \"p2\": {\"x\": 721, \"y\": 619}, \"p3\": {\"x\": 498, \"y\": 619}}',	8),
(75,	'P20250019',	'鋁製筆筒',	'潔淨感與格調。',	180.00,	NULL,	NULL,	0,	1,	'2025-01-22 17:42:23',	'2025-05-07 23:40:44',	NULL,	NULL,	500,	10000,	'材質：鋁合金、矽膠\r\n尺寸：直徑8x10cm\r\n重量：282g\r\n工藝：激光\r\n包裝：紙盒',	NULL,	7,	1600.00,	'{\"h\": 614, \"w\": 353, \"x\": 432, \"y\": 414, \"angle\": 0}',	'{\"p0\": {\"x\": 432, \"y\": 414}, \"p1\": {\"x\": 785, \"y\": 414}, \"p2\": {\"x\": 785, \"y\": 1028}, \"p3\": {\"x\": 432, \"y\": 1028}}',	17),
(76,	'P20250020',	'皮革筆袋',	'輕便攜帶。',	50.00,	NULL,	NULL,	0,	1,	'2025-01-22 17:44:16',	'2025-05-07 23:28:38',	NULL,	NULL,	200,	2000,	'材質：PU皮革\r\n尺寸：14.5x3cm\r\n重量：8g\r\n工藝：壓印\r\n包裝：裸裝',	NULL,	7,	1500.00,	'{\"h\": 766, \"w\": 116, \"x\": 551, \"y\": 262, \"angle\": 0}',	'{\"p0\": {\"x\": 551, \"y\": 262}, \"p1\": {\"x\": 667, \"y\": 262}, \"p2\": {\"x\": 667, \"y\": 1028}, \"p3\": {\"x\": 551, \"y\": 1028}}',	14),
(77,	'P20250021',	'帆布托特包',	'需求之高，快成為消耗品。',	160.00,	NULL,	NULL,	0,	1,	'2025-01-22 17:46:39',	'2025-05-07 18:05:10',	NULL,	NULL,	500,	10000,	'材質：帆布\r\n尺寸：34x31x12cm\r\n重量：200g\r\n工藝：絲印\r\n包裝：OPP袋',	NULL,	7,	1600.00,	'{\"h\": 384, \"w\": 384, \"x\": 411, \"y\": 629, \"angle\": 0}',	'{\"p0\": {\"x\": 411, \"y\": 629}, \"p1\": {\"x\": 795, \"y\": 629}, \"p2\": {\"x\": 795, \"y\": 1013}, \"p3\": {\"x\": 411, \"y\": 1013}}',	14),
(78,	'P20250022',	'皮革鑰匙圈',	'成熟風範。',	25.00,	NULL,	NULL,	0,	1,	'2025-01-23 08:14:01',	'2025-05-07 23:12:55',	NULL,	NULL,	200,	20000,	'材質：PU皮革\r\n尺寸：5x5cm\r\n重量：10g\r\n工藝選擇：壓印\r\n包裝：裸裝',	NULL,	7,	1500.00,	'{\"h\": 391, \"w\": 391, \"x\": 329, \"y\": 513, \"angle\": -45}',	'{\"p0\": {\"x\": 329, \"y\": 513}, \"p1\": {\"x\": 605.48, \"y\": 236.52}, \"p2\": {\"x\": 881.96, \"y\": 513}, \"p3\": {\"x\": 605.48, \"y\": 789.48}}',	11),
(79,	'P20250023',	'皮革隨身鏡',	'保持儀容。',	25.00,	NULL,	NULL,	0,	1,	'2025-01-23 09:36:26',	'2025-05-07 23:22:27',	NULL,	NULL,	200,	10000,	'材質：PU皮革\r\n尺寸：6.3x9cm\r\n重量：30g\r\n工藝：皮套壓印\r\n包裝：OPP袋',	NULL,	7,	1500.00,	'{\"h\": 538, \"w\": 426, \"x\": 393, \"y\": 414, \"angle\": 0}',	'{\"p0\": {\"x\": 393, \"y\": 414}, \"p1\": {\"x\": 819, \"y\": 414}, \"p2\": {\"x\": 819, \"y\": 952}, \"p3\": {\"x\": 393, \"y\": 952}}',	4),
(80,	'P20250024',	'行李吊牌',	'署名標記好辨識。',	40.00,	NULL,	NULL,	0,	1,	'2025-01-23 09:39:19',	'2025-05-07 23:29:14',	NULL,	NULL,	500,	10002,	'材質：PU皮革\r\n尺寸：7.5x11cm\r\n重量：15g\r\n工藝：絲印\r\n包裝：OPP袋',	NULL,	7,	1500.00,	'{\"h\": 430, \"w\": 336, \"x\": 439, \"y\": 582, \"angle\": 0}',	'{\"p0\": {\"x\": 439, \"y\": 582}, \"p1\": {\"x\": 775, \"y\": 582}, \"p2\": {\"x\": 775, \"y\": 1012}, \"p3\": {\"x\": 439, \"y\": 1012}}',	15),
(81,	'P20250025',	'短襪',	'日常必備品。',	135.00,	NULL,	NULL,	0,	1,	'2025-01-23 09:41:27',	'2025-05-07 22:55:47',	NULL,	NULL,	1000,	20000,	'材質：棉質\r\n尺寸：適用足長23-27cm\r\n重量：20g\r\n工藝選擇：刺繡\r\n包裝：OPP袋裝',	NULL,	7,	1600.00,	'{\"h\": 71, \"w\": 71, \"x\": 652, \"y\": 444, \"angle\": -88.363}',	'{\"p0\": {\"x\": 652, \"y\": 444}, \"p1\": {\"x\": 654.03, \"y\": 373.03}, \"p2\": {\"x\": 725, \"y\": 375.06}, \"p3\": {\"x\": 722.97, \"y\": 446.03}}',	7),
(82,	'P20250026',	'毛帽',	'頭部保暖很重要。',	170.00,	NULL,	NULL,	0,	1,	'2025-01-23 09:44:25',	'2025-05-07 22:38:09',	NULL,	NULL,	500,	10000,	'材質：腈綸合成纖維\r\n尺寸：22x19cm\r\n重量：150g\r\n工藝：布標\r\n包裝：OPP袋',	NULL,	7,	1600.00,	'{\"h\": 85, \"w\": 88, \"x\": 734, \"y\": 820, \"angle\": 0}',	'{\"p0\": {\"x\": 734, \"y\": 820}, \"p1\": {\"x\": 822, \"y\": 820}, \"p2\": {\"x\": 822, \"y\": 905}, \"p3\": {\"x\": 734, \"y\": 905}}',	13),
(83,	'P20250027',	'帆布零錢包',	'名為零錢包，實為小物包。',	95.00,	NULL,	NULL,	0,	1,	'2025-01-23 09:48:36',	'2025-05-07 17:56:31',	NULL,	NULL,	500,	10000,	'材質：帆布\r\n尺寸：12.5x8.5cm\r\n重量：100g\r\n工藝：絲印\r\n包裝：OPP袋',	NULL,	7,	1600.00,	'{\"h\": 412, \"w\": 589, \"x\": 314, \"y\": 457, \"angle\": 0}',	'{\"p0\": {\"x\": 314, \"y\": 457}, \"p1\": {\"x\": 903, \"y\": 457}, \"p2\": {\"x\": 903, \"y\": 869}, \"p3\": {\"x\": 314, \"y\": 869}}',	9),
(84,	'P20250028',	'棒球帽',	'男女適用。',	160.00,	NULL,	NULL,	0,	1,	'2025-01-23 09:50:55',	'2025-05-07 22:49:05',	NULL,	NULL,	500,	10000,	'材質：棉\r\n尺寸：帽圍58cm，可調節\r\n重量：120g\r\n工藝：絲印\r\n包裝：OPP袋',	NULL,	10,	1600.00,	'{\"h\": 145, \"w\": 144, \"x\": 533, \"y\": 530, \"angle\": 0}',	'{\"p0\": {\"x\": 533, \"y\": 530}, \"p1\": {\"x\": 677, \"y\": 530}, \"p2\": {\"x\": 677, \"y\": 675}, \"p3\": {\"x\": 533, \"y\": 675}}',	6),
(85,	'P20250029',	'直傘',	'大範圍阻擋風雨，維持挺拔。',	220.00,	NULL,	NULL,	0,	1,	'2025-01-23 09:52:54',	'2025-05-07 14:22:58',	NULL,	NULL,	500,	10000,	'材質：碰其布210T\r\n尺寸：直徑121.5cm\r\n重量：500g\r\n工藝：絲印\r\n包裝：紙套',	NULL,	5,	1600.00,	'{\"h\": 400, \"w\": 1111, \"x\": 142, \"y\": 48, \"angle\": -41.872}',	'{\"p0\": {\"x\": 142, \"y\": 48}, \"p1\": {\"x\": 969.29, \"y\": -693.56}, \"p2\": {\"x\": 1236.28, \"y\": -395.7}, \"p3\": {\"x\": 408.99, \"y\": 345.86}}',	21),
(86,	'P20250030',	'手動折疊傘',	'享受優雅的下雨天。',	230.00,	NULL,	NULL,	0,	1,	'2025-01-23 09:57:55',	'2025-05-07 12:50:46',	NULL,	NULL,	500,	10000,	'材質：碰其布190T、纖維骨架\r\n尺寸：直徑104cm\r\n重量：325g\r\n工藝：印刷\r\n包裝：素色紙盒',	NULL,	5,	1600.00,	'{\"h\": 419, \"w\": 1094, \"x\": 69, \"y\": 88, \"angle\": -42.672}',	'{\"p0\": {\"x\": 69, \"y\": 88}, \"p1\": {\"x\": 873.36, \"y\": -653.51}, \"p2\": {\"x\": 1157.36, \"y\": -345.45}, \"p3\": {\"x\": 353, \"y\": 396.07}}',	22),
(87,	'P20250031',	'金屬圓珠筆',	'筆身有稜有角，個性。',	25.00,	NULL,	NULL,	0,	1,	'2025-01-23 10:03:21',	'2025-05-08 00:39:07',	NULL,	NULL,	500,	10000,	'材質：金屬、塑膠\r\n尺寸：直徑1x14cm\r\n重量：14.5g\r\n筆芯：1.0mm\r\n工藝：單色印刷\r\n包裝：OPP袋',	NULL,	7,	1500.00,	'{\"h\": 353, \"w\": 22, \"x\": 598, \"y\": 556, \"angle\": 0}',	'{\"p0\": {\"x\": 598, \"y\": 556}, \"p1\": {\"x\": 620, \"y\": 556}, \"p2\": {\"x\": 620, \"y\": 909}, \"p3\": {\"x\": 598, \"y\": 909}}',	5),
(88,	'P20250032',	'商務金屬圓珠筆',	'濃厚商務感，沉著可靠。',	25.00,	NULL,	NULL,	0,	1,	'2025-01-23 10:05:35',	'2025-05-08 00:44:38',	NULL,	NULL,	500,	10000,	'材質：金屬、塑膠\r\n尺寸：直徑0.9x13.2cm\r\n重量：15g\r\n筆芯：1.0mm\r\n工藝：單色印刷\r\n包裝：OPP袋',	NULL,	7,	1500.00,	'{\"h\": 234, \"w\": 21, \"x\": 597, \"y\": 675, \"angle\": 0}',	'{\"p0\": {\"x\": 597, \"y\": 675}, \"p1\": {\"x\": 618, \"y\": 675}, \"p2\": {\"x\": 618, \"y\": 909}, \"p3\": {\"x\": 597, \"y\": 909}}',	16),
(90,	'P20250023',	'INKSLAP 筆記本',	'Inkslap 2025',	250.00,	NULL,	NULL,	0,	1,	'2025-04-29 19:01:39',	'2025-05-06 16:31:20',	NULL,	NULL,	100,	5000,	'Inkslap 2025 SPEC',	NULL,	3,	1500.00,	'{\"h\": 6, \"w\": 30, \"x\": 92, \"y\": 91, \"angle\": 0}',	'{\"p0\": {\"x\": 92, \"y\": 91}, \"p1\": {\"x\": 122, \"y\": 91}, \"p2\": {\"x\": 122, \"y\": 97}, \"p3\": {\"x\": 92, \"y\": 97}}',	3),
(91,	'P20250023',	'環保杯 800mL ',	NULL,	750.00,	NULL,	NULL,	0,	0,	'2025-04-30 15:17:53',	'2025-04-30 19:46:50',	NULL,	NULL,	1,	NULL,	NULL,	NULL,	NULL,	0.00,	'{\"h\": 285, \"w\": 321, \"x\": 409, \"y\": 503, \"angle\": 0}',	'{\"p0\": {\"x\": 409, \"y\": 503}, \"p1\": {\"x\": 730, \"y\": 503}, \"p2\": {\"x\": 730, \"y\": 788}, \"p3\": {\"x\": 409, \"y\": 788}}',	96),
(92,	'P20250024',	'帥氣Hoodie',	NULL,	600.00,	NULL,	NULL,	0,	0,	'2025-04-30 17:22:43',	'2025-04-30 19:46:58',	NULL,	NULL,	1,	NULL,	NULL,	NULL,	NULL,	0.00,	'{\"h\": 744, \"w\": 576, \"x\": 610, \"y\": 284, \"angle\": -0.411}',	'{\"p0\": {\"x\": 610, \"y\": 284}, \"p1\": {\"x\": 1185.99, \"y\": 279.87}, \"p2\": {\"x\": 1191.32, \"y\": 1023.85}, \"p3\": {\"x\": 615.34, \"y\": 1027.98}}',	97),
(94,	'P20250025',	'衛浴三件組',	'衛浴風格塑造。',	400.00,	NULL,	NULL,	0,	1,	'2025-05-07 16:10:06',	'2025-05-07 17:39:03',	NULL,	NULL,	500,	10000,	'材質：陶瓷、橡膠\r\n尺寸：（按壓瓶）直徑9.5x12.5cm（開放罐）直徑9.5x10cm（底盤）18.5x9.5x2.5cm\r\n工藝：轉印\r\n包裝：紙盒',	NULL,	10,	1721.00,	'{\"h\": 134, \"w\": 135, \"x\": 688, \"y\": 534, \"angle\": 0}',	'{\"p0\": {\"x\": 688, \"y\": 534}, \"p1\": {\"x\": 823, \"y\": 534}, \"p2\": {\"x\": 823, \"y\": 668}, \"p3\": {\"x\": 688, \"y\": 668}}',	1),
(95,	'P20250026',	'燈芯絨兩用包',	'沉迷燈芯絨的立體條紋。',	300.00,	NULL,	NULL,	0,	1,	'2025-05-07 18:23:08',	'2025-05-07 18:23:08',	NULL,	NULL,	500,	20000,	'材質：燈芯絨\r\n尺寸：\r\n重量：\r\n工藝：布標\r\n包裝：OPP袋',	NULL,	7,	1600.00,	'{\"h\": 18, \"w\": 76, \"x\": 560, \"y\": 999, \"angle\": -1.219}',	'{\"p0\": {\"x\": 560, \"y\": 999}, \"p1\": {\"x\": 635.98, \"y\": 997.38}, \"p2\": {\"x\": 636.37, \"y\": 1015.38}, \"p3\": {\"x\": 560.38, \"y\": 1017}}',	10),
(96,	'P20250027',	'網格收納包',	'透氣，放3C也適合。',	130.00,	NULL,	NULL,	0,	1,	'2025-05-07 19:18:17',	'2025-05-07 19:18:17',	NULL,	NULL,	100,	5000,	'材質：雙面斜紋布\r\n尺寸：21x11x8cm\r\n重量：20g\r\n工藝：絲印（布標）\r\n包裝：OPP袋',	NULL,	7,	1600.00,	'{\"h\": 43, \"w\": 15, \"x\": 336, \"y\": 715, \"angle\": 0}',	'{\"p0\": {\"x\": 336, \"y\": 715}, \"p1\": {\"x\": 351, \"y\": 715}, \"p2\": {\"x\": 351, \"y\": 758}, \"p3\": {\"x\": 336, \"y\": 758}}',	11),
(97,	'P20250028',	'針織毛帽',	'醒目。',	270.00,	NULL,	NULL,	0,	1,	'2025-05-08 01:42:19',	'2025-05-08 01:42:19',	NULL,	NULL,	100,	2000,	'材質：腈綸、錦綸、彈性纖維\r\n尺寸：20x30cm\r\n重量：130g\r\n工藝：單色布標\r\n包裝：OPP袋',	NULL,	7,	1500.00,	'{\"h\": 562, \"w\": 255, \"x\": 320, \"y\": 668, \"angle\": -89.646}',	'{\"p0\": {\"x\": 320, \"y\": 668}, \"p1\": {\"x\": 321.58, \"y\": 413}, \"p2\": {\"x\": 883.56, \"y\": 416.48}, \"p3\": {\"x\": 881.99, \"y\": 671.47}}',	20),
(98,	'P20250029',	'舒眠眼罩',	'好的睡眠與休憩，才能締造好的生活。',	230.00,	NULL,	NULL,	0,	1,	'2025-05-08 02:05:27',	'2025-05-08 02:05:27',	NULL,	NULL,	500,	20000,	'材質：氨綸、滌綸、海綿\r\n尺寸：24.5x7.5cm\r\n重量：65g\r\n工藝：單色織標\r\n包裝：OPP袋',	NULL,	7,	3000.00,	'{\"h\": 60, \"w\": 38, \"x\": 946, \"y\": 603, \"angle\": 0}',	'{\"p0\": {\"x\": 946, \"y\": 603}, \"p1\": {\"x\": 984, \"y\": 603}, \"p2\": {\"x\": 984, \"y\": 663}, \"p3\": {\"x\": 946, \"y\": 663}}',	10),
(99,	'P20250030',	'寬頭牙刷',	'牙刷需定期更換，消耗品。',	25.00,	NULL,	NULL,	0,	1,	'2025-05-08 02:18:51',	'2025-05-08 02:18:51',	NULL,	NULL,	500,	10000,	'材質：PP、TDR\r\n尺寸：19x1.63cm\r\n重量：15g\r\n工藝：單色印刷\r\n包裝：紙盒',	NULL,	7,	2500.00,	'{\"h\": 459, \"w\": 44, \"x\": 585, \"y\": 670, \"angle\": 0}',	'{\"p0\": {\"x\": 585, \"y\": 670}, \"p1\": {\"x\": 629, \"y\": 670}, \"p2\": {\"x\": 629, \"y\": 1129}, \"p3\": {\"x\": 585, \"y\": 1129}}',	10),
(100,	'P20250031',	'不鏽鋼便當盒',	'健康最重要。',	510.00,	NULL,	NULL,	0,	1,	'2025-05-08 02:32:22',	'2025-05-08 14:56:52',	NULL,	NULL,	500,	10000,	'材質：304不鏽鋼\r\n尺寸：18.5x10.5x7.5cm\r\n工藝：雷射雕刻\r\n包裝：牛皮紙盒',	NULL,	5,	800.00,	'{\"h\": 327, \"w\": 637, \"x\": 284, \"y\": 482, \"angle\": -0.475}',	'{\"p0\": {\"x\": 284, \"y\": 482}, \"p1\": {\"x\": 920.98, \"y\": 476.72}, \"p2\": {\"x\": 923.69, \"y\": 803.71}, \"p3\": {\"x\": 286.71, \"y\": 808.99}}',	10),
(101,	'P20250032',	'環保便當盒',	'永續。',	95.00,	NULL,	NULL,	0,	1,	'2025-05-08 14:56:23',	'2025-05-08 14:56:23',	NULL,	NULL,	500,	10000,	'材質：小麥節桿、竹木、PP\r\n尺寸：11.7x19x6.5cm\r\n工藝：上蓋絲印\r\n包裝：OPP袋',	NULL,	5,	800.00,	'{\"h\": 327, \"w\": 636, \"x\": 288, \"y\": 468, \"angle\": -0.475}',	'{\"p0\": {\"x\": 288, \"y\": 468}, \"p1\": {\"x\": 923.98, \"y\": 462.73}, \"p2\": {\"x\": 926.69, \"y\": 789.72}, \"p3\": {\"x\": 290.71, \"y\": 794.99}}',	15),
(102,	'P20250033',	'矽膠保鮮便當盒',	'柔軟的時光。',	200.00,	NULL,	NULL,	0,	1,	'2025-05-08 15:03:06',	'2025-05-08 15:10:05',	NULL,	NULL,	500,	10000,	'材質：食用級矽膠\r\n尺寸：13x18x6cm\r\n重量：430g\r\n工藝：雷射雕刻\r\n包裝：OPP袋',	NULL,	5,	800.00,	'{\"h\": 294, \"w\": 441, \"x\": 383, \"y\": 484, \"angle\": 0}',	'{\"p0\": {\"x\": 383, \"y\": 484}, \"p1\": {\"x\": 824, \"y\": 484}, \"p2\": {\"x\": 824, \"y\": 778}, \"p3\": {\"x\": 383, \"y\": 778}}',	20),
(103,	'P20250034',	'藝術玻璃花瓶',	'光影遊戲。',	225.00,	NULL,	NULL,	0,	1,	'2025-05-08 15:17:04',	'2025-05-08 15:23:41',	NULL,	NULL,	100,	10000,	'材質：玻璃\r\n尺寸：直徑8x17cm\r\n重量：196g\r\n工藝：單色印刷\r\n包裝：紙盒',	NULL,	7,	3000.00,	'{\"h\": 627, \"w\": 293, \"x\": 447, \"y\": 330, \"angle\": 0}',	'{\"p0\": {\"x\": 447, \"y\": 330}, \"p1\": {\"x\": 740, \"y\": 330}, \"p2\": {\"x\": 740, \"y\": 957}, \"p3\": {\"x\": 447, \"y\": 957}}',	10),
(104,	'P20250035',	'藝術玻璃花瓶',	'光影遊戲。',	225.00,	NULL,	NULL,	0,	1,	'2025-05-08 15:28:35',	'2025-05-08 15:28:35',	NULL,	NULL,	100,	10000,	'材質：玻璃\r\n尺寸：直徑8x15cm\r\n重量：165g\r\n工藝：單色印刷\r\n包裝：紙盒',	NULL,	7,	3000.00,	'{\"h\": 591, \"w\": 302, \"x\": 460, \"y\": 353, \"angle\": 0}',	'{\"p0\": {\"x\": 460, \"y\": 353}, \"p1\": {\"x\": 762, \"y\": 353}, \"p2\": {\"x\": 762, \"y\": 944}, \"p3\": {\"x\": 460, \"y\": 944}}',	10),
(105,	'P20250036',	'壓克力繽紛杯墊',	'色彩繽紛的午茶時光。',	30.00,	NULL,	NULL,	0,	1,	'2025-05-08 15:48:34',	'2025-05-08 15:48:34',	NULL,	NULL,	1000,	20000,	'材質：壓克力\r\n尺寸：直徑9.8cm\r\n重量：10g\r\n工藝：單色印刷\r\n包裝：OPP袋',	NULL,	5,	800.00,	'{\"h\": 605, \"w\": 606, \"x\": 166, \"y\": 196, \"angle\": -45}',	'{\"p0\": {\"x\": 166, \"y\": 196}, \"p1\": {\"x\": 594.51, \"y\": -232.51}, \"p2\": {\"x\": 1022.31, \"y\": 195.29}, \"p3\": {\"x\": 593.8, \"y\": 623.8}}',	15),
(106,	'P20250037',	'黑胡桃禪風卵石杯墊',	'意境十足。',	270.00,	NULL,	NULL,	0,	1,	'2025-05-08 15:59:52',	'2025-05-08 15:59:52',	NULL,	NULL,	100,	5000,	'材質：黑胡桃木\r\n尺寸：長約11cm\r\n重量：50g\r\n工藝：雷射雕刻\r\n包裝：紙盒',	NULL,	55,	500.00,	'{\"h\": 365, \"w\": 632, \"x\": 285, \"y\": 459, \"angle\": 0}',	'{\"p0\": {\"x\": 285, \"y\": 459}, \"p1\": {\"x\": 917, \"y\": 459}, \"p2\": {\"x\": 917, \"y\": 824}, \"p3\": {\"x\": 285, \"y\": 824}}',	10),
(107,	'P20250038',	'黑胡桃置物盤',	'置入可以成為一道風景的物品，挺好。',	610.00,	NULL,	NULL,	0,	1,	'2025-05-08 16:25:43',	'2025-05-08 16:25:43',	NULL,	NULL,	100,	5000,	'材質：黑胡桃木\r\n尺寸：16x10cm\r\n重量：50g\r\n工藝：雷射雕刻\r\n包裝：紙盒',	NULL,	5,	1505.00,	'{\"h\": 330, \"w\": 641, \"x\": 285, \"y\": 484, \"angle\": 0}',	'{\"p0\": {\"x\": 285, \"y\": 484}, \"p1\": {\"x\": 926, \"y\": 484}, \"p2\": {\"x\": 926, \"y\": 814}, \"p3\": {\"x\": 285, \"y\": 814}}',	10),
(108,	'P20250039',	'莫蘭迪硅膠餐墊',	'莫蘭迪的溫柔餐桌。',	50.00,	NULL,	NULL,	0,	1,	'2025-05-08 17:50:08',	'2025-05-08 17:50:08',	NULL,	NULL,	1000,	20000,	'材質：硅膠\r\n尺寸：直徑16cm\r\n重量：81g\r\n工藝：單色印刷\r\n包裝：OPP袋',	NULL,	10,	3000.00,	'{\"h\": 267, \"w\": 268, \"x\": 475, \"y\": 515, \"angle\": 0}',	'{\"p0\": {\"x\": 475, \"y\": 515}, \"p1\": {\"x\": 743, \"y\": 515}, \"p2\": {\"x\": 743, \"y\": 782}, \"p3\": {\"x\": 475, \"y\": 782}}',	20),
(109,	'P20250040',	'磁吸拼圖餐墊',	'趣味與實用加乘。',	140.00,	NULL,	NULL,	0,	1,	'2025-05-08 18:07:45',	'2025-05-08 18:07:45',	NULL,	NULL,	1000,	20000,	'材質：硅膠、磁鐵\r\n尺寸：19x19cm\r\n重量：170g\r\n工藝：單面印刷\r\n包裝：OPP袋',	NULL,	10,	3000.00,	'{\"h\": 423, \"w\": 425, \"x\": 402, \"y\": 447, \"angle\": 0}',	'{\"p0\": {\"x\": 402, \"y\": 447}, \"p1\": {\"x\": 827, \"y\": 447}, \"p2\": {\"x\": 827, \"y\": 870}, \"p3\": {\"x\": 402, \"y\": 870}}',	20),
(110,	'P20250041',	'環保洗碗布',	'洗碗也可以很有主題。\r\n',	40.00,	NULL,	NULL,	0,	1,	'2025-05-08 18:38:08',	'2025-05-08 18:40:14',	NULL,	NULL,	1000,	20000,	'材質：不織布\r\n尺寸：19x19cm\r\n重量：10g\r\n工藝：全彩印刷\r\n包裝：OPP袋',	NULL,	5,	1500.00,	'{\"h\": 650, \"w\": 568, \"x\": 320, \"y\": 322, \"angle\": 0}',	'{\"p0\": {\"x\": 320, \"y\": 322}, \"p1\": {\"x\": 888, \"y\": 322}, \"p2\": {\"x\": 888, \"y\": 972}, \"p3\": {\"x\": 320, \"y\": 972}}',	20),
(111,	'P20250042',	'筷子',	'幸福進食。',	40.00,	NULL,	NULL,	0,	1,	'2025-05-09 00:50:51',	'2025-05-09 00:55:11',	NULL,	NULL,	500,	10000,	'材質：PET\r\n尺寸：長22cm\r\n重量：24.2g\r\n工藝：雷射雕刻\r\n包裝：OPP袋',	NULL,	7,	1500.00,	'{\"h\": 176, \"w\": 14, \"x\": 571, \"y\": 153, \"angle\": 0}',	'{\"p0\": {\"x\": 571, \"y\": 153}, \"p1\": {\"x\": 585, \"y\": 153}, \"p2\": {\"x\": 585, \"y\": 329}, \"p3\": {\"x\": 571, \"y\": 329}}',	15),
(112,	'P20250043',	'便條紙',	'文藝青年。',	14.00,	NULL,	NULL,	0,	1,	'2025-05-09 01:13:36',	'2025-05-09 01:13:36',	NULL,	NULL,	500,	10000,	'材質：紙50張\r\n尺寸：7.5x7.5cm\r\n重量：36g\r\n工藝：單色印刷\r\n包裝：OPP袋',	NULL,	7,	1519.00,	'{\"h\": 439, \"w\": 439, \"x\": 391, \"y\": 426, \"angle\": 0}',	'{\"p0\": {\"x\": 391, \"y\": 426}, \"p1\": {\"x\": 830, \"y\": 426}, \"p2\": {\"x\": 830, \"y\": 865}, \"p3\": {\"x\": 391, \"y\": 865}}',	15),
(113,	'P20250044',	'皮革文件夾',	'皮革文件夾，不同凡響。',	90.00,	NULL,	NULL,	0,	1,	'2025-05-09 01:26:20',	'2025-05-09 01:26:20',	NULL,	NULL,	500,	10000,	'材質：PU\r\n尺寸：19.5x27.5cm\r\n重量：500g\r\n工藝：壓印\r\n包裝：OPP袋',	NULL,	7,	1500.00,	'{\"h\": 338, \"w\": 832, \"x\": 199, \"y\": 603, \"angle\": 0}',	'{\"p0\": {\"x\": 199, \"y\": 603}, \"p1\": {\"x\": 1031, \"y\": 603}, \"p2\": {\"x\": 1031, \"y\": 941}, \"p3\": {\"x\": 199, \"y\": 941}}',	15),
(114,	'P20250045',	'環保中性筆',	'環保意識。',	45.00,	NULL,	NULL,	0,	1,	'2025-05-09 01:38:41',	'2025-05-09 01:38:41',	NULL,	NULL,	500,	10000,	'材質：小麥節桿\r\n尺寸：直徑1x14cm\r\n重量：10g\r\n工藝：單色印刷\r\n包裝：OPP袋',	NULL,	7,	1473.00,	'{\"h\": 596, \"w\": 38, \"x\": 582, \"y\": 370, \"angle\": 0}',	'{\"p0\": {\"x\": 582, \"y\": 370}, \"p1\": {\"x\": 620, \"y\": 370}, \"p2\": {\"x\": 620, \"y\": 966}, \"p3\": {\"x\": 582, \"y\": 966}}',	15),
(115,	'P20250046',	'堆堆中性筆',	'扁筆，可堆疊。',	45.00,	NULL,	NULL,	0,	1,	'2025-05-09 02:01:38',	'2025-05-09 02:13:30',	NULL,	NULL,	500,	10000,	'材質：ABS\r\n尺寸：13.8x0.9x1.2cm\r\n重量：8g\r\n工藝：單色印刷\r\n包裝：OPP袋',	NULL,	7,	1500.00,	'{\"h\": 641, \"w\": 39, \"x\": 589, \"y\": 344, \"angle\": 0}',	'{\"p0\": {\"x\": 589, \"y\": 344}, \"p1\": {\"x\": 628, \"y\": 344}, \"p2\": {\"x\": 628, \"y\": 985}, \"p3\": {\"x\": 589, \"y\": 985}}',	15),
(116,	'P20250047',	'測試',	'保險桿',	100.00,	NULL,	NULL,	0,	1,	'2025-05-12 18:34:57',	'2025-05-12 19:04:37',	NULL,	NULL,	1,	10,	'黑\r\n1l3vu03ee3',	NULL,	10,	1000.00,	'{\"h\": 666, \"w\": 999, \"x\": 0, \"y\": 0, \"angle\": 0}',	'{\"p0\": {\"x\": 0, \"y\": 0}, \"p1\": {\"x\": 999, \"y\": 0}, \"p2\": {\"x\": 999, \"y\": 666}, \"p3\": {\"x\": 0, \"y\": 666}}',	1000),
(117,	'P20250048',	'原字筆',	'適合每個人。',	50.00,	NULL,	NULL,	0,	1,	'2025-05-12 18:37:13',	'2025-05-12 18:37:13',	NULL,	NULL,	500,	10000,	'材質：ABS\r\n尺寸：直徑0.9x14.5cm\r\n重量：10g\r\n工藝：印刷\r\n包裝：OPP袋',	NULL,	71,	1500.00,	'{\"h\": 659, \"w\": 31, \"x\": 588, \"y\": 334, \"angle\": -0.525}',	'{\"p0\": {\"x\": 588, \"y\": 334}, \"p1\": {\"x\": 619, \"y\": 333.72}, \"p2\": {\"x\": 625.04, \"y\": 992.69}, \"p3\": {\"x\": 594.04, \"y\": 992.97}}',	15);

DROP TABLE IF EXISTS `quantity_discounts`;
CREATE TABLE `quantity_discounts` (
  `id` int NOT NULL AUTO_INCREMENT,
  `product_id` int DEFAULT NULL COMMENT '商品ID',
  `min_quantity` int NOT NULL COMMENT '最小購買數量',
  `max_quantity` int DEFAULT NULL COMMENT '最大購買數量，NULL表示無上限',
  `discount_percentage` decimal(5,2) NOT NULL COMMENT '折扣百分比，例如 10.00 表示 10%',
  `lead_time_days` int NOT NULL DEFAULT '0' COMMENT '交期天數',
  `created_at` datetime NOT NULL DEFAULT CURRENT_TIMESTAMP COMMENT '建立時間',
  `updated_at` datetime DEFAULT CURRENT_TIMESTAMP ON UPDATE CURRENT_TIMESTAMP COMMENT '修改時間',
  `discount_price` decimal(10,2) NOT NULL DEFAULT '0.00' COMMENT '折扣價',
  PRIMARY KEY (`id`),
  KEY `quantity_discounts_product_id` (`product_id`),
  CONSTRAINT `quantity_discounts_ibfk_1` FOREIGN KEY (`product_id`) REFERENCES `products` (`id`) ON DELETE CASCADE
) ENGINE=InnoDB DEFAULT CHARSET=utf8mb4 COLLATE=utf8mb4_unicode_ci COMMENT='數量折扣規則，包含折扣與交期';

INSERT INTO `quantity_discounts` (`id`, `product_id`, `min_quantity`, `max_quantity`, `discount_percentage`, `lead_time_days`, `created_at`, `updated_at`, `discount_price`) VALUES
(740,	90,	301,	500,	10.00,	0,	'2025-05-06 16:31:20',	'2025-05-06 16:31:20',	225.00),
(741,	90,	501,	1000,	20.00,	0,	'2025-05-06 16:31:20',	'2025-05-06 16:31:20',	200.00),
(742,	90,	101,	2000,	28.00,	0,	'2025-05-06 16:31:20',	'2025-05-06 16:31:20',	180.00),
(743,	90,	2001,	3000,	40.00,	0,	'2025-05-06 16:31:20',	'2025-05-06 16:31:20',	150.00),
(759,	72,	200,	1000,	0.00,	30,	'2025-05-07 11:26:37',	'2025-05-07 11:26:37',	160.00),
(760,	72,	1001,	5000,	3.00,	45,	'2025-05-07 11:26:37',	'2025-05-07 11:26:37',	155.00),
(761,	72,	5001,	10000,	6.00,	50,	'2025-05-07 11:26:37',	'2025-05-07 11:26:37',	150.00),
(774,	86,	500,	1000,	0.00,	20,	'2025-05-07 12:50:46',	'2025-05-07 12:50:46',	230.00),
(775,	86,	1001,	5000,	2.00,	35,	'2025-05-07 12:50:46',	'2025-05-07 12:50:46',	225.00),
(776,	86,	5001,	10000,	4.00,	40,	'2025-05-07 12:50:46',	'2025-05-07 12:50:46',	220.00),
(777,	85,	500,	1000,	0.00,	20,	'2025-05-07 14:22:58',	'2025-05-07 14:22:58',	220.00),
(778,	85,	1001,	5000,	2.27,	35,	'2025-05-07 14:22:58',	'2025-05-07 14:22:58',	215.00),
(779,	85,	5001,	10000,	4.55,	40,	'2025-05-07 14:22:58',	'2025-05-07 14:22:58',	210.00),
(789,	71,	100,	500,	0.00,	30,	'2025-05-07 15:02:16',	'2025-05-07 15:02:16',	300.00),
(802,	94,	500,	1000,	0.00,	30,	'2025-05-07 17:39:03',	'2025-05-07 17:39:03',	400.00),
(803,	94,	1001,	5000,	1.00,	40,	'2025-05-07 17:39:03',	'2025-05-07 17:39:03',	395.00),
(804,	94,	5001,	10000,	2.00,	50,	'2025-05-07 17:39:03',	'2025-05-07 17:39:03',	390.00),
(805,	83,	500,	1000,	0.00,	20,	'2025-05-07 17:56:32',	'2025-05-07 17:56:32',	95.00),
(806,	83,	1001,	5000,	5.26,	30,	'2025-05-07 17:56:32',	'2025-05-07 17:56:32',	90.00),
(807,	83,	5001,	10000,	10.53,	40,	'2025-05-07 17:56:32',	'2025-05-07 17:56:32',	85.00),
(808,	77,	500,	1000,	0.00,	30,	'2025-05-07 18:05:10',	'2025-05-07 18:05:10',	160.00),
(809,	77,	1001,	5000,	3.13,	30,	'2025-05-07 18:05:10',	'2025-05-07 18:05:10',	155.00),
(810,	77,	5001,	10000,	6.25,	40,	'2025-05-07 18:05:10',	'2025-05-07 18:05:10',	150.00),
(811,	95,	500,	3000,	0.00,	30,	'2025-05-07 18:23:08',	'2025-05-07 18:23:08',	300.00),
(812,	95,	3001,	19999,	1.67,	30,	'2025-05-07 18:23:08',	'2025-05-07 18:23:08',	295.00),
(813,	95,	20000,	30000,	3.33,	40,	'2025-05-07 18:23:08',	'2025-05-07 18:23:08',	290.00),
(814,	73,	500,	1000,	0.00,	20,	'2025-05-07 18:39:51',	'2025-05-07 18:39:51',	250.00),
(815,	73,	1001,	5000,	0.80,	30,	'2025-05-07 18:39:51',	'2025-05-07 18:39:51',	248.00),
(816,	73,	5001,	10000,	2.00,	40,	'2025-05-07 18:39:51',	'2025-05-07 18:39:51',	245.00),
(817,	96,	100,	500,	0.00,	20,	'2025-05-07 19:18:17',	'2025-05-07 19:18:17',	1301.00),
(818,	96,	501,	1000,	3.85,	30,	'2025-05-07 19:18:17',	'2025-05-07 19:18:17',	125.00),
(819,	96,	1001,	5000,	7.69,	40,	'2025-05-07 19:18:17',	'2025-05-07 19:18:17',	120.00),
(820,	82,	500,	1000,	0.00,	30,	'2025-05-07 22:38:10',	'2025-05-07 22:38:10',	170.00),
(821,	82,	1001,	5000,	2.94,	40,	'2025-05-07 22:38:10',	'2025-05-07 22:38:10',	165.00),
(822,	82,	5001,	10000,	5.88,	50,	'2025-05-07 22:38:10',	'2025-05-07 22:38:10',	160.00),
(823,	84,	500,	1000,	0.00,	30,	'2025-05-07 22:49:05',	'2025-05-07 22:49:05',	160.00),
(824,	84,	1001,	5000,	3.13,	40,	'2025-05-07 22:49:05',	'2025-05-07 22:49:05',	155.00),
(825,	84,	5001,	10000,	6.25,	50,	'2025-05-07 22:49:05',	'2025-05-07 22:49:05',	150.00),
(826,	81,	1000,	5000,	0.00,	30,	'2025-05-07 22:55:47',	'2025-05-07 22:55:47',	135.00),
(827,	81,	5001,	9999,	3.70,	40,	'2025-05-07 22:55:47',	'2025-05-07 22:55:47',	130.00),
(828,	81,	10000,	20000,	7.41,	50,	'2025-05-07 22:55:47',	'2025-05-07 22:55:47',	125.00),
(832,	78,	200,	1000,	0.00,	30,	'2025-05-07 23:12:55',	'2025-05-07 23:12:55',	25.00),
(833,	78,	1001,	9999,	20.00,	40,	'2025-05-07 23:12:55',	'2025-05-07 23:12:55',	20.00),
(834,	78,	10000,	20000,	40.00,	50,	'2025-05-07 23:12:55',	'2025-05-07 23:12:55',	15.00),
(835,	79,	200,	1000,	0.00,	15,	'2025-05-07 23:22:27',	'2025-05-07 23:22:27',	25.00),
(836,	79,	1001,	5000,	20.00,	20,	'2025-05-07 23:22:27',	'2025-05-07 23:22:27',	20.00),
(837,	79,	5001,	10000,	40.00,	30,	'2025-05-07 23:22:27',	'2025-05-07 23:22:27',	15.00),
(841,	76,	200,	500,	0.00,	20,	'2025-05-07 23:28:38',	'2025-05-07 23:28:38',	50.00),
(842,	76,	501,	900,	10.00,	30,	'2025-05-07 23:28:38',	'2025-05-07 23:28:38',	45.00),
(843,	76,	901,	2000,	20.00,	40,	'2025-05-07 23:28:38',	'2025-05-07 23:28:38',	40.00),
(844,	80,	500,	1000,	0.00,	30,	'2025-05-07 23:29:14',	'2025-05-07 23:29:14',	40.00),
(845,	80,	1001,	5000,	12.50,	40,	'2025-05-07 23:29:14',	'2025-05-07 23:29:14',	35.00),
(846,	80,	5001,	10000,	25.00,	50,	'2025-05-07 23:29:14',	'2025-05-07 23:29:14',	30.00),
(847,	69,	300,	1000,	0.00,	30,	'2025-05-07 23:35:48',	'2025-05-07 23:35:48',	200.00),
(848,	69,	1001,	5000,	10.00,	30,	'2025-05-07 23:35:48',	'2025-05-07 23:35:48',	180.00),
(849,	69,	5001,	10000,	20.00,	40,	'2025-05-07 23:35:48',	'2025-05-07 23:35:48',	160.00),
(850,	75,	500,	1000,	0.00,	25,	'2025-05-07 23:40:44',	'2025-05-07 23:40:44',	180.00),
(851,	75,	1001,	5000,	5.56,	30,	'2025-05-07 23:40:44',	'2025-05-07 23:40:44',	170.00),
(852,	75,	5001,	10000,	16.67,	40,	'2025-05-07 23:40:44',	'2025-05-07 23:40:44',	150.00),
(853,	87,	500,	1000,	0.00,	20,	'2025-05-08 00:39:07',	'2025-05-08 00:39:07',	25.00),
(854,	87,	1001,	5000,	4.00,	30,	'2025-05-08 00:39:07',	'2025-05-08 00:39:07',	24.00),
(855,	87,	5001,	10000,	12.00,	40,	'2025-05-08 00:39:07',	'2025-05-08 00:39:07',	22.00),
(856,	88,	500,	1000,	0.00,	20,	'2025-05-08 00:44:38',	'2025-05-08 00:44:38',	25.00),
(857,	88,	1001,	5000,	4.00,	30,	'2025-05-08 00:44:38',	'2025-05-08 00:44:38',	24.00),
(858,	88,	5001,	10000,	12.00,	40,	'2025-05-08 00:44:38',	'2025-05-08 00:44:38',	22.00),
(862,	74,	500,	1000,	0.00,	20,	'2025-05-08 00:55:18',	'2025-05-08 00:55:18',	400.00),
(863,	74,	1001,	5000,	1.25,	30,	'2025-05-08 00:55:18',	'2025-05-08 00:55:18',	395.00),
(864,	74,	5001,	10000,	2.50,	45,	'2025-05-08 00:55:18',	'2025-05-08 00:55:18',	390.00),
(865,	68,	500,	1000,	0.00,	20,	'2025-05-08 00:55:37',	'2025-05-08 00:55:37',	20.00),
(866,	68,	1001,	5000,	10.00,	30,	'2025-05-08 00:55:37',	'2025-05-08 00:55:37',	18.00),
(867,	68,	5001,	10000,	20.00,	40,	'2025-05-08 00:55:37',	'2025-05-08 00:55:37',	16.00),
(868,	97,	100,	300,	0.00,	15,	'2025-05-08 01:42:19',	'2025-05-08 01:42:19',	270.00),
(869,	97,	301,	1000,	11.11,	203,	'2025-05-08 01:42:19',	'2025-05-08 01:42:19',	240.00),
(870,	97,	1001,	2000,	16.67,	30,	'2025-05-08 01:42:19',	'2025-05-08 01:42:19',	225.00),
(871,	98,	500,	1000,	0.00,	10,	'2025-05-08 02:05:27',	'2025-05-08 02:05:27',	2302.00),
(872,	98,	1001,	10000,	13.04,	20,	'2025-05-08 02:05:27',	'2025-05-08 02:05:27',	200.00),
(873,	98,	10001,	20000,	17.39,	35,	'2025-05-08 02:05:27',	'2025-05-08 02:05:27',	190.00),
(874,	99,	500,	1000,	0.00,	10,	'2025-05-08 02:18:51',	'2025-05-08 02:18:51',	25.00),
(875,	99,	1001,	5000,	20.00,	20,	'2025-05-08 02:18:51',	'2025-05-08 02:18:51',	20.00),
(876,	99,	5001,	10000,	40.00,	35,	'2025-05-08 02:18:51',	'2025-05-08 02:18:51',	15.00),
(880,	101,	500,	1000,	0.00,	10,	'2025-05-08 14:56:23',	'2025-05-08 14:56:23',	95.00),
(881,	101,	1001,	5000,	5.26,	203,	'2025-05-08 14:56:23',	'2025-05-08 14:56:23',	90.00),
(882,	101,	5001,	10000,	7.37,	30,	'2025-05-08 14:56:23',	'2025-05-08 14:56:23',	88.00),
(883,	100,	500,	1000,	0.00,	10,	'2025-05-08 14:56:52',	'2025-05-08 14:56:52',	510.00),
(884,	100,	1001,	5000,	3.92,	203,	'2025-05-08 14:56:52',	'2025-05-08 14:56:52',	490.00),
(885,	100,	5001,	10000,	9.80,	30,	'2025-05-08 14:56:52',	'2025-05-08 14:56:52',	460.00),
(886,	102,	500,	1000,	0.00,	10,	'2025-05-08 15:10:05',	'2025-05-08 15:10:05',	200.00),
(887,	102,	1001,	5000,	15.00,	20,	'2025-05-08 15:10:05',	'2025-05-08 15:10:05',	170.00),
(888,	102,	5001,	10000,	27.50,	30,	'2025-05-08 15:10:05',	'2025-05-08 15:10:05',	145.00),
(889,	103,	100,	1000,	0.00,	10,	'2025-05-08 15:23:41',	'2025-05-08 15:23:41',	225.00),
(890,	103,	1001,	5000,	2.22,	20,	'2025-05-08 15:23:41',	'2025-05-08 15:23:41',	220.00),
(891,	103,	5001,	10000,	4.44,	30,	'2025-05-08 15:23:41',	'2025-05-08 15:23:41',	215.00),
(892,	104,	100,	1000,	0.00,	10,	'2025-05-08 15:28:35',	'2025-05-08 15:28:35',	225.00),
(893,	104,	1001,	5000,	2.22,	20,	'2025-05-08 15:28:35',	'2025-05-08 15:28:35',	220.00),
(894,	104,	5001,	10000,	4.44,	30,	'2025-05-08 15:28:35',	'2025-05-08 15:28:35',	215.00),
(895,	105,	1000,	5000,	0.00,	7,	'2025-05-08 15:48:34',	'2025-05-08 15:48:34',	30.00),
(896,	105,	5001,	10000,	16.67,	15,	'2025-05-08 15:48:34',	'2025-05-08 15:48:34',	25.00),
(897,	105,	10001,	20000,	33.33,	25,	'2025-05-08 15:48:34',	'2025-05-08 15:48:34',	20.00),
(898,	106,	100,	500,	0.00,	10,	'2025-05-08 15:59:52',	'2025-05-08 15:59:52',	270.00),
(899,	106,	501,	1000,	7.41,	15,	'2025-05-08 15:59:52',	'2025-05-08 15:59:52',	250.00),
(900,	106,	1001,	5000,	14.81,	30,	'2025-05-08 15:59:52',	'2025-05-08 15:59:52',	230.00),
(901,	107,	100,	500,	0.00,	10,	'2025-05-08 16:25:43',	'2025-05-08 16:25:43',	610.00),
(902,	107,	501,	1000,	4.92,	15,	'2025-05-08 16:25:43',	'2025-05-08 16:25:43',	580.00),
(903,	107,	1001,	5000,	14.75,	30,	'2025-05-08 16:25:43',	'2025-05-08 16:25:43',	520.00),
(904,	108,	1000,	5000,	0.00,	7,	'2025-05-08 17:50:08',	'2025-05-08 17:50:08',	50.00),
(905,	108,	5001,	10000,	10.00,	15,	'2025-05-08 17:50:08',	'2025-05-08 17:50:08',	45.00),
(906,	108,	10001,	20000,	20.00,	25,	'2025-05-08 17:50:08',	'2025-05-08 17:50:08',	40.00),
(907,	109,	1000,	5000,	0.00,	7,	'2025-05-08 18:07:45',	'2025-05-08 18:07:45',	140.00),
(908,	109,	5001,	10000,	7.14,	15,	'2025-05-08 18:07:45',	'2025-05-08 18:07:45',	130.00),
(909,	109,	10001,	20000,	17.86,	25,	'2025-05-08 18:07:45',	'2025-05-08 18:07:45',	115.00),
(913,	110,	1000,	4999,	0.00,	15,	'2025-05-08 18:40:14',	'2025-05-08 18:40:14',	40.00),
(914,	110,	5000,	9999,	12.50,	20,	'2025-05-08 18:40:14',	'2025-05-08 18:40:14',	35.00),
(915,	110,	10000,	20000,	25.00,	30,	'2025-05-08 18:40:14',	'2025-05-08 18:40:14',	30.00),
(919,	111,	500,	1000,	0.00,	10,	'2025-05-09 00:55:11',	'2025-05-09 00:55:11',	40.00),
(920,	111,	1001,	5000,	25.00,	20,	'2025-05-09 00:55:11',	'2025-05-09 00:55:11',	30.00),
(921,	111,	5001,	10000,	37.00,	30,	'2025-05-09 00:55:11',	'2025-05-09 00:55:11',	25.00),
(922,	112,	500,	1000,	0.00,	10,	'2025-05-09 01:13:36',	'2025-05-09 01:13:36',	14.00),
(923,	112,	1001,	5000,	14.29,	20,	'2025-05-09 01:13:36',	'2025-05-09 01:13:36',	12.00),
(924,	112,	5001,	10000,	35.71,	30,	'2025-05-09 01:13:36',	'2025-05-09 01:13:36',	9.00),
(925,	113,	500,	1000,	0.00,	10,	'2025-05-09 01:26:20',	'2025-05-09 01:26:20',	90.00),
(926,	113,	1001,	5000,	11.11,	20,	'2025-05-09 01:26:20',	'2025-05-09 01:26:20',	80.00),
(927,	113,	5001,	10000,	16.67,	30,	'2025-05-09 01:26:20',	'2025-05-09 01:26:20',	75.00),
(928,	114,	500,	1000,	0.00,	10,	'2025-05-09 01:38:41',	'2025-05-09 01:38:41',	45.00),
(929,	114,	1001,	5000,	11.11,	20,	'2025-05-09 01:38:41',	'2025-05-09 01:38:41',	40.00),
(930,	114,	5001,	10000,	22.22,	30,	'2025-05-09 01:38:41',	'2025-05-09 01:38:41',	35.00),
(937,	115,	500,	1000,	0.00,	10,	'2025-05-09 02:13:30',	'2025-05-09 02:13:30',	45.00),
(938,	115,	1001,	5000,	11.00,	20,	'2025-05-09 02:13:30',	'2025-05-09 02:13:30',	40.00),
(939,	115,	5001,	10000,	22.00,	30,	'2025-05-09 02:13:30',	'2025-05-09 02:13:30',	35.00),
(946,	70,	500,	1000,	0.00,	12,	'2025-05-12 18:33:00',	'2025-05-12 18:33:00',	160.00),
(947,	70,	1001,	5000,	3.00,	20,	'2025-05-12 18:33:00',	'2025-05-12 18:33:00',	155.00),
(948,	70,	5001,	10000,	6.00,	35,	'2025-05-12 18:33:00',	'2025-05-12 18:33:00',	150.00),
(949,	117,	500,	1000,	0.00,	10,	'2025-05-12 18:37:14',	'2025-05-12 18:37:14',	50.00),
(950,	117,	1001,	5000,	10.00,	20,	'2025-05-12 18:37:14',	'2025-05-12 18:37:14',	45.00),
(951,	117,	5001,	10000,	30.00,	30,	'2025-05-12 18:37:14',	'2025-05-12 18:37:14',	35.00),
(955,	116,	1,	1,	95.00,	10,	'2025-05-12 19:04:37',	'2025-05-12 19:04:37',	5.00);

DROP TABLE IF EXISTS `roles`;
CREATE TABLE `roles` (
  `id` int NOT NULL AUTO_INCREMENT,
  `name` varchar(100) CHARACTER SET utf8mb4 COLLATE utf8mb4_unicode_ci NOT NULL COMMENT '名稱',
  `description` text CHARACTER SET utf8mb4 COLLATE utf8mb4_unicode_ci COMMENT '備註',
  `created_at` datetime NOT NULL DEFAULT CURRENT_TIMESTAMP COMMENT '建立時間',
  `updated_at` datetime DEFAULT CURRENT_TIMESTAMP COMMENT '修改時間',
  PRIMARY KEY (`id`),
  UNIQUE KEY `name` (`name`)
) ENGINE=InnoDB DEFAULT CHARSET=utf8mb4 COLLATE=utf8mb4_unicode_ci COMMENT='角色';


DROP TABLE IF EXISTS `tags`;
CREATE TABLE `tags` (
  `id` int NOT NULL AUTO_INCREMENT,
  `type` enum('article','product','member') CHARACTER SET utf8mb4 COLLATE utf8mb4_unicode_ci NOT NULL COMMENT '標籤分類',
  `name` varchar(100) CHARACTER SET utf8mb4 COLLATE utf8mb4_unicode_ci NOT NULL COMMENT '名稱',
  `created_at` datetime NOT NULL DEFAULT CURRENT_TIMESTAMP COMMENT '建立時間',
  `updated_at` datetime DEFAULT CURRENT_TIMESTAMP ON UPDATE CURRENT_TIMESTAMP COMMENT '修改時間',
  PRIMARY KEY (`id`)
) ENGINE=InnoDB DEFAULT CHARSET=utf8mb4 COLLATE=utf8mb4_unicode_ci COMMENT='標籤';


DROP TABLE IF EXISTS `user_roles`;
CREATE TABLE `user_roles` (
  `id` int NOT NULL AUTO_INCREMENT,
  `user_id` int NOT NULL COMMENT '使用者ID',
  `role_id` int NOT NULL COMMENT '角色ID',
  `created_at` datetime NOT NULL DEFAULT CURRENT_TIMESTAMP COMMENT '建立時間',
  PRIMARY KEY (`id`),
  KEY `user_roles_user_id` (`user_id`),
  KEY `user_roles_role_id` (`role_id`),
  CONSTRAINT `user_roles_ibfk_1` FOREIGN KEY (`user_id`) REFERENCES `users` (`id`) ON DELETE CASCADE,
  CONSTRAINT `user_roles_ibfk_2` FOREIGN KEY (`role_id`) REFERENCES `roles` (`id`) ON DELETE CASCADE
) ENGINE=InnoDB DEFAULT CHARSET=utf8mb4 COLLATE=utf8mb4_unicode_ci COMMENT='帳號角色';


DROP TABLE IF EXISTS `users`;
CREATE TABLE `users` (
  `id` int NOT NULL AUTO_INCREMENT,
  `name` varchar(100) CHARACTER SET utf8mb4 COLLATE utf8mb4_unicode_ci NOT NULL COMMENT '名稱',
  `email` varchar(255) CHARACTER SET utf8mb4 COLLATE utf8mb4_unicode_ci NOT NULL COMMENT '電子郵件',
  `account` varchar(255) CHARACTER SET utf8mb4 COLLATE utf8mb4_unicode_ci NOT NULL COMMENT '帳號',
  `password` varchar(255) CHARACTER SET utf8mb4 COLLATE utf8mb4_unicode_ci NOT NULL COMMENT '密碼',
  `note` text CHARACTER SET utf8mb4 COLLATE utf8mb4_unicode_ci COMMENT '備註',
  `status` tinyint NOT NULL DEFAULT '1' COMMENT '狀態',
  `last_login_at` datetime DEFAULT NULL COMMENT '最後登入時間',
  `created_at` datetime NOT NULL DEFAULT CURRENT_TIMESTAMP COMMENT '建立時間',
  `updated_at` datetime DEFAULT CURRENT_TIMESTAMP COMMENT '修改時間',
  `reset_token` varchar(255) CHARACTER SET utf8mb4 COLLATE utf8mb4_unicode_ci DEFAULT NULL COMMENT 'token(重設密碼用)',
  `token_expires_at` datetime DEFAULT NULL COMMENT 'token有效時間',
  PRIMARY KEY (`id`)
) ENGINE=InnoDB DEFAULT CHARSET=utf8mb4 COLLATE=utf8mb4_unicode_ci COMMENT='使用者';

INSERT INTO `users` (`id`, `name`, `email`, `account`, `password`, `note`, `status`, `last_login_at`, `created_at`, `updated_at`, `reset_token`, `token_expires_at`) VALUES
(1,	'系統管理員',	'admin@example.com',	'admin',	'$2a$10$vnZn/MmT5q2LIFGtv9aoR.Vf4SNvtkac9D5bZimsFhOy2a0ZfZ7O6',	'',	1,	'2025-05-07 13:05:52',	'2024-11-06 05:57:03',	'2025-05-07 13:05:52',	NULL,	NULL),
(3,	'Fable',	'fable.example@gmail.com',	'fable',	'$2a$10$Qaqz6cPXSByEo9eb2yM6lezB9jjtW4nE26fSSKkYqq2jTBdKcRQsS',	NULL,	1,	'2025-05-13 10:23:05',	'2024-11-25 03:57:32',	'2025-05-13 10:23:05',	NULL,	NULL),
(41,	'FRankieLulu',	'tofranklu@hotmail.com',	'tofranklu@hotmail.com',	'$2a$10$zPe0YBWpiynAiegpq7H6henrhoy0pKMZ9UEAtxbioVAa8j/vcjYAi',	NULL,	1,	'2025-05-10 16:01:36',	'2025-04-25 11:41:32',	'2025-05-10 16:01:36',	NULL,	NULL),
(43,	'Jason',	'jasonni@ncitrading.com.tw',	'jason',	'$2a$10$CzX3kZZvo28I6Do.7.YlD.OM8uBxhRm6H5dbwhuKFwNCoGT.LL7SO',	NULL,	1,	'2025-05-13 16:16:29',	'2025-04-29 17:19:51',	'2025-05-13 16:16:29',	NULL,	NULL),
(44,	'FRankielul',	'tofranklu@gmail.com',	'tofranklu@gmail.com',	'$2a$10$JDsuWjRGBKdcWJbiFBE8V.7qvU7UBhYAtro0EUnPHp5AYS80nAo4i',	NULL,	1,	'2025-05-10 16:33:22',	'2025-04-30 09:14:20',	'2025-05-10 16:33:22',	NULL,	NULL),
(45,	'Kiki',	'kiki.chen@fable.com.tw',	'kikichen',	'$2a$10$hHSk4wIxBMx1/W5/s6PcweCtx9O0Vf62nQ9Ic/sBcw7FMRh3Httfa',	'test',	0,	'2025-05-02 14:07:53',	'2025-05-02 11:00:38',	'2025-05-02 14:07:53',	NULL,	NULL),
(46,	'陳Kiki',	'kiki.chen@fable.com.tw',	'kiki.chen@fable.com.tw',	'$2a$10$u12KGbcu6iR.vhFJFLTiTe1X/XzDDe1XObG5LbPNes9Fc8Wh5CQIG',	NULL,	1,	'2025-05-02 13:48:23',	'2025-05-02 11:25:05',	'2025-05-02 13:48:23',	NULL,	NULL),
(47,	'倪嘉昇',	'jasonni@ncitrading.com.tw',	'jasonni@ncitrading.com.tw',	'$2a$10$s4D9G4kRK8pYs9dBeQqPweNQ26Ai8r6NcGqJJE7PZlSBZELmh2lnu',	NULL,	1,	'2025-05-12 16:16:29',	'2025-05-03 16:43:42',	'2025-05-12 16:16:29',	NULL,	NULL),
(48,	'ShihHao-Ting',	'mendax0105@gmail.com',	'mendax0105@gmail.com',	'$2a$10$YabXgprkBi.mWoz2kjoC1.QNF.Ybsk.gJmfn7Igijqn00anA12B/u',	NULL,	1,	NULL,	'2025-05-05 17:49:46',	'2025-05-05 17:49:46',	NULL,	NULL),
(49,	'SungHank',	'hssung55@gmail.com',	'hssung55@gmail.com',	'$2a$10$fp0oH7pZXMx88esplkXYHOsS1kJ9QUIMiSVZS.6xuDa1KOLaGgoqK',	NULL,	1,	NULL,	'2025-05-05 19:02:27',	'2025-05-05 19:02:27',	NULL,	NULL),
(50,	'王婷媗',	'asta0428@gmail.com',	'asta0428@gmail.com',	'$2a$10$N7TIzD3pohSuAOMdEFNaNudWERU8GBP32g9ausan9Z9knZuuCOTs6',	NULL,	1,	NULL,	'2025-05-05 19:11:14',	'2025-05-05 19:11:14',	NULL,	NULL),
(51,	'陳奕安',	'Ychen049@gmail.com',	'Ychen049@gmail.com',	'$2a$10$t1ClkanjlQJHeCLsih/kyeBP.2wBA.t93fqCHbTL0SV6R7FeK4NeK',	NULL,	1,	NULL,	'2025-05-05 19:12:14',	'2025-05-05 19:12:14',	NULL,	NULL),
(52,	'葉乃瑩',	'Yehnaiying@gmail.com',	'Yehnaiying@gmail.com',	'$2a$10$Dwc9vboxhuhEH35gK2ZSy.cXw18d.x30zPuRti6B4UsLQjEDAdudi',	NULL,	1,	'2025-05-05 19:18:44',	'2025-05-05 19:17:19',	'2025-05-05 19:18:44',	NULL,	NULL),
(53,	'AllenChen',	'allen511twii@gmail.com',	'allen511twii@gmail.com',	'$2a$10$5BnzzXWUJ/QPcZyH088/.OlTK0yrY2cgZ2TTxGW.a0mkr8S.qk2ny',	NULL,	1,	NULL,	'2025-05-05 19:29:12',	'2025-05-05 19:29:12',	NULL,	NULL),
(54,	'孫業華',	'nady981021@gmail.com',	'nady981021@gmail.com',	'$2a$10$lkQRxPaspI54wngrfrfxmegD5Alzl4CABQo3Qx/FaxU9kFiZ05rvm',	NULL,	1,	NULL,	'2025-05-05 19:51:21',	'2025-05-05 19:51:21',	NULL,	NULL),
(55,	'HwangKen',	'Whataxiao@gmail.com',	'Whataxiao@gmail.com',	'$2a$10$ZQ1oqCPdsxE0/vbYREGyZ.4cG6Qn9LWNpPY.w004epkXE1mnI/ZQK',	NULL,	1,	NULL,	'2025-05-05 20:33:44',	'2025-05-05 20:33:44',	NULL,	NULL),
(56,	'張秉盛',	'justin.chang1223@gmail.com',	'justin.chang1223@gmail.com',	'$2a$10$wRc/XmoD5AKUGYBEo1qMNeDFCtO5dOIacNWN5raTYP6mzCHOnukym',	NULL,	1,	NULL,	'2025-05-05 20:38:19',	'2025-05-05 20:38:19',	NULL,	NULL),
(57,	'LeeKyle ',	'ps4use20@gmail.com',	'ps4use20@gmail.com',	'$2a$10$1UdFKMK1oT/oFbJ3Bi/ufOelxr8Kg2hW.8b3E7.BqmuAl16K2.t.O',	NULL,	1,	NULL,	'2025-05-05 20:40:50',	'2025-05-05 20:40:50',	NULL,	NULL),
(58,	'LinDawn',	'dawnlin826.77@gmail.com',	'dawnlin826.77@gmail.com',	'$2a$10$r1hmdjufxAGYDfN3u3af3.z5N3qbDPnwDeoW5g/DN3xtTnDFqRdwa',	NULL,	1,	'2025-05-05 20:58:20',	'2025-05-05 20:57:41',	'2025-05-05 20:58:20',	NULL,	NULL),
(59,	'潘泙淳',	'peterpanufo2000@hotmail.com',	'peterpanufo2000@hotmail.com',	'$2a$10$AS2W87RUMiYerqrTcBpyEOlkVWpxsFmizfJk2fYYiorEayLbOroXq',	NULL,	1,	NULL,	'2025-05-05 21:03:18',	'2025-05-05 21:03:18',	NULL,	NULL),
(60,	'HsuHazer',	'hazerburn@gmail.com',	'hazerburn@gmail.com',	'$2a$10$9rMB6BxIxIzf1reL8OFDJureAMQIFNmnHqS7bsONtsLsE.rNnF4fS',	NULL,	1,	NULL,	'2025-05-05 21:04:47',	'2025-05-05 21:04:47',	NULL,	NULL),
(61,	'賴光偉',	'lailai487@gmail.com',	'lailai487@gmail.com',	'$2a$10$PusfmSQ4JNGUw57IrAdrPu8Vu1eHpdQyKyJZlgK14YEa3zhnbd/Rq',	NULL,	1,	NULL,	'2025-05-05 21:17:59',	'2025-05-05 21:17:59',	NULL,	NULL),
(62,	'戴家欣',	'Taiaaron88@gmail.com',	'Taiaaron88@gmail.com',	'$2a$10$CN/xOPL/XdZGpbeKzUE/eeDUwPcQLc30ZHTPY6biZMMxuGHzS6FlG',	NULL,	1,	NULL,	'2025-05-05 21:30:49',	'2025-05-05 21:30:49',	NULL,	NULL),
(63,	'史逸中',	'ichungshih@gmail.com',	'ichungshih@gmail.com',	'$2a$10$eOnIEVq.9y/.kjRNysGJZutNY1VVyC61otMsUsDrscf7dEwdgmBQO',	NULL,	1,	NULL,	'2025-05-05 21:33:50',	'2025-05-05 21:33:50',	NULL,	NULL),
(64,	'鄔是選',	'wingdesign1122@gmail.com',	'wingdesign1122@gmail.com',	'$2a$10$qp7bwxeK8rUpuSaQlQtKU.hQ9dpUS05YIn5l43kPaCQxskiXkWuTG',	NULL,	1,	'2025-05-05 21:46:34',	'2025-05-05 21:46:16',	'2025-05-05 21:46:34',	NULL,	NULL),
(65,	'李昱',	'S12380095@gmail.com',	'S12380095@gmail.com',	'$2a$10$479UDDZivzdlM05bWAsS8eG4Gb08TaKte1cWmKJ/ZbRPypDx5xzSW',	NULL,	1,	NULL,	'2025-05-05 22:16:17',	'2025-05-05 22:16:17',	NULL,	NULL),
(66,	'李昱',	'S12380095@gmail.com',	'S12380095@gmail.com',	'$2a$10$rfrYD.o5gkvqiFhAZoiwXeVToji.Eg8PVGwuH.jOONbrOoPJ.dw4G',	NULL,	1,	NULL,	'2025-05-05 22:16:18',	'2025-05-05 22:16:18',	NULL,	NULL),
(67,	'邱俐瑜',	'ivylychiu@mmtw.tw',	'ivylychiu@mmtw.tw',	'$2a$10$01BlGK5cxu02j7Jq4DdKj.QT4yeOM/XEX1Q2RIhidauLh.CUQ9Kum',	NULL,	1,	NULL,	'2025-05-05 22:16:31',	'2025-05-05 22:16:31',	NULL,	NULL),
(68,	'梁偉恩',	'ken82414@hotmail.com',	'ken82414@hotmail.com',	'$2a$10$c5ehOcVmU4uv.DA0ueBnOerDALYlDwHS3brtif.h8eOD0B1xyGQBu',	NULL,	1,	'2025-05-05 22:24:58',	'2025-05-05 22:24:44',	'2025-05-05 22:24:58',	NULL,	NULL),
(69,	'陳頤慧',	'nanachen3233@gmail.com',	'nanachen3233@gmail.com',	'$2a$10$qrmrlCfMtjHEkiReIMP5K.qubaZBGsxx0Rq1tTkY6P6sh0SiAtLl6',	NULL,	1,	NULL,	'2025-05-05 22:33:27',	'2025-05-05 22:33:27',	NULL,	NULL),
(70,	'王俊心',	'wang770701@gmail.com',	'wang770701@gmail.com',	'$2a$10$eSskwtCHhqhVrjO8VAas5OehpcmPxl.dbBct9svPzmMoqR4RQM4ji',	NULL,	1,	'2025-05-05 22:39:47',	'2025-05-05 22:39:26',	'2025-05-05 22:39:47',	NULL,	NULL),
(71,	'劉杰鳴',	'liu.c0424@yahoo.com.tw',	'liu.c0424@yahoo.com.tw',	'$2a$10$96rDPWNYjY31N0s1Ap6OP.ylec01YAdOGaYmmskU3cVKMgeZHs89G',	NULL,	1,	NULL,	'2025-05-05 23:06:54',	'2025-05-05 23:06:54',	NULL,	NULL),
(72,	'楊博晴',	'pohalu@gmail.com',	'pohalu@gmail.com',	'$2a$10$.HEA0FrjpMqPBaxTYcGjWuKejQ.yUSFnKcAoYGlTinpggxo4z.dUy',	NULL,	1,	'2025-05-05 23:40:19',	'2025-05-05 23:39:49',	'2025-05-05 23:40:19',	NULL,	NULL),
(73,	'吳語婕',	'Janice122936@gmail.com',	'Janice122936@gmail.com',	'$2a$10$9Rbgdhd3PHmN33FbNd3XIuqdgXGgPfXe.IjFr2w.KGB6IZjpW3LLC',	NULL,	1,	NULL,	'2025-05-06 00:15:34',	'2025-05-06 00:15:34',	NULL,	NULL),
(74,	'Yang Charlie',	'Bitftw5@gmail.com',	'Bitftw5@gmail.com',	'$2a$10$GZuDQOJip.8rVkqmzdy0jentSqUKTL.utA3ZZMU5munZUV3h4/rom',	NULL,	1,	NULL,	'2025-05-06 00:46:16',	'2025-05-06 00:46:16',	NULL,	NULL),
(75,	'carinaPing',	'Carinapingping@gmail.com',	'Carinapingping@gmail.com',	'$2a$10$OQMglfs.QA1wWA.ZCaG4CO/p03QyJ2TesxK6C1JT9zE7V.7s7J95W',	NULL,	1,	NULL,	'2025-05-06 02:39:14',	'2025-05-06 02:39:14',	NULL,	NULL),
(76,	'曹炘彤',	'Roihappyfly44@gmail.com',	'Roihappyfly44@gmail.com',	'$2a$10$LBYg81zgzYu7j8zlej8kTe4GWlQYEhxSHkCWS08vR.MPFmfYL7U4K',	NULL,	1,	NULL,	'2025-05-06 03:54:10',	'2025-05-06 03:54:10',	NULL,	NULL),
(77,	'張景紳',	'Cs.Chang@aisuntech.org',	'Cs.Chang@aisuntech.org',	'$2a$10$m.GuMZkDll8MUkmkwi3nQO2BZxk35N.Hv0z42fIkclSl1U7I5OugO',	NULL,	1,	NULL,	'2025-05-06 11:05:29',	'2025-05-06 11:05:29',	NULL,	NULL),
(78,	'潘泙淳',	'peter.pan@twoway.com.tw',	'peter.pan@twoway.com.tw',	'$2a$10$R2OYAu8vdOydFrhhwoGK/.ODUTd7oWEbdtQc2EPns1Re5B4Xnp8gi',	NULL,	1,	'2025-05-06 11:21:57',	'2025-05-06 11:21:16',	'2025-05-06 11:21:57',	NULL,	NULL),
(79,	'楊川葦',	'charlie.yang@xyz-lucky.com',	'charlie.yang@xyz-lucky.com',	'$2a$10$n4nqoyU4mggzChWMXyvRMOkLXDrXfuBTBQIo5nEBQ/XOj5rvXGTWe',	NULL,	1,	NULL,	'2025-05-06 11:23:28',	'2025-05-06 11:23:28',	NULL,	NULL),
(80,	'HwangKen',	'Kenhwang@supermicro.com',	'Kenhwang@supermicro.com',	'$2a$10$8B2oXrBzJkW4KejWYE0Ae.ozxePRTMWCVar9wK/B67QNmzHL0AtNK',	NULL,	1,	NULL,	'2025-05-06 11:25:28',	'2025-05-06 11:25:28',	NULL,	NULL),
(81,	'葉乃瑩',	'109097@concords.com.tw',	'109097@concords.com.tw',	'$2a$10$Ru1YypsuuutK5t5kppjIF.3HU1Vw3ElZ9ZRewUd3w9SvUd.3aIL9a',	NULL,	1,	NULL,	'2025-05-06 11:36:29',	'2025-05-06 11:36:29',	NULL,	NULL),
(82,	'陳柔蒨',	'joanbusiness77@gmail.com',	'joanbusiness77@gmail.com',	'$2a$10$Al9fNhBqLs5Wtdu3oQBr9enkEBruTJUWZBuc2oWv2JGkgqFXxJQIS',	NULL,	1,	'2025-05-06 11:59:35',	'2025-05-06 11:58:26',	'2025-05-06 11:59:35',	NULL,	NULL),
(83,	'sochisun',	'sunny@830lab.com',	'sunny@830lab.com',	'$2a$10$TvUppgDXPBu/Hs8GM.yVmOJyA5N/P8kumpOQ.EGAGprArfe3Wj6Bq',	NULL,	1,	'2025-05-06 12:10:17',	'2025-05-06 12:07:48',	'2025-05-06 12:10:17',	NULL,	NULL),
(84,	'吳念寰',	'go.nisshin@fabridge.co.jp',	'go.nisshin@fabridge.co.jp',	'$2a$10$0/l91kMte5t92XL72NW8WuOr3V4LAyCUBGnAXq6eJBK9OSMUC0nxu',	NULL,	1,	'2025-05-06 12:10:09',	'2025-05-06 12:09:30',	'2025-05-06 12:10:09',	NULL,	NULL),
(85,	'LiangWini',	'wini.liang@jurassic.com.tw',	'wini.liang@jurassic.com.tw',	'$2a$10$cumFyaWupeI7RYgJYaXq.um2INwRjk5JnPnI4G/5eQ8Qq2dWLj1jm',	NULL,	1,	'2025-05-06 12:16:55',	'2025-05-06 12:16:35',	'2025-05-06 12:16:55',	NULL,	NULL),
(86,	'王翠韓',	'tsueihan.wang@gmail.com',	'tsueihan.wang@gmail.com',	'$2a$10$jPvmrkm8HPeQxi9M0Q7ideci73tApD0mUKmW/uxdJWuRUxQ2Eb04m',	NULL,	1,	NULL,	'2025-05-06 12:56:24',	'2025-05-06 12:56:24',	NULL,	NULL),
(87,	'高捷',	'kaochieh@g2.usc.edu.tw',	'kaochieh@g2.usc.edu.tw',	'$2a$10$5Fue7JUVGpM7CH5IxX6qvOGj0uk12Kc1deTI/p9c3bubF9MA1/saK',	NULL,	1,	NULL,	'2025-05-06 13:15:36',	'2025-05-06 13:15:36',	NULL,	NULL),
(88,	'陳怡安',	'ann.chen@sti.com.tw',	'ann.chen@sti.com.tw',	'$2a$10$1qbJK7RB1Di5ogunwxJgjeE5Cxns6k7vtSv3sh3RMW7sg.FxmWgPm',	NULL,	1,	NULL,	'2025-05-06 15:09:15',	'2025-05-06 15:09:15',	NULL,	NULL),
(89,	'AaronTai',	'Atai@acicomms.com',	'Atai@acicomms.com',	'$2a$10$0ivoEuiqMMhE73V/QtM/I.LdVImhijD3i/CiN0pvUxrLrQ2j..xl.',	NULL,	1,	NULL,	'2025-05-06 15:39:50',	'2025-05-06 15:39:50',	NULL,	NULL),
(90,	'劉杰鳴',	'thetiontea@gmail.com',	'thetiontea@gmail.com',	'$2a$10$wNVjQH4xMpXqFqWCRsTj0.7sekNNePXKebWL836O9H.TMpGL8o0SG',	NULL,	1,	NULL,	'2025-05-06 15:58:03',	'2025-05-06 15:58:03',	NULL,	NULL),
(91,	'kelly',	'kellyyu@ncitrading.com.tw',	'kellyyu',	'$2a$10$R2vZ9wMkpS6nOlyl7CwUwe5YQzRtbulLPnrp86U.KE0iZYlKMJHA6',	NULL,	1,	'2025-05-09 10:43:43',	'2025-05-06 17:06:56',	'2025-05-09 10:43:43',	NULL,	NULL),
(92,	'boching',	'bochingyang@ncitrading.com.tw',	'bochingyang',	'$2a$10$Whd/qDourkAUgA0Pl6/FCOBxXgi7yvQBrlEod83aeV0cKy/WCHTeu',	NULL,	1,	'2025-05-12 10:29:19',	'2025-05-06 17:07:55',	'2025-05-12 10:29:19',	NULL,	NULL),
(93,	'YuKelly',	'kellyyu@ncitrading.com.tw',	'kellyyu@ncitrading.com.tw',	'$2a$10$hZOx/4QWTIxZuECtnmKiyuyOonlm.hqFt9vao5Xaa9yOHbgNa.6JK',	NULL,	1,	'2025-05-07 15:09:42',	'2025-05-07 15:05:02',	'2025-05-07 15:09:42',	NULL,	NULL),
(96,	'簡妙芩',	'louise.chien@tfc101.com.tw',	'louise.chien@tfc101.com.tw',	'$2a$10$PDID8Efbp7P9HioC/VV9ku2uvC6znH8ZwTD2GUfBOpIZMNpYXdJGO',	NULL,	1,	'2025-05-08 10:41:11',	'2025-05-08 10:36:46',	'2025-05-08 10:41:11',	NULL,	NULL),
(97,	'吳達光',	'kith.ng@activeanimation.com.tw',	'kith.ng@activeanimation.com.tw',	'$2a$10$CinnKAgj8z6xjUNFeV6KiuQWOGee5xJmNkXjZxSdbuHlaHQsxT1vO',	NULL,	1,	'2025-05-08 12:35:12',	'2025-05-08 12:34:13',	'2025-05-08 12:35:13',	NULL,	NULL),
(98,	'LinCC',	'christy0914@gmail.com',	'christy0914@gmail.com',	'$2a$10$ecyiArRYlxlnMeiNCbVwIuJG1JyojFgLkJKrnEBa4TwUvl6O/5NKy',	NULL,	1,	'2025-05-13 12:53:20',	'2025-05-08 15:20:33',	'2025-05-13 12:53:20',	NULL,	NULL),
(99,	'顏沛婕',	'u06qo65@hotmail.com',	'u06qo65@hotmail.com',	'$2a$10$1Dw.AXFKsFeMYooONzmsxubD.R9qrkX/vQGdnTQoSpNDMFPuOG43i',	NULL,	1,	NULL,	'2025-05-08 16:23:26',	'2025-05-08 16:23:26',	NULL,	NULL),
(100,	'謝寶珍',	'chilli310124@gmail.com',	'chilli310124@gmail.com',	'$2a$10$..3JnYAct1/fULTR3OMqR.ck8jpMqnJMvxLmBU6JpzUDGH2tDetXW',	NULL,	1,	NULL,	'2025-05-09 06:44:10',	'2025-05-09 06:44:10',	NULL,	NULL),
(101,	'呂信霆',	'Freddy70704@yahoo.com.tw',	'Freddy70704@yahoo.com.tw',	'$2a$10$QncuUKDWA5ACm0qHAbk85OYhkk4c2u6pZLANnMfFPS8f/azvUHs/.',	NULL,	1,	NULL,	'2025-05-09 07:32:09',	'2025-05-09 07:32:09',	NULL,	NULL),
(102,	'林政翰',	'a0922346646@icloud.com',	'a0922346646@icloud.com',	'$2a$10$YF3J7sDwm.Xx6BhsOMdytudnjsAIv0OExM7dh0uCI.IKFsDdzCbV2',	NULL,	1,	NULL,	'2025-05-09 10:17:01',	'2025-05-09 10:17:01',	NULL,	NULL),
(103,	'黃雅農',	'iden574590@gmail.com',	'iden574590@gmail.com',	'$2a$10$7eLaVAXQ2zUYK5Qennus8OOCTWqjG2FZ2iqkyMJOuc9f/UFCnPVn2',	NULL,	1,	'2025-05-09 10:30:49',	'2025-05-09 10:29:02',	'2025-05-09 10:30:49',	NULL,	NULL),
(104,	'林祐霆',	'starvanwater@gmail.com',	'starvanwater@gmail.com',	'$2a$10$fBEr/Jrs8hXiLU356KzTqe6vC0azwmubxUDQfqtiNH9Pd4IVsKI96',	NULL,	1,	NULL,	'2025-05-09 11:02:39',	'2025-05-09 11:02:39',	NULL,	NULL),
(105,	'陳威帆',	'wei.wf.chen@fubon.com',	'wei.wf.chen@fubon.com',	'$2a$10$j1lKJjXFS/IQESLjnLo0Eeeh1viJW1XFRs9hNf46NzJPmXnp3RkS.',	NULL,	1,	'2025-05-09 14:56:23',	'2025-05-09 14:56:02',	'2025-05-09 14:56:23',	NULL,	NULL),
(106,	'JohnDoe',	'demo@inkslap.com',	'demo@inkslap.com',	'$2a$10$OJikl7y0ZQDpJD6aZWW41eLlu/LzFmUrUCdSqzCSAkxJsUhbqpKdq',	NULL,	1,	'2025-05-10 16:17:19',	'2025-05-10 15:53:35',	'2025-05-10 16:17:19',	NULL,	NULL),
(107,	'DemoAdmin',	'demoadmin@inkslap.com',	'DemoAdmin',	'$2a$10$sw.3B/9ZvYg2IFxoFvUdl.Z45dDL2M4Wjj6C7AtXDY7R7HBl33ic2',	NULL,	1,	NULL,	'2025-05-10 16:43:06',	'2025-05-10 16:43:06',	NULL,	NULL),
(108,	'賴光偉',	'gordon.lai@icp-si.com',	'gordon.lai@icp-si.com',	'$2a$10$tuEH6YzoFJm12D7Z1p2ELe2I5FV/g1f2MMXhqyIe.8te9gVo4cfNC',	NULL,	1,	'2025-05-12 11:02:15',	'2025-05-12 11:02:02',	'2025-05-12 11:02:15',	NULL,	NULL),
(109,	'ＬLynne',	'lynne936546@gmail.com',	'lynne936546@gmail.com',	'$2a$10$dHoSush805ih2w9MPk1LDuaWHmO.IA7XUH.fsfeDhAI9/.8recva2',	NULL,	1,	'2025-05-15 12:26:50',	'2025-05-12 17:39:34',	'2025-05-15 12:26:50',	NULL,	NULL),
(110,	'許世瑋',	'Weartspace@outlook.com',	'Weartspace@outlook.com',	'$2a$10$H046EUVRMsgg48mAQe0VqOwDHQ6.0r8XNSva4f5HibBOjiX8HFDgS',	NULL,	1,	NULL,	'2025-05-13 10:47:07',	'2025-05-13 10:47:07',	NULL,	NULL),
(111,	'劉鴻輝',	'Alan674688@gmail.com',	'Alan674688@gmail.com',	'$2a$10$Io3CEZE434Fruv9bP76Gpejj3Ccq7gceP3SqfzeyzGpDcs/nzNnoW',	NULL,	1,	NULL,	'2025-05-13 15:59:16',	'2025-05-13 15:59:16',	NULL,	NULL),
(112,	'劉品嘉',	'pinchia.liu@smsgroup.net',	'pinchia.liu@smsgroup.net',	'$2a$10$r4P742d9ZV5yhBEW4JoeNOeAHZgTuolXbeCTuH7Q9KbmxvUJBk4GC',	NULL,	1,	'2025-05-13 16:06:55',	'2025-05-13 16:06:36',	'2025-05-13 16:06:55',	NULL,	NULL),
(113,	'舒章綸',	'21516@mail.nstc.org.tw',	'21516@mail.nstc.org.tw',	'$2a$10$fjmlzsPXiaT80l./3sBEHO7TF0QY6FjuQ2ZLGV00biUP8y5vkvCwO',	NULL,	1,	NULL,	'2025-05-14 13:25:36',	'2025-05-14 13:25:36',	NULL,	NULL);

DROP TABLE IF EXISTS `verification_codes`;
CREATE TABLE `verification_codes` (
  `id` int NOT NULL AUTO_INCREMENT,
  `identifier` varchar(255) CHARACTER SET utf8mb4 COLLATE utf8mb4_unicode_ci NOT NULL COMMENT '用戶標識（email 或手機號碼）',
  `code` varchar(10) CHARACTER SET utf8mb4 COLLATE utf8mb4_unicode_ci NOT NULL COMMENT '驗證碼',
  `type` enum('register','login','reset_password','other') CHARACTER SET utf8mb4 COLLATE utf8mb4_unicode_ci NOT NULL COMMENT '驗證碼用途',
  `sent_at` datetime NOT NULL DEFAULT CURRENT_TIMESTAMP COMMENT '寄送時間',
  `expires_at` datetime NOT NULL COMMENT '驗證碼有效期限',
  `is_used` tinyint NOT NULL DEFAULT '0' COMMENT '是否已使用',
  `status` enum('success','failure') CHARACTER SET utf8mb4 COLLATE utf8mb4_unicode_ci NOT NULL COMMENT '寄送狀態',
  `created_at` datetime NOT NULL DEFAULT CURRENT_TIMESTAMP COMMENT '建立時間',
  `updated_at` datetime DEFAULT CURRENT_TIMESTAMP ON UPDATE CURRENT_TIMESTAMP COMMENT '修改時間',
  `is_expired` tinyint NOT NULL DEFAULT '0' COMMENT '是否已失效',
  PRIMARY KEY (`id`)
) ENGINE=InnoDB DEFAULT CHARSET=utf8mb4 COLLATE=utf8mb4_unicode_ci COMMENT='驗證碼寄送記錄表';

INSERT INTO `verification_codes` (`id`, `identifier`, `code`, `type`, `sent_at`, `expires_at`, `is_used`, `status`, `created_at`, `updated_at`, `is_expired`) VALUES
(2,	'game683001@gmail.com',	'702755',	'register',	'2025-02-03 10:09:41',	'2025-02-03 10:19:38',	1,	'success',	'2025-02-03 10:09:41',	'2025-02-03 10:10:06',	0),
(3,	'game683001@gmail.com',	'523963',	'register',	'2025-02-10 02:48:15',	'2025-02-10 02:58:11',	0,	'success',	'2025-02-10 02:48:15',	'2025-02-19 17:37:04',	1),
(4,	'game683001@gmail.com',	'297963',	'register',	'2025-02-10 02:49:47',	'2025-02-10 02:59:44',	0,	'success',	'2025-02-10 02:49:47',	'2025-02-19 17:37:04',	1),
(5,	'game683001@gmail.com',	'674178',	'register',	'2025-02-11 06:06:07',	'2025-02-11 06:16:04',	0,	'success',	'2025-02-11 06:06:07',	'2025-02-19 17:37:04',	1),
(6,	'zeroeye0@gmail.com',	'975646',	'register',	'2025-02-11 06:49:42',	'2025-02-11 06:59:37',	1,	'success',	'2025-02-11 06:49:42',	'2025-02-11 06:50:43',	0),
(7,	'zeroeye0@gmail.com',	'633686',	'register',	'2025-02-11 16:44:10',	'2025-02-11 16:54:06',	0,	'success',	'2025-02-11 16:44:10',	'2025-04-03 10:30:39',	1),
(8,	'zeroeye0@gmail.com',	'184794',	'reset_password',	'2025-02-12 11:51:25',	'2025-02-12 12:01:21',	0,	'success',	'2025-02-12 11:51:25',	'2025-03-18 15:14:00',	1),
(9,	'zeroeye0@gmail.com',	'751329',	'register',	'2025-02-12 11:54:02',	'2025-02-12 12:03:59',	0,	'success',	'2025-02-12 11:54:02',	'2025-04-03 10:30:39',	1),
(10,	'zeroeye0@gmail.com',	'610421',	'register',	'2025-02-12 11:58:26',	'2025-02-12 12:08:23',	0,	'success',	'2025-02-12 11:58:26',	'2025-04-03 10:30:39',	1),
(11,	'zeroeye0@gmaidfl.com',	'989688',	'register',	'2025-02-12 12:07:31',	'2025-02-12 12:17:28',	0,	'success',	'2025-02-12 12:07:31',	'2025-02-12 12:07:31',	0),
(12,	'zerodsfaseye0@gmaidfl.com',	'401603',	'register',	'2025-02-12 12:08:02',	'2025-02-12 12:17:58',	0,	'success',	'2025-02-12 12:08:02',	'2025-02-12 12:08:02',	0),
(13,	'zeroeye0@gmail.com',	'900973',	'reset_password',	'2025-02-12 12:23:25',	'2025-02-12 12:33:22',	1,	'success',	'2025-02-12 12:23:25',	'2025-02-12 12:25:35',	0),
(14,	'zeroeye0@gmail.com',	'170718',	'reset_password',	'2025-02-12 12:43:38',	'2025-02-12 12:53:34',	1,	'success',	'2025-02-12 12:43:38',	'2025-02-12 12:44:03',	0),
(15,	'zeroeye0@gmail.com',	'800237',	'reset_password',	'2025-02-12 13:25:44',	'2025-02-12 13:35:41',	0,	'success',	'2025-02-12 13:25:44',	'2025-03-18 15:14:00',	1),
(16,	'zeroeye0@gmail.com',	'393922',	'reset_password',	'2025-02-12 13:25:54',	'2025-02-12 13:35:52',	0,	'success',	'2025-02-12 13:25:54',	'2025-03-18 15:14:00',	1),
(17,	'zeroeye0@gmail.com',	'463570',	'reset_password',	'2025-02-12 13:26:06',	'2025-02-12 13:36:03',	0,	'success',	'2025-02-12 13:26:06',	'2025-03-18 15:14:00',	1),
(18,	'zeroeye0@gmail.com',	'905141',	'reset_password',	'2025-02-12 15:35:16',	'2025-02-12 15:45:11',	0,	'success',	'2025-02-12 15:35:16',	'2025-03-18 15:14:00',	1),
(19,	'zeroeye0@gmail.com',	'479459',	'reset_password',	'2025-02-12 16:51:20',	'2025-02-12 17:01:17',	1,	'success',	'2025-02-12 16:51:20',	'2025-02-12 17:20:38',	0),
(20,	'zeroeye0@gmail.com',	'600685',	'reset_password',	'2025-02-12 17:23:11',	'2025-02-12 17:33:08',	1,	'success',	'2025-02-12 17:23:11',	'2025-02-12 17:23:57',	0),
(21,	'zeroeye0@gmail.com',	'101433',	'reset_password',	'2025-02-12 17:35:16',	'2025-02-12 17:45:13',	1,	'success',	'2025-02-12 17:35:16',	'2025-02-12 17:37:49',	0),
(22,	'zeroeye0@gmail.com',	'641592',	'reset_password',	'2025-02-12 17:41:36',	'2025-02-12 17:51:34',	1,	'success',	'2025-02-12 17:41:36',	'2025-02-12 17:42:00',	0),
(23,	'zeroeye0@gmail.com',	'559774',	'reset_password',	'2025-02-12 17:49:00',	'2025-02-12 17:58:57',	1,	'success',	'2025-02-12 17:49:00',	'2025-02-12 17:51:09',	0),
(24,	'game683001@example.com',	'432397',	'register',	'2025-02-12 17:53:37',	'2025-02-12 18:03:34',	0,	'success',	'2025-02-12 17:53:37',	'2025-02-12 17:53:37',	0),
(25,	'game683001@gmail.com',	'925815',	'register',	'2025-02-12 17:54:40',	'2025-02-12 18:04:37',	0,	'success',	'2025-02-12 17:54:40',	'2025-02-19 17:37:04',	1),
(26,	'zeroeye0@gmail.com',	'959384',	'reset_password',	'2025-02-12 18:20:22',	'2025-02-12 18:30:19',	1,	'success',	'2025-02-12 18:20:22',	'2025-02-12 18:21:32',	0),
(27,	'zeroeye0@gmail.com',	'161343',	'register',	'2025-02-13 11:31:56',	'2025-02-13 11:41:53',	0,	'success',	'2025-02-13 11:31:56',	'2025-04-03 10:30:39',	1),
(28,	'zeroeye0@gmail.com',	'435072',	'register',	'2025-02-13 11:45:14',	'2025-02-13 11:55:11',	1,	'success',	'2025-02-13 11:45:14',	'2025-02-13 11:46:34',	0),
(29,	'zeroeye0@gmail.com',	'327235',	'register',	'2025-02-13 12:08:50',	'2025-02-13 12:18:46',	0,	'success',	'2025-02-13 12:08:50',	'2025-04-03 10:30:39',	1),
(30,	'zeroeye0@gmail.com',	'436283',	'register',	'2025-02-13 12:17:57',	'2025-02-13 12:27:54',	1,	'success',	'2025-02-13 12:17:57',	'2025-02-13 12:19:11',	0),
(31,	'zeroeye0@gmail.com',	'253352',	'register',	'2025-02-13 12:29:08',	'2025-02-13 12:39:06',	1,	'success',	'2025-02-13 12:29:08',	'2025-02-13 12:29:22',	0),
(32,	'zeroeye0@gmail.com',	'677539',	'register',	'2025-02-13 12:31:37',	'2025-02-13 12:41:34',	1,	'success',	'2025-02-13 12:31:37',	'2025-02-13 12:32:32',	0),
(33,	'shiouchenli@elk-tree.studio',	'851945',	'register',	'2025-02-13 12:34:10',	'2025-02-13 12:44:08',	1,	'success',	'2025-02-13 12:34:10',	'2025-02-13 12:34:40',	0),
(34,	'shiouchenli@elk-tree.studio',	'761060',	'register',	'2025-02-13 12:37:52',	'2025-02-13 12:47:49',	0,	'success',	'2025-02-13 12:37:52',	'2025-02-13 16:16:15',	1),
(35,	'shiouchenli@elk-tree.studio',	'525859',	'register',	'2025-02-13 12:40:41',	'2025-02-13 12:50:38',	1,	'success',	'2025-02-13 12:40:41',	'2025-02-13 12:41:30',	0),
(36,	'game683001@gmail.com',	'282740',	'register',	'2025-02-13 13:52:55',	'2025-02-13 14:02:53',	1,	'success',	'2025-02-13 13:52:55',	'2025-02-13 13:53:29',	0),
(37,	'game683001@gmail.com',	'116145',	'register',	'2025-02-13 13:53:42',	'2025-02-13 14:03:39',	1,	'success',	'2025-02-13 13:53:42',	'2025-02-13 13:53:57',	0),
(38,	'zeroeye0@gmail.com',	'988107',	'reset_password',	'2025-02-13 14:34:02',	'2025-02-13 14:43:59',	1,	'success',	'2025-02-13 14:34:02',	'2025-02-13 14:34:27',	0),
(39,	'zeroeye0@gmail.com',	'106756',	'register',	'2025-02-13 14:39:25',	'2025-02-13 14:49:22',	1,	'success',	'2025-02-13 14:39:25',	'2025-02-13 14:39:41',	0),
(40,	'zeroeye0@gmail.com',	'651920',	'register',	'2025-02-13 15:44:30',	'2025-02-13 15:54:27',	1,	'success',	'2025-02-13 15:44:30',	'2025-02-13 15:44:40',	0),
(41,	'shiouchenli@elk-tree.studio',	'952044',	'register',	'2025-02-13 15:47:16',	'2025-02-13 15:57:13',	1,	'success',	'2025-02-13 15:47:16',	'2025-02-13 15:48:19',	0),
(42,	'shiouchenli@elk-tree.studio',	'818116',	'register',	'2025-02-13 15:50:58',	'2025-02-13 16:00:54',	1,	'success',	'2025-02-13 15:50:58',	'2025-02-13 15:51:06',	0),
(43,	'shiouchenli@elk-tree.studio',	'863003',	'register',	'2025-02-13 15:52:23',	'2025-02-13 16:02:21',	1,	'success',	'2025-02-13 15:52:23',	'2025-02-13 15:52:48',	0),
(44,	'game683001@gmail.com',	'316784',	'register',	'2025-02-13 16:11:18',	'2025-02-13 16:21:15',	0,	'success',	'2025-02-13 16:11:18',	'2025-02-19 17:37:04',	1),
(45,	'shiouchenli@elk-tree.studio',	'453661',	'register',	'2025-02-13 16:16:18',	'2025-02-13 16:26:15',	0,	'success',	'2025-02-13 16:16:18',	'2025-02-13 16:16:18',	0),
(46,	'zeroeye0@gmail.com',	'328331',	'reset_password',	'2025-02-13 23:27:22',	'2025-02-13 23:37:19',	1,	'success',	'2025-02-13 23:27:22',	'2025-02-13 23:28:40',	0),
(47,	'zeroeye0@gmail.com',	'278465',	'register',	'2025-02-18 17:26:22',	'2025-02-18 17:36:19',	0,	'success',	'2025-02-18 17:26:22',	'2025-04-03 10:30:39',	1),
(48,	'game683001@gmail.com',	'361649',	'register',	'2025-02-18 23:59:24',	'2025-02-19 00:09:20',	0,	'success',	'2025-02-18 23:59:24',	'2025-02-19 17:37:04',	1),
(49,	'game683001@gmail.com',	'147492',	'register',	'2025-02-19 00:01:02',	'2025-02-19 00:10:59',	0,	'success',	'2025-02-19 00:01:02',	'2025-02-19 17:37:04',	1),
(50,	'game683001@gmail.com',	'454927',	'register',	'2025-02-19 11:12:03',	'2025-02-19 11:22:00',	0,	'success',	'2025-02-19 11:12:03',	'2025-02-19 17:37:04',	1),
(51,	'game683001@gmail.com',	'697929',	'register',	'2025-02-19 11:23:50',	'2025-02-19 11:33:47',	0,	'success',	'2025-02-19 11:23:50',	'2025-02-19 17:37:04',	1),
(52,	'game683001@gmail.com',	'629208',	'register',	'2025-02-19 12:48:03',	'2025-02-19 12:58:00',	0,	'success',	'2025-02-19 12:48:03',	'2025-02-19 17:37:04',	1),
(53,	'zeroeye0@gmail.com',	'171787',	'register',	'2025-02-19 13:08:00',	'2025-02-19 13:17:56',	0,	'success',	'2025-02-19 13:08:00',	'2025-04-03 10:30:39',	1),
(54,	'kiki1204.chen@gmail.com',	'156352',	'register',	'2025-02-19 13:10:05',	'2025-02-19 13:20:01',	0,	'success',	'2025-02-19 13:10:05',	'2025-02-20 16:24:47',	1),
(55,	'kiki1204.chen@gmail.com',	'229723',	'register',	'2025-02-19 13:37:41',	'2025-02-19 13:47:38',	0,	'success',	'2025-02-19 13:37:41',	'2025-02-20 16:24:47',	1),
(56,	'kiki1204.chen@gmail.com',	'144713',	'register',	'2025-02-19 13:40:56',	'2025-02-19 18:50:53',	1,	'success',	'2025-02-19 13:40:56',	'2025-02-19 16:31:00',	0),
(57,	'game683001@gmail.com',	'915982',	'reset_password',	'2025-02-19 16:28:46',	'2025-02-19 16:38:44',	0,	'success',	'2025-02-19 16:28:46',	'2025-02-19 16:28:46',	0),
(58,	'kiki1204.chen@gmail.com',	'419617',	'reset_password',	'2025-02-19 16:31:46',	'2025-02-19 16:41:43',	0,	'success',	'2025-02-19 16:31:46',	'2025-02-21 14:35:04',	1),
(59,	'zeroeye0@gmail.com',	'836497',	'reset_password',	'2025-02-19 17:19:40',	'2025-02-19 17:29:37',	0,	'success',	'2025-02-19 17:19:40',	'2025-03-18 15:14:00',	1),
(60,	'kiki1204.chen@gmail.com',	'952377',	'register',	'2025-02-19 17:22:55',	'2025-02-19 17:32:53',	0,	'success',	'2025-02-19 17:22:55',	'2025-02-20 16:24:47',	1),
(61,	'zeroeye0@gmail.com',	'887112',	'register',	'2025-02-19 17:23:35',	'2025-02-19 17:33:33',	1,	'success',	'2025-02-19 17:23:35',	'2025-02-19 17:24:21',	0),
(62,	'zeroeye0@gmail.com',	'323954',	'register',	'2025-02-19 17:25:08',	'2025-02-19 17:35:05',	1,	'success',	'2025-02-19 17:25:08',	'2025-02-19 17:25:20',	0),
(63,	'game683001@gmail.com',	'768646',	'register',	'2025-02-19 17:37:08',	'2025-02-19 17:47:04',	0,	'success',	'2025-02-19 17:37:08',	'2025-02-19 17:37:08',	0),
(64,	'kiki1204.chen@gmail.com',	'936997',	'register',	'2025-02-19 17:40:12',	'2025-02-19 17:50:09',	0,	'success',	'2025-02-19 17:40:12',	'2025-02-20 16:24:47',	1),
(65,	'newt199299@gmail.com',	'162859',	'register',	'2025-02-19 18:08:23',	'2025-02-19 18:18:19',	1,	'success',	'2025-02-19 18:08:23',	'2025-02-19 18:08:32',	0),
(66,	'kiki1204.chen@gmail.com',	'199577',	'register',	'2025-02-20 16:11:36',	'2025-02-20 16:21:32',	1,	'success',	'2025-02-20 16:11:36',	'2025-02-20 16:11:50',	0),
(67,	'kiki1204.chen@gmail.com',	'419345',	'reset_password',	'2025-02-20 16:12:38',	'2025-02-20 16:22:34',	1,	'success',	'2025-02-20 16:12:38',	'2025-02-20 16:12:49',	0),
(68,	'kiki1204.chen@gmail.com',	'363639',	'register',	'2025-02-20 16:24:51',	'2025-02-20 16:34:47',	1,	'success',	'2025-02-20 16:24:51',	'2025-02-20 16:25:08',	0),
(69,	'kiki1204.chen@gmail.com',	'224905',	'reset_password',	'2025-02-21 14:35:07',	'2025-02-21 14:45:04',	1,	'success',	'2025-02-21 14:35:07',	'2025-02-21 14:35:17',	0),
(70,	'123@gmail.com',	'100036',	'register',	'2025-02-24 21:05:05',	'2025-02-24 21:15:02',	0,	'success',	'2025-02-24 21:05:05',	'2025-02-24 21:05:05',	0),
(71,	'rockmt18@gmail.com',	'204654',	'register',	'2025-02-24 21:10:58',	'2025-02-24 21:20:55',	1,	'success',	'2025-02-24 21:10:58',	'2025-02-24 21:11:19',	0),
(72,	'zeroeye0@gmail.com',	'560081',	'reset_password',	'2025-02-25 17:13:52',	'2025-02-25 17:23:48',	1,	'success',	'2025-02-25 17:13:52',	'2025-02-25 17:14:13',	0),
(73,	'kiki.chen@fable.com.tw',	'646820',	'register',	'2025-03-11 15:04:23',	'2025-03-11 15:14:20',	1,	'success',	'2025-03-11 15:04:23',	'2025-03-11 15:04:40',	0),
(74,	'zeroeye0@gmail.com',	'341091',	'register',	'2025-03-18 13:47:43',	'2025-03-18 13:57:40',	0,	'success',	'2025-03-18 13:47:43',	'2025-04-03 10:30:39',	1),
(75,	'zeroeye0@gmail.com',	'287383',	'register',	'2025-03-18 14:01:35',	'2025-03-18 14:11:32',	1,	'success',	'2025-03-18 14:01:35',	'2025-03-18 14:02:20',	0),
(76,	'zeroeye0@gmail.com',	'709964',	'register',	'2025-03-18 14:05:15',	'2025-03-18 14:15:12',	1,	'success',	'2025-03-18 14:05:15',	'2025-03-18 14:05:38',	0),
(77,	'zeroeye0@gmail.com',	'705588',	'register',	'2025-03-18 14:07:53',	'2025-03-18 14:17:51',	1,	'success',	'2025-03-18 14:07:53',	'2025-03-18 14:08:12',	0),
(78,	'zeroeye0@gmail.com',	'982786',	'register',	'2025-03-18 14:20:50',	'2025-03-18 14:30:47',	1,	'success',	'2025-03-18 14:20:50',	'2025-03-18 14:21:09',	0),
(79,	'zeroeye0@gmail.com',	'378976',	'reset_password',	'2025-03-18 15:14:03',	'2025-03-18 15:24:00',	1,	'success',	'2025-03-18 15:14:03',	'2025-03-18 15:14:21',	0),
(80,	'lynn.tseng@fable.com.tw',	'672590',	'register',	'2025-03-18 15:24:46',	'2025-03-18 15:34:43',	0,	'success',	'2025-03-18 15:24:46',	'2025-03-18 15:24:46',	0),
(81,	'tofranklu@gmail.com',	'341330',	'register',	'2025-03-20 16:45:52',	'2025-03-20 16:55:48',	1,	'success',	'2025-03-20 16:45:52',	'2025-03-20 16:46:07',	0),
(82,	'tofranklu@appx.com.tw',	'200204',	'register',	'2025-03-20 17:37:43',	'2025-03-20 17:47:40',	1,	'success',	'2025-03-20 17:37:43',	'2025-03-20 17:38:04',	0),
(83,	'zeroeye0@gmail.com',	'103589',	'register',	'2025-03-24 14:13:09',	'2025-03-24 14:23:05',	1,	'success',	'2025-03-24 14:13:09',	'2025-03-24 14:14:34',	0),
(84,	'zeroeye0@gmail.com',	'578301',	'register',	'2025-03-24 16:13:36',	'2025-03-24 16:23:33',	1,	'success',	'2025-03-24 16:13:36',	'2025-03-24 16:14:02',	0),
(85,	'zeroeye0@gmail.com',	'467550',	'register',	'2025-03-24 18:27:58',	'2025-03-24 18:37:55',	1,	'success',	'2025-03-24 18:27:58',	'2025-03-24 18:28:21',	0),
(86,	'zeroeye0@gmail.com',	'842210',	'register',	'2025-03-25 14:31:16',	'2025-03-25 14:41:12',	0,	'success',	'2025-03-25 14:31:16',	'2025-04-03 10:30:39',	1),
(87,	'zeroeye0@gmail.com',	'751706',	'register',	'2025-03-25 14:42:39',	'2025-03-25 14:52:35',	1,	'success',	'2025-03-25 14:42:39',	'2025-03-25 14:43:16',	0),
(88,	'zeroeye0@gmail.com',	'376038',	'register',	'2025-03-25 14:45:11',	'2025-03-25 14:55:08',	1,	'success',	'2025-03-25 14:45:11',	'2025-03-25 14:45:20',	0),
(89,	'zeroeye0@gmail.com',	'189945',	'register',	'2025-03-27 14:41:19',	'2025-03-27 14:51:15',	1,	'success',	'2025-03-27 14:41:19',	'2025-03-27 14:41:35',	0),
(90,	'zeroeye0@gmail.com',	'588561',	'register',	'2025-03-27 14:42:50',	'2025-03-27 14:52:47',	1,	'success',	'2025-03-27 14:42:50',	'2025-03-27 14:43:01',	0),
(91,	'zeroeye0@gmail.com',	'783414',	'register',	'2025-03-27 14:58:28',	'2025-03-27 15:08:25',	1,	'success',	'2025-03-27 14:58:28',	'2025-03-27 14:58:37',	0),
(92,	'zeroeye0@gmail.com',	'907803',	'register',	'2025-03-27 15:07:26',	'2025-03-27 15:17:24',	1,	'success',	'2025-03-27 15:07:26',	'2025-03-27 15:07:34',	0),
(93,	'tofranklu@hotmail.com',	'534575',	'register',	'2025-04-02 01:13:50',	'2025-04-02 01:23:46',	1,	'success',	'2025-04-02 01:13:50',	'2025-04-02 01:15:13',	0),
(94,	'tofranklu@hotmail.com',	'128140',	'register',	'2025-04-02 01:32:29',	'2025-04-02 01:42:26',	1,	'success',	'2025-04-02 01:32:29',	'2025-04-02 01:32:44',	0),
(95,	'zeroeye0@gmail.com',	'928079',	'register',	'2025-04-03 10:30:43',	'2025-04-03 10:40:39',	1,	'success',	'2025-04-03 10:30:43',	'2025-04-03 10:31:49',	0),
(96,	'tofranklu@hotmail.com',	'566324',	'register',	'2025-04-24 23:50:21',	'2025-04-25 00:00:18',	0,	'success',	'2025-04-24 23:50:21',	'2025-04-25 11:41:09',	1),
(97,	'tofranklu@hotmail.com',	'339150',	'register',	'2025-04-25 10:23:32',	'2025-04-25 10:33:29',	1,	'success',	'2025-04-25 10:23:32',	'2025-04-25 10:24:07',	0),
(98,	'tofranklu@hotmail.com',	'544774',	'register',	'2025-04-25 11:41:12',	'2025-04-25 11:51:09',	1,	'success',	'2025-04-25 11:41:12',	'2025-04-25 11:41:32',	0),
(99,	'tofranklu@gmail.com',	'814658',	'register',	'2025-04-30 09:13:03',	'2025-04-30 09:23:01',	0,	'success',	'2025-04-30 09:13:03',	'2025-04-30 09:14:05',	1),
(100,	'tofranklu@gmail.com',	'755181',	'register',	'2025-04-30 09:14:07',	'2025-04-30 09:24:05',	1,	'success',	'2025-04-30 09:14:07',	'2025-04-30 09:14:20',	0),
(101,	'kiki.chen@fable.com.tw',	'701715',	'register',	'2025-05-02 11:24:52',	'2025-05-02 11:34:50',	1,	'success',	'2025-05-02 11:24:52',	'2025-05-02 11:25:05',	0),
(102,	'jasonni@ncitrading.com.tw',	'726252',	'register',	'2025-05-03 16:43:02',	'2025-05-03 16:52:59',	1,	'success',	'2025-05-03 16:43:02',	'2025-05-03 16:43:43',	0),
(103,	'mendax0105@gmail.com',	'562229',	'register',	'2025-05-05 17:49:34',	'2025-05-05 17:59:30',	1,	'success',	'2025-05-05 17:49:34',	'2025-05-05 17:49:46',	0),
(104,	'Chestershih@ncitrading.com.tw',	'358909',	'register',	'2025-05-05 18:48:59',	'2025-05-05 18:58:56',	0,	'success',	'2025-05-05 18:48:59',	'2025-05-05 18:48:59',	0),
(105,	'hssung55@gmail.com',	'390558',	'register',	'2025-05-05 19:02:06',	'2025-05-05 19:12:03',	1,	'success',	'2025-05-05 19:02:06',	'2025-05-05 19:02:27',	0),
(106,	'asta0428@gmail.com',	'972107',	'register',	'2025-05-05 19:11:00',	'2025-05-05 19:20:57',	1,	'success',	'2025-05-05 19:11:00',	'2025-05-05 19:11:14',	0),
(107,	'Ychen049@gmail.com',	'973711',	'register',	'2025-05-05 19:12:02',	'2025-05-05 19:22:00',	1,	'success',	'2025-05-05 19:12:02',	'2025-05-05 19:12:14',	0),
(108,	'Yehnaiying@gmail.com',	'796167',	'register',	'2025-05-05 19:17:03',	'2025-05-05 19:27:00',	1,	'success',	'2025-05-05 19:17:03',	'2025-05-05 19:17:19',	0),
(109,	'allen511twii@gmail.com',	'785162',	'register',	'2025-05-05 19:29:05',	'2025-05-05 19:39:00',	1,	'success',	'2025-05-05 19:29:05',	'2025-05-05 19:29:13',	0),
(110,	'nady981021@gmail.com',	'962785',	'register',	'2025-05-05 19:50:43',	'2025-05-05 20:00:40',	1,	'success',	'2025-05-05 19:50:43',	'2025-05-05 19:51:21',	0),
(111,	'Whataxiao@gmail.com',	'749085',	'register',	'2025-05-05 20:33:32',	'2025-05-05 20:43:29',	1,	'success',	'2025-05-05 20:33:32',	'2025-05-05 20:33:44',	0),
(112,	'justin.chang1223@gmail.com',	'837945',	'register',	'2025-05-05 20:38:05',	'2025-05-05 20:48:02',	1,	'success',	'2025-05-05 20:38:05',	'2025-05-05 20:38:20',	0),
(113,	'ps4use20@gmail.com',	'963003',	'register',	'2025-05-05 20:40:41',	'2025-05-05 20:50:38',	1,	'success',	'2025-05-05 20:40:41',	'2025-05-05 20:40:50',	0),
(114,	'dawnlin826.77@gmail.com',	'974433',	'register',	'2025-05-05 20:57:24',	'2025-05-05 21:07:22',	1,	'success',	'2025-05-05 20:57:24',	'2025-05-05 20:57:41',	0),
(115,	'peterpanufo2000@hotmail.com',	'300970',	'register',	'2025-05-05 21:01:18',	'2025-05-05 21:11:15',	1,	'success',	'2025-05-05 21:01:18',	'2025-05-05 21:03:18',	0),
(116,	'hazerburn@gmail.com',	'574254',	'register',	'2025-05-05 21:04:29',	'2025-05-05 21:14:26',	1,	'success',	'2025-05-05 21:04:29',	'2025-05-05 21:04:47',	0),
(117,	'lailai487@gmail.com',	'302009',	'register',	'2025-05-05 21:17:47',	'2025-05-05 21:27:45',	1,	'success',	'2025-05-05 21:17:47',	'2025-05-05 21:17:59',	0),
(118,	'Taiaaron88@gmail.com',	'926737',	'register',	'2025-05-05 21:30:39',	'2025-05-05 21:40:35',	1,	'success',	'2025-05-05 21:30:39',	'2025-05-05 21:30:49',	0),
(119,	'ichungshih@gmail.com',	'672745',	'register',	'2025-05-05 21:31:54',	'2025-05-05 21:41:51',	1,	'success',	'2025-05-05 21:31:54',	'2025-05-05 21:33:50',	0),
(120,	'wingdesign1122@gmail.com',	'782082',	'register',	'2025-05-05 21:45:45',	'2025-05-05 21:55:43',	1,	'success',	'2025-05-05 21:45:45',	'2025-05-05 21:46:16',	0),
(121,	'S12380095@gmail.com',	'379322',	'register',	'2025-05-05 22:16:07',	'2025-05-05 22:26:04',	1,	'success',	'2025-05-05 22:16:07',	'2025-05-05 22:16:19',	0),
(122,	'ivylychiu@mmtw.tw',	'528400',	'register',	'2025-05-05 22:16:18',	'2025-05-05 22:26:16',	1,	'success',	'2025-05-05 22:16:18',	'2025-05-05 22:16:31',	0),
(123,	'ken82414@hotmail.com',	'985749',	'register',	'2025-05-05 22:24:33',	'2025-05-05 22:34:31',	1,	'success',	'2025-05-05 22:24:33',	'2025-05-05 22:24:44',	0),
(124,	'nanachen3233@gmail.com',	'327262',	'register',	'2025-05-05 22:33:12',	'2025-05-05 22:43:09',	1,	'success',	'2025-05-05 22:33:12',	'2025-05-05 22:33:27',	0),
(125,	'wang770701@gmail.com',	'882850',	'register',	'2025-05-05 22:39:11',	'2025-05-05 22:49:08',	1,	'success',	'2025-05-05 22:39:11',	'2025-05-05 22:39:26',	0),
(126,	'liu.c0424@yahoo.com.tw',	'927586',	'register',	'2025-05-05 23:06:35',	'2025-05-05 23:16:32',	1,	'success',	'2025-05-05 23:06:35',	'2025-05-05 23:06:54',	0),
(127,	'pohalu@gmail.com',	'219016',	'register',	'2025-05-05 23:39:25',	'2025-05-05 23:49:22',	1,	'success',	'2025-05-05 23:39:25',	'2025-05-05 23:39:49',	0),
(128,	'Janice122936@gmail.com',	'333540',	'register',	'2025-05-06 00:15:25',	'2025-05-06 00:25:23',	1,	'success',	'2025-05-06 00:15:25',	'2025-05-06 00:15:34',	0),
(129,	'Bitftw5@gmail.com',	'679639',	'register',	'2025-05-06 00:45:58',	'2025-05-06 00:55:55',	1,	'success',	'2025-05-06 00:45:58',	'2025-05-06 00:46:16',	0),
(130,	'Carinapingping@gmail.com',	'840610',	'register',	'2025-05-06 02:38:59',	'2025-05-06 02:48:56',	0,	'success',	'2025-05-06 02:38:59',	'2025-05-06 02:38:57',	1),
(131,	'Carinapingping@gmail.com',	'569063',	'register',	'2025-05-06 02:39:03',	'2025-05-06 02:48:57',	1,	'success',	'2025-05-06 02:39:03',	'2025-05-06 02:39:15',	0),
(132,	'Roihappyfly44@gmail.com',	'948507',	'register',	'2025-05-06 03:53:53',	'2025-05-06 04:03:50',	1,	'success',	'2025-05-06 03:53:53',	'2025-05-06 03:54:10',	0),
(133,	'Cs.Chang@aisuntech.org',	'408532',	'register',	'2025-05-06 11:05:06',	'2025-05-06 11:15:03',	1,	'success',	'2025-05-06 11:05:06',	'2025-05-06 11:05:29',	0),
(134,	'peter.pan@twoway.com.tw',	'254855',	'register',	'2025-05-06 11:21:05',	'2025-05-06 11:31:02',	1,	'success',	'2025-05-06 11:21:05',	'2025-05-06 11:21:16',	0),
(135,	'charlie.yang@xyz-lucky.com',	'444022',	'register',	'2025-05-06 11:23:16',	'2025-05-06 11:33:14',	1,	'success',	'2025-05-06 11:23:16',	'2025-05-06 11:23:28',	0),
(136,	'Kenhwang@supermicro.com',	'104377',	'register',	'2025-05-06 11:25:10',	'2025-05-06 11:35:08',	1,	'success',	'2025-05-06 11:25:10',	'2025-05-06 11:25:28',	0),
(137,	'109097@concords.com.tw',	'856530',	'register',	'2025-05-06 11:27:53',	'2025-05-06 11:37:50',	1,	'success',	'2025-05-06 11:27:53',	'2025-05-06 11:36:29',	0),
(138,	'joanbusiness77@gmail.com',	'806676',	'register',	'2025-05-06 11:57:52',	'2025-05-06 12:07:48',	1,	'success',	'2025-05-06 11:57:52',	'2025-05-06 11:58:26',	0),
(139,	'sunny@830lab.com',	'322832',	'register',	'2025-05-06 12:07:35',	'2025-05-06 12:17:32',	1,	'success',	'2025-05-06 12:07:35',	'2025-05-06 12:07:48',	0),
(140,	'go.nisshin@fabridge.co.jp',	'394865',	'register',	'2025-05-06 12:09:18',	'2025-05-06 12:19:15',	1,	'success',	'2025-05-06 12:09:18',	'2025-05-06 12:09:30',	0),
(141,	'wini.liang@jurassic.com.tw',	'744035',	'register',	'2025-05-06 12:16:19',	'2025-05-06 12:26:16',	1,	'success',	'2025-05-06 12:16:19',	'2025-05-06 12:16:35',	0),
(142,	'tsueihan.wang@gmail.com',	'429299',	'register',	'2025-05-06 12:56:13',	'2025-05-06 13:06:10',	1,	'success',	'2025-05-06 12:56:13',	'2025-05-06 12:56:24',	0),
(143,	'kaochieh@g2.usc.edu.tw',	'572068',	'register',	'2025-05-06 13:12:07',	'2025-05-06 13:22:04',	0,	'success',	'2025-05-06 13:12:07',	'2025-05-06 13:12:04',	1),
(144,	'kaochieh@g2.usc.edu.tw',	'885154',	'register',	'2025-05-06 13:12:09',	'2025-05-06 13:22:04',	1,	'success',	'2025-05-06 13:12:09',	'2025-05-06 13:15:36',	0),
(145,	'ann.chen@sti.com.tw',	'851539',	'register',	'2025-05-06 15:08:45',	'2025-05-06 15:18:41',	1,	'success',	'2025-05-06 15:08:45',	'2025-05-06 15:09:15',	0),
(146,	'Atai@acicomms.com',	'769903',	'register',	'2025-05-06 15:35:42',	'2025-05-06 15:45:39',	1,	'success',	'2025-05-06 15:35:42',	'2025-05-06 15:39:50',	0),
(147,	'thetiontea@gmail.com',	'332311',	'register',	'2025-05-06 15:57:24',	'2025-05-06 16:07:21',	1,	'success',	'2025-05-06 15:57:24',	'2025-05-06 15:58:03',	0),
(148,	'pohalu@gmail.com',	'171064',	'reset_password',	'2025-05-06 18:45:06',	'2025-05-06 18:55:03',	1,	'success',	'2025-05-06 18:45:06',	'2025-05-06 18:45:21',	0),
(149,	'pohalu@gmail.com',	'207644',	'reset_password',	'2025-05-06 18:46:20',	'2025-05-06 18:56:18',	1,	'success',	'2025-05-06 18:46:20',	'2025-05-06 18:46:33',	0),
(150,	'kellyyu@ncitrading.com.tw',	'863649',	'register',	'2025-05-07 15:04:37',	'2025-05-07 15:14:33',	1,	'success',	'2025-05-07 15:04:37',	'2025-05-07 15:05:03',	0),
(151,	'christy680@gmail.com',	'149698',	'register',	'2025-05-07 16:27:45',	'2025-05-07 16:37:43',	0,	'success',	'2025-05-07 16:27:45',	'2025-05-07 16:27:45',	0),
(152,	'christy0914@gmail.com',	'572073',	'register',	'2025-05-07 16:58:28',	'2025-05-07 17:08:25',	1,	'success',	'2025-05-07 16:58:28',	'2025-05-07 16:58:58',	0),
(153,	'christy0914@gmail.com',	'357876',	'reset_password',	'2025-05-07 17:01:12',	'2025-05-07 17:11:10',	1,	'success',	'2025-05-07 17:01:12',	'2025-05-07 17:01:51',	0),
(154,	'christy0914@gmail.com',	'599102',	'reset_password',	'2025-05-07 17:02:40',	'2025-05-07 17:12:37',	1,	'success',	'2025-05-07 17:02:40',	'2025-05-07 17:02:50',	0),
(155,	'christy0914@gmail.com',	'807281',	'register',	'2025-05-07 18:28:43',	'2025-05-07 18:38:40',	1,	'success',	'2025-05-07 18:28:43',	'2025-05-07 18:29:24',	0),
(156,	'louise.chien@tfc101.com.tw',	'540598',	'register',	'2025-05-08 10:36:09',	'2025-05-08 10:46:05',	1,	'success',	'2025-05-08 10:36:09',	'2025-05-08 10:36:46',	0),
(157,	'kith.ng@activeanimation.com.tw',	'820421',	'register',	'2025-05-08 12:33:58',	'2025-05-08 12:43:54',	1,	'success',	'2025-05-08 12:33:58',	'2025-05-08 12:34:13',	0),
(158,	'bochingyang@ncitrading.com.tw',	'295342',	'reset_password',	'2025-05-08 12:43:04',	'2025-05-08 12:53:01',	1,	'success',	'2025-05-08 12:43:04',	'2025-05-08 12:43:25',	0),
(159,	'bochingyang@ncitrading.com.tw',	'591266',	'reset_password',	'2025-05-08 12:48:01',	'2025-05-08 12:57:57',	1,	'success',	'2025-05-08 12:48:01',	'2025-05-08 12:48:18',	0),
(160,	'christy0914@gmail.com',	'851870',	'register',	'2025-05-08 15:16:20',	'2025-05-08 15:26:17',	1,	'success',	'2025-05-08 15:16:20',	'2025-05-08 15:20:33',	0),
(161,	'u06qo65@hotmail.com',	'645911',	'register',	'2025-05-08 16:22:29',	'2025-05-08 16:32:25',	1,	'success',	'2025-05-08 16:22:29',	'2025-05-08 16:23:26',	0),
(162,	'chilli310124@gmail.com',	'348676',	'register',	'2025-05-09 06:43:57',	'2025-05-09 06:53:54',	1,	'success',	'2025-05-09 06:43:57',	'2025-05-09 06:44:10',	0),
(163,	'Freddy70704@yahoo.com.tw',	'516516',	'register',	'2025-05-09 07:31:38',	'2025-05-09 07:41:35',	1,	'success',	'2025-05-09 07:31:38',	'2025-05-09 07:32:10',	0),
(164,	'a0922346646@icloud.com',	'385041',	'register',	'2025-05-09 10:13:30',	'2025-05-09 10:23:27',	0,	'success',	'2025-05-09 10:13:30',	'2025-05-09 10:16:43',	1),
(165,	'a0922346646@icloud.com',	'263233',	'register',	'2025-05-09 10:16:46',	'2025-05-09 10:26:43',	1,	'success',	'2025-05-09 10:16:46',	'2025-05-09 10:17:01',	0),
(166,	'iden574590@gmail.com',	'153409',	'register',	'2025-05-09 10:28:42',	'2025-05-09 10:38:38',	1,	'success',	'2025-05-09 10:28:42',	'2025-05-09 10:29:02',	0),
(167,	'starvanwater@gmail.com',	'707163',	'register',	'2025-05-09 11:01:57',	'2025-05-09 11:11:54',	1,	'success',	'2025-05-09 11:01:57',	'2025-05-09 11:02:39',	0),
(168,	'wei.wf.chen@fubon.com',	'491816',	'register',	'2025-05-09 14:55:00',	'2025-05-09 15:04:56',	1,	'success',	'2025-05-09 14:55:00',	'2025-05-09 14:56:02',	0),
(169,	'demo@inkslap.com',	'651572',	'reset_password',	'2025-05-10 15:55:37',	'2025-05-10 16:05:33',	0,	'success',	'2025-05-10 15:55:37',	'2025-05-10 15:55:37',	0),
(170,	'gordon.lai@icp-si.com',	'175300',	'register',	'2025-05-12 11:01:43',	'2025-05-12 11:11:40',	1,	'success',	'2025-05-12 11:01:43',	'2025-05-12 11:02:02',	0),
(171,	'lynne936546@gmail.com',	'159918',	'register',	'2025-05-12 17:39:03',	'2025-05-12 17:49:00',	1,	'success',	'2025-05-12 17:39:03',	'2025-05-12 17:39:34',	0),
(172,	'yanlin5410@gmail.com',	'255803',	'register',	'2025-05-12 18:16:36',	'2025-05-12 18:26:33',	0,	'success',	'2025-05-12 18:16:36',	'2025-05-13 18:22:10',	1),
(173,	'Weartspace@outlook.com',	'380602',	'register',	'2025-05-13 10:46:12',	'2025-05-13 10:56:08',	1,	'success',	'2025-05-13 10:46:12',	'2025-05-13 10:47:07',	0),
(174,	'christy680@hotmail.com',	'400785',	'register',	'2025-05-13 12:40:43',	'2025-05-13 12:50:41',	0,	'success',	'2025-05-13 12:40:43',	'2025-05-13 12:47:05',	1),
(175,	'christy680@hotmail.com',	'325901',	'register',	'2025-05-13 12:47:08',	'2025-05-13 12:57:05',	0,	'success',	'2025-05-13 12:47:08',	'2025-05-13 12:47:08',	0),
(176,	'Alan674688@gmail.com',	'365174',	'register',	'2025-05-13 15:58:55',	'2025-05-13 16:08:52',	1,	'success',	'2025-05-13 15:58:55',	'2025-05-13 15:59:16',	0),
(177,	'pinchia.liu@smsgroup.net',	'203667',	'register',	'2025-05-13 16:05:59',	'2025-05-13 16:15:57',	1,	'success',	'2025-05-13 16:05:59',	'2025-05-13 16:06:36',	0),
(178,	'yanlin5410@gmail.com',	'352497',	'register',	'2025-05-13 18:22:13',	'2025-05-13 18:32:10',	0,	'success',	'2025-05-13 18:22:13',	'2025-05-13 18:22:13',	0),
(179,	'21516@mail.nstc.org.tw',	'195042',	'register',	'2025-05-14 13:24:51',	'2025-05-14 13:34:48',	1,	'success',	'2025-05-14 13:24:51',	'2025-05-14 13:25:37',	0),
(180,	'lynne936546@gmail.com',	'234938',	'reset_password',	'2025-05-14 14:35:53',	'2025-05-14 14:45:51',	0,	'success',	'2025-05-14 14:35:53',	'2025-05-14 14:35:53',	0),
(181,	'christy@appx.com.tw',	'324971',	'register',	'2025-05-15 12:10:58',	'2025-05-15 12:20:54',	1,	'success',	'2025-05-15 12:10:58',	'2025-05-15 12:11:11',	0);

-- 2025-05-15 07:31:19
